filepath,label
dataset\Tomato___Bacterial_spot\1ee0cf88-307d-4c0c-af30-6031c2cbd256___GCREC_Bact.Sp 5840_final_masked.jpg,Tomato___Bacterial_spot
dataset\Tomato___Late_blight\b88f6060-ca8b-4c4d-bd4c-1ec1ae186b71___GHLB2 Leaf 8711_final_masked.jpg,Tomato___Late_blight
dataset\Tomato___Early_blight\95f5cf16-3e2d-4b96-9f3d-732cf1c60d6e___RS_Erly.B 7564_final_masked.jpg,Tomato___Early_blight
dataset\Tomato___Late_blight\71fdeb76-d0e0-40a9-8a58-22d88a1c2b2b___GHLB_PS Leaf 34.1 Day 13_final_masked.jpg,Tomato___Late_blight
dataset\Tomato___Late_blight\d7052146-5be7-4d3d-a2a7-32d4277c26a2___GHLB2ES Leaf 141_final_masked.jpg,Tomato___Late_blight
dataset\Tomato___healthy\04483b12-5e9c-4e74-a5b6-e8c87f60b43f___GH_HL Leaf 439_final_masked.jpg,Tomato___healthy
dataset\Tomato___healthy\b41196ab-88ea-4057-bf87-b1435d5a0d1d___GH_HL Leaf 258.1_final_masked.jpg,Tomato___healthy
dataset\Tomato___Bacterial_spot\a88da7e7-fe37-42e3-bbe6-784f82ed1099___GCREC_Bact.Sp 5828_final_masked.jpg,Tomato___Bacterial_spot
dataset\Tomato___Bacterial_spot\f7964e03-1651-4a72-8f28-be8626513372___GCREC_Bact.Sp 5591_final_masked.jpg,Tomato___Bacterial_spot
dataset\Tomato___Late_blight\3e01dcb7-e660-4403-861a-59a44d572565___GHLB Leaf 2 Day 7_final_masked.jpg,Tomato___Late_blight
dataset\Tomato___healthy\cae87492-704e-472a-8bc4-fea1ce042167___RS_HL 9915_final_masked.jpg,Tomato___healthy
dataset\Tomato___Early_blight\fbc07887-0306-4f85-9de9-ebb68a87753a___RS_Erly.B 7456_final_masked.jpg,Tomato___Early_blight
dataset\Tomato___Late_blight\16a3a1a3-3e8b-4192-999d-2728df11549d___RS_Late.B 4983_final_masked.jpg,Tomato___Late_blight
dataset\Tomato___Late_blight\adf760b7-e95e-4c27-a829-a1105bc53ed4___RS_Late.B 7004_final_masked.jpg,Tomato___Late_blight
dataset\Tomato___healthy\38f54137-3e02-48fb-9fc1-0d444a13c40b___GH_HL Leaf 456_final_masked.jpg,Tomato___healthy
dataset\Tomato___Late_blight\838c4952-8d91-44b9-905d-96b065683f21___RS_Late.B 6038_final_masked.jpg,Tomato___Late_blight
dataset\Tomato___Late_blight\370b9866-9a0d-4541-aaf1-cfefa1d2268c___RS_Late.B 6938_final_masked.jpg,Tomato___Late_blight
dataset\Tomato___Bacterial_spot\e59a54d3-77fa-4547-8ba6-cc5ee7b0591a___GCREC_Bact.Sp 3827_final_masked.jpg,Tomato___Bacterial_spot
dataset\Tomato___Late_blight\c0267369-b9ec-471e-b8a2-9aa3fc77b3c1___GHLB2 Leaf 9028_final_masked.jpg,Tomato___Late_blight
dataset\Tomato___Bacterial_spot\e0d1e45d-0a01-4d79-8766-11d842cc7155___UF.GRC_BS_Lab Leaf 8804_final_masked.jpg,Tomato___Bacterial_spot
dataset\Tomato___Bacterial_spot\2f8a0ddd-dbc7-4c67-a993-2e6e7c79094e___GCREC_Bact.Sp 5966_final_masked.jpg,Tomato___Bacterial_spot
dataset\Tomato___Late_blight\1c8bf271-8455-42f5-8e9f-8a92418116f9___GHLB2 Leaf 9066_final_masked.jpg,Tomato___Late_blight
dataset\Tomato___Bacterial_spot\66ba68aa-9004-44d8-91f9-e3bd1de3a183___GCREC_Bact.Sp 5548_final_masked.jpg,Tomato___Bacterial_spot
dataset\Tomato___Bacterial_spot\604cb86e-6490-4cb4-b1f4-5cb57a5823ba___GCREC_Bact.Sp 3369_final_masked.jpg,Tomato___Bacterial_spot
dataset\Tomato___Late_blight\f9f0fe7b-8c5d-4927-afc9-347aebab1ffa___RS_Late.B 4925_final_masked.jpg,Tomato___Late_blight
dataset\Tomato___healthy\97f4f8ad-c220-43f4-b25e-a6ae315057f0___RS_HL 0078_final_masked.jpg,Tomato___healthy
dataset\Tomato___healthy\8e19f6ec-51c4-496a-9970-746085371064___RS_HL 9829_final_masked.jpg,Tomato___healthy
dataset\Tomato___Late_blight\91de14a9-7d76-4975-ad9a-d1f06c99f786___RS_Late.B 6144_final_masked.jpg,Tomato___Late_blight
dataset\Tomato___Late_blight\a617c469-1174-43ab-910f-0c31a09dd0be___RS_Late.B 6085_final_masked.jpg,Tomato___Late_blight
dataset\Tomato___Bacterial_spot\cff6ca5a-84c8-4059-b63d-55127d94b23d___GCREC_Bact.Sp 6100_final_masked.jpg,Tomato___Bacterial_spot
dataset\Tomato___Early_blight\c2a64948-bda7-4a89-aec6-be714ba7cf99___RS_Erly.B 8330_final_masked.jpg,Tomato___Early_blight
dataset\Tomato___healthy\fd2fa9cc-2147-40ff-9e71-0056eb7884ed___GH_HL Leaf 285_final_masked.jpg,Tomato___healthy
dataset\Tomato___Early_blight\9ba87e80-e0d5-4b50-8f7e-a0957c370320___RS_Erly.B 8324_final_masked.jpg,Tomato___Early_blight
dataset\Tomato___Late_blight\d56280c8-1442-476c-bdc8-8bb99edad8dd___GHLB2 Leaf 8847_final_masked.jpg,Tomato___Late_blight
dataset\Tomato___Late_blight\47a9ad56-28b2-4aaa-915e-55d04bef03b7___RS_Late.B 5425_final_masked.jpg,Tomato___Late_blight
dataset\Tomato___Bacterial_spot\eea69188-8c51-4d11-9e2d-4aec3e91a078___UF.GRC_BS_Lab Leaf 8912_final_masked.jpg,Tomato___Bacterial_spot
dataset\Tomato___Bacterial_spot\a554c4d2-6eb9-438f-ae54-9477b0428ddf___GCREC_Bact.Sp 5570_final_masked.jpg,Tomato___Bacterial_spot
dataset\Tomato___healthy\4e67dd9d-8a92-4b30-bb08-2e30d34acde7___RS_HL 0245_final_masked.jpg,Tomato___healthy
dataset\Tomato___Bacterial_spot\0e3ded7b-0b9e-4c11-9db7-38eba7e0bdb2___GCREC_Bact.Sp 3598_final_masked.jpg,Tomato___Bacterial_spot
dataset\Tomato___Late_blight\ae811562-9670-4094-a791-41c848b909c4___GHLB2 Leaf 8982_final_masked.jpg,Tomato___Late_blight
dataset\Tomato___Late_blight\e55af4aa-1f1c-4300-86ca-bdcff04bef80___GHLB_PS Leaf 2 Day 9_final_masked.jpg,Tomato___Late_blight
dataset\Tomato___Late_blight\9b0836db-9e56-4dc2-ba79-2d02907eaee1___GHLB2 Leaf 9048_final_masked.jpg,Tomato___Late_blight
dataset\Tomato___Bacterial_spot\ccb77acf-506d-4ebe-a35c-12bbd9e0825f___UF.GRC_BS_Lab Leaf 0653_final_masked.jpg,Tomato___Bacterial_spot
dataset\Tomato___healthy\5575d52c-a773-41fa-a7bc-a09c1ad912f2___RS_HL 0353_final_masked.jpg,Tomato___healthy
dataset\Tomato___healthy\abab2c83-54cb-4427-b239-7f55be4d7f78___RS_HL 9709_final_masked.jpg,Tomato___healthy
dataset\Tomato___Bacterial_spot\2cc65e15-e2ac-4a59-be59-ea7882d51638___GCREC_Bact.Sp 6018_final_masked.jpg,Tomato___Bacterial_spot
dataset\Tomato___Bacterial_spot\2693b1a4-a4a2-4c40-a775-75b640e50b01___GCREC_Bact.Sp 5798_final_masked.jpg,Tomato___Bacterial_spot
dataset\Tomato___healthy\824d057f-080b-4b9e-ae96-e91d5bdf3b98___RS_HL 0380_final_masked.jpg,Tomato___healthy
dataset\Tomato___healthy\eb31ccad-06e1-43ab-90f9-e86f4cba2fed___RS_HL 0552_final_masked.jpg,Tomato___healthy
dataset\Tomato___Late_blight\bc5fd090-21b4-42d8-82b7-354a7697dc22___RS_Late.B 5546_final_masked.jpg,Tomato___Late_blight
dataset\Tomato___healthy\509601a4-652c-4666-bb90-44e4a6d98062___RS_HL 9764_final_masked.jpg,Tomato___healthy
dataset\Tomato___Bacterial_spot\cc4ae662-c07c-4aae-8868-f4711ae5d158___GCREC_Bact.Sp 3852_final_masked.jpg,Tomato___Bacterial_spot
dataset\Tomato___healthy\43014e59-9f8f-4e30-9548-22afff8a0d65___RS_HL 0201_final_masked.jpg,Tomato___healthy
dataset\Tomato___Late_blight\31514f29-0b4c-4d5a-bd8b-cb0e1264bf48___RS_Late.B 6087_final_masked.jpg,Tomato___Late_blight
dataset\Tomato___healthy\ce9cef60-51af-4e89-bbe7-bf463d767e99___RS_HL 0614_final_masked.jpg,Tomato___healthy
dataset\Tomato___Late_blight\bbb807e9-9eef-4220-bbcd-9663542c0d4e___GHLB2 Leaf 9035_final_masked.jpg,Tomato___Late_blight
dataset\Tomato___healthy\2eb4a2fa-d41e-47f1-9e3f-e49035c5b24a___RS_HL 9995_final_masked.jpg,Tomato___healthy
dataset\Tomato___Late_blight\97f6b5cb-a2aa-4846-a306-decda7f1ad73___RS_Late.B 6127_final_masked.jpg,Tomato___Late_blight
dataset\Tomato___healthy\3c8a4977-eab9-4639-b12a-c1c42c7258f3___RS_HL 0432_final_masked.jpg,Tomato___healthy
dataset\Tomato___Bacterial_spot\95a89332-3fb0-49cd-98f4-3f1551ebcd6f___UF.GRC_BS_Lab Leaf 0406_final_masked.jpg,Tomato___Bacterial_spot
dataset\Tomato___Bacterial_spot\fa416dda-9685-490c-ad69-e857e205b1fb___GCREC_Bact.Sp 6181_final_masked.jpg,Tomato___Bacterial_spot
dataset\Tomato___Bacterial_spot\fb9fb5cb-e187-481c-99ea-07b11c0936bd___GCREC_Bact.Sp 3320_final_masked.jpg,Tomato___Bacterial_spot
dataset\Tomato___Late_blight\a63362e0-5e9f-4056-b66b-2f3fc23ea932___GHLB2 Leaf 111.2_final_masked.jpg,Tomato___Late_blight
dataset\Tomato___Early_blight\313ff9e3-e43c-45b6-9879-b76a1e040eef___RS_Erly.B 8454_final_masked.jpg,Tomato___Early_blight
dataset\Tomato___Late_blight\7f2d44f1-7daa-4b13-9058-18da27dc883d___RS_Late.B 5439_final_masked.jpg,Tomato___Late_blight
dataset\Tomato___healthy\2e0a7517-332f-4799-a083-5d393172909a___RS_HL 0612_final_masked.jpg,Tomato___healthy
dataset\Tomato___Early_blight\f26a0950-0a68-4850-8945-a8aca58da4fa___RS_Erly.B 7505_final_masked.jpg,Tomato___Early_blight
dataset\Tomato___Late_blight\5025cbd9-e9e6-4c16-a9c8-b915a5e30f13___RS_Late.B 7009_final_masked.jpg,Tomato___Late_blight
dataset\Tomato___healthy\d9756e4c-11ac-4c09-8a3c-4938d56bfc1e___RS_HL 0488_final_masked.jpg,Tomato___healthy
dataset\Tomato___Late_blight\037c55c7-6e33-4b8d-af05-4d555f4e658e___GHLB_PS Leaf 42.1 Day 18_final_masked.jpg,Tomato___Late_blight
dataset\Tomato___Bacterial_spot\dabf464f-af7f-4fdb-b598-ebc369968706___GCREC_Bact.Sp 3287_final_masked.jpg,Tomato___Bacterial_spot
dataset\Tomato___Late_blight\f8ef82ce-300a-4b6d-af4d-14d5d081a9d3___RS_Late.B 6707_final_masked.jpg,Tomato___Late_blight
dataset\Tomato___Late_blight\96231bbd-d315-48e1-8631-f318b29cb60d___RS_Late.B 7080_final_masked.jpg,Tomato___Late_blight
dataset\Tomato___healthy\7b93db88-7c70-444a-9096-1812426217f7___RS_HL 0167_final_masked.jpg,Tomato___healthy
dataset\Tomato___healthy\930bcd42-1c53-414c-94e5-8b270920ed68___RS_HL 0156_final_masked.jpg,Tomato___healthy
dataset\Tomato___healthy\f0336650-0021-43e9-9e8c-d921c5532116___RS_HL 0249_final_masked.jpg,Tomato___healthy
dataset\Tomato___Bacterial_spot\c6eee071-b1e6-4237-9a0a-8f49e4665dc4___GCREC_Bact.Sp 3185_final_masked.jpg,Tomato___Bacterial_spot
dataset\Tomato___healthy\63612a6e-c1f1-4ae1-9741-52c28b264dfa___GH_HL Leaf 464_final_masked.jpg,Tomato___healthy
dataset\Tomato___Bacterial_spot\78bbfa5e-89ae-45aa-b2af-8765587861c4___GCREC_Bact.Sp 6262_final_masked.jpg,Tomato___Bacterial_spot
dataset\Tomato___Early_blight\70d0d259-85a6-4be5-8d47-dba059c5c259___RS_Erly.B 7539_final_masked.jpg,Tomato___Early_blight
dataset\Tomato___Late_blight\1f73406a-14e8-4be2-8450-9379d4f9b2b5___GHLB2 Leaf 9062_final_masked.jpg,Tomato___Late_blight
dataset\Tomato___Bacterial_spot\5bbb489c-d164-4e67-a965-6ab33a754d3f___GCREC_Bact.Sp 3016_final_masked.jpg,Tomato___Bacterial_spot
dataset\Tomato___Early_blight\84e8f373-1499-4e1e-afcc-ca5ec48d661c___RS_Erly.B 6440_final_masked.jpg,Tomato___Early_blight
dataset\Tomato___Late_blight\9125266c-1269-43ff-b813-2052f3d16a9d___GHLB2 Leaf 8536_final_masked.jpg,Tomato___Late_blight
dataset\Tomato___Bacterial_spot\581ec351-50cf-4ab7-9b6a-cbae02d623df___GCREC_Bact.Sp 2985_final_masked.jpg,Tomato___Bacterial_spot
dataset\Tomato___Bacterial_spot\35411663-291f-4dbd-a89f-7d9c8eb01d56___GCREC_Bact.Sp 3158_final_masked.jpg,Tomato___Bacterial_spot
dataset\Tomato___healthy\0a334ae6-bea3-4453-b200-85e082794d56___GH_HL Leaf 310.1_final_masked.jpg,Tomato___healthy
dataset\Tomato___Late_blight\26d22895-7a72-4e27-99b7-222618d69b7b___RS_Late.B 5111_final_masked.jpg,Tomato___Late_blight
dataset\Tomato___healthy\a882bb71-3c0f-4778-94db-9a228cfe619a___RS_HL 0095_final_masked.jpg,Tomato___healthy
dataset\Tomato___Early_blight\73bbd57a-8733-4b2a-a38d-f304ea890c62___RS_Erly.B 9548_final_masked.jpg,Tomato___Early_blight
dataset\Tomato___Early_blight\42a9a952-29d4-4a66-9dd9-65ebaac0db93___RS_Erly.B 7815_final_masked.jpg,Tomato___Early_blight
dataset\Tomato___healthy\fa55bcc1-cda8-458e-a137-579f1dc1bda8___RS_HL 9845_final_masked.jpg,Tomato___healthy
dataset\Tomato___healthy\c41aefc3-843c-49c9-8c8f-15c0e1dbc507___RS_HL 9857_final_masked.jpg,Tomato___healthy
dataset\Tomato___healthy\aa0058b5-2857-40fd-8b40-24d728574aec___RS_HL 0415_final_masked.jpg,Tomato___healthy
dataset\Tomato___Late_blight\8e06d830-df85-4b76-be46-c7814bedcd51___GHLB2 Leaf 8907_final_masked.jpg,Tomato___Late_blight
dataset\Tomato___Late_blight\014d4972-1301-46d3-afc4-56470b774137___GHLB2 Leaf 8831_final_masked.jpg,Tomato___Late_blight
dataset\Tomato___Bacterial_spot\c7281266-81e4-4ef3-a601-7662898fe565___GCREC_Bact.Sp 3148_final_masked.jpg,Tomato___Bacterial_spot
dataset\Tomato___Early_blight\1941f5d9-f31f-453e-b07c-3f90da6aa381___RS_Erly.B 8238_final_masked.jpg,Tomato___Early_blight
dataset\Tomato___Early_blight\8a13da5b-4bc2-485a-962d-df8c6634ea00___RS_Erly.B 7519_final_masked.jpg,Tomato___Early_blight
dataset\Tomato___Late_blight\1498c064-8f74-4706-bf27-4761c24b72bd___RS_Late.B 5120_final_masked.jpg,Tomato___Late_blight
dataset\Tomato___healthy\59b3cd39-7a2f-4dc0-a08b-4c88f893f338___RS_HL 9792_final_masked.jpg,Tomato___healthy
dataset\Tomato___Late_blight\b687c1bd-478f-45ea-a69d-d66f980dea08___GHLB Leaf 7 Day 6_final_masked.jpg,Tomato___Late_blight
dataset\Tomato___Early_blight\0e03c87e-b43f-4cfe-a837-71306c68f4c0___RS_Erly.B 7733_final_masked.jpg,Tomato___Early_blight
dataset\Tomato___Bacterial_spot\3f34a2bd-b608-43dc-8608-2827ab8d5c6a___GCREC_Bact.Sp 6372_final_masked.jpg,Tomato___Bacterial_spot
dataset\Tomato___Bacterial_spot\4e726fa5-592c-4e69-a29e-4fc466d82597___GCREC_Bact.Sp 3377_final_masked.jpg,Tomato___Bacterial_spot
dataset\Tomato___healthy\0d515778-61ef-4f0b-ab54-75607c80220f___RS_HL 9745_final_masked.jpg,Tomato___healthy
dataset\Tomato___healthy\9ee73ce8-ea9e-4a76-8b41-39500bdf3514___RS_HL 0110_final_masked.jpg,Tomato___healthy
dataset\Tomato___healthy\84cbb98b-5c2f-4367-8d78-52be491e66bd___GH_HL Leaf 336_final_masked.jpg,Tomato___healthy
dataset\Tomato___healthy\750a42ee-b73f-4137-934d-501b311a5528___GH_HL Leaf 330_final_masked.jpg,Tomato___healthy
dataset\Tomato___Bacterial_spot\ba30a8ef-d2b9-4c5a-8433-d52e0cdfa6fe___GCREC_Bact.Sp 3202_final_masked.jpg,Tomato___Bacterial_spot
dataset\Tomato___Bacterial_spot\fd3e89ea-d6f8-4544-8aa5-ec27578a0a7b___GCREC_Bact.Sp 3788_final_masked.jpg,Tomato___Bacterial_spot
dataset\Tomato___Late_blight\5e7a999e-6617-4c94-8c57-c1b0e1a392b9___RS_Late.B 5636_final_masked.jpg,Tomato___Late_blight
dataset\Tomato___healthy\28200010-ba2b-41f7-9dff-94d86019488e___GH_HL Leaf 366_final_masked.jpg,Tomato___healthy
dataset\Tomato___healthy\98e0a217-023f-45ad-a1b7-3719a5fdea49___GH_HL Leaf 283_final_masked.jpg,Tomato___healthy
dataset\Tomato___healthy\d95cca34-6952-4d22-9d61-6304dcce3448___GH_HL Leaf 280.1_final_masked.jpg,Tomato___healthy
dataset\Tomato___Bacterial_spot\888463af-3611-49bb-bbf3-b3b35d0496dd___UF.GRC_BS_Lab Leaf 8725_final_masked.jpg,Tomato___Bacterial_spot
dataset\Tomato___healthy\99fcb52b-0e4f-47a6-b350-1d49d26bc649___GH_HL Leaf 298_final_masked.jpg,Tomato___healthy
dataset\Tomato___Late_blight\25a83fb3-e27a-419c-a9db-652fae319fcd___RS_Late.B 6191_final_masked.jpg,Tomato___Late_blight
dataset\Tomato___Late_blight\d5b8a6e0-d0f6-4271-9d20-2e2d98834b8e___RS_Late.B 4952_final_masked.jpg,Tomato___Late_blight
dataset\Tomato___healthy\7627db62-eca7-44fd-8b81-b818575821aa___GH_HL Leaf 356.1_final_masked.jpg,Tomato___healthy
dataset\Tomato___Bacterial_spot\4b3b4550-4629-4b5d-9b6a-5af474c6066e___GCREC_Bact.Sp 3850_final_masked.jpg,Tomato___Bacterial_spot
dataset\Tomato___Bacterial_spot\cef66036-f0d8-4ab8-898f-8269c2051331___UF.GRC_BS_Lab Leaf 9071_final_masked.jpg,Tomato___Bacterial_spot
dataset\Tomato___healthy\93807606-0aed-435b-adb2-cf303a7d586e___RS_HL 0135_final_masked.jpg,Tomato___healthy
dataset\Tomato___healthy\da7db6e5-d5d5-489a-b1b2-9b3a880cebaa___RS_HL 9769_final_masked.jpg,Tomato___healthy
dataset\Tomato___Bacterial_spot\ccafbe60-2783-45b3-a73b-16f93a301cf5___GCREC_Bact.Sp 3395_final_masked.jpg,Tomato___Bacterial_spot
dataset\Tomato___Bacterial_spot\3ff6609e-918b-4642-8798-10ed02b1d36d___GCREC_Bact.Sp 6050_final_masked.jpg,Tomato___Bacterial_spot
dataset\Tomato___Bacterial_spot\77240aeb-e455-4062-907c-43be7bac78b9___GCREC_Bact.Sp 5964_final_masked.jpg,Tomato___Bacterial_spot
dataset\Tomato___Late_blight\ac89de10-2de8-40a4-8f6e-f0a37e97cd57___RS_Late.B 5126_final_masked.jpg,Tomato___Late_blight
dataset\Tomato___Early_blight\c63ff9c7-0422-4a71-8727-7c2581fdee6e___RS_Erly.B 9406_final_masked.jpg,Tomato___Early_blight
dataset\Tomato___healthy\1ebf9add-aa7f-4a84-adbf-67f700f918bc___GH_HL Leaf 437_final_masked.jpg,Tomato___healthy
dataset\Tomato___Late_blight\42bc64dd-b367-4cc0-b5df-689c1e86705d___RS_Late.B 4906_final_masked.jpg,Tomato___Late_blight
dataset\Tomato___Bacterial_spot\8fb90166-3c4a-4553-a920-54b529dbaf24___UF.GRC_BS_Lab Leaf 0271_final_masked.jpg,Tomato___Bacterial_spot
dataset\Tomato___healthy\50c710e2-ad13-4b3a-a829-65d51ead21ff___GH_HL Leaf 269_final_masked.jpg,Tomato___healthy
dataset\Tomato___Late_blight\03ccfc6a-8142-4f46-8eb5-f7fc77978081___RS_Late.B 4916_final_masked.jpg,Tomato___Late_blight
dataset\Tomato___healthy\f433b7ce-cddb-4f22-8b0f-2376789c45f1___GH_HL Leaf 337_final_masked.jpg,Tomato___healthy
dataset\Tomato___healthy\22356f83-9bb2-4b42-9283-bbf8e0dffba0___RS_HL 0430_final_masked.jpg,Tomato___healthy
dataset\Tomato___Late_blight\fc77b008-6f35-40c7-96d4-64660bb624dc___GHLB2 Leaf 8812_final_masked.jpg,Tomato___Late_blight
dataset\Tomato___Early_blight\7d8a95e9-ea83-44f4-9f7c-ad4692b1ce1f___RS_Erly.B 7534_final_masked.jpg,Tomato___Early_blight
dataset\Tomato___Bacterial_spot\38ef51e1-c793-4a6c-b17d-e066bcd533c8___GCREC_Bact.Sp 5639_final_masked.jpg,Tomato___Bacterial_spot
dataset\Tomato___healthy\28e62e2d-8aba-48df-9eff-3d70a5b7775d___RS_HL 9870_final_masked.jpg,Tomato___healthy
dataset\Tomato___healthy\125ff07a-87f1-4953-9ded-8f9e5adb7b1b___RS_HL 0470_final_masked.jpg,Tomato___healthy
dataset\Tomato___Early_blight\bb843f3f-a4cd-4a42-94ff-152199d78895___RS_Erly.B 7381_final_masked.jpg,Tomato___Early_blight
dataset\Tomato___Bacterial_spot\eaea12c1-998c-4853-ba5e-95c8cb08c4b9___GCREC_Bact.Sp 3324_final_masked.jpg,Tomato___Bacterial_spot
dataset\Tomato___Bacterial_spot\291aa719-2698-4449-9e9c-095cfc04da6f___GCREC_Bact.Sp 6196_final_masked.jpg,Tomato___Bacterial_spot
dataset\Tomato___healthy\20249fbb-29c5-40fb-985e-5a0b9f0e67b1___RS_HL 0117_final_masked.jpg,Tomato___healthy
dataset\Tomato___healthy\ecf64cfc-d521-48af-bb48-06edc78074c5___GH_HL Leaf 323_final_masked.jpg,Tomato___healthy
dataset\Tomato___Early_blight\acc5fb41-7b03-44c2-8167-47346b97791a___RS_Erly.B 8320_final_masked.jpg,Tomato___Early_blight
dataset\Tomato___healthy\07b44f68-fa0b-44b5-91cc-c6a7144fcc93___RS_HL 0357_final_masked.jpg,Tomato___healthy
dataset\Tomato___Early_blight\00c5c908-fc25-4710-a109-db143da23112___RS_Erly.B 7778_final_masked.jpg,Tomato___Early_blight
dataset\Tomato___healthy\6c93e40c-bd94-4583-8651-2b9d7215a392___RS_HL 0054_final_masked.jpg,Tomato___healthy
dataset\Tomato___Late_blight\fcaf83f1-ddaa-4faf-a4aa-f657f5342474___RS_Late.B 6278_final_masked.jpg,Tomato___Late_blight
dataset\Tomato___healthy\9397ecfe-6f1f-47cf-8549-43711ec0e734___GH_HL Leaf 213_final_masked.jpg,Tomato___healthy
dataset\Tomato___healthy\0d615a38-cfa4-45e4-b1b4-9977220e19ca___RS_HL 9815_final_masked.jpg,Tomato___healthy
dataset\Tomato___Early_blight\99baac4a-7079-4c68-b2bf-c9cf123ddffc___RS_Erly.B 7619_final_masked.jpg,Tomato___Early_blight
dataset\Tomato___healthy\e2991a66-412d-4841-8dc0-524e38338a82___GH_HL Leaf 517.1_final_masked.jpg,Tomato___healthy
dataset\Tomato___Bacterial_spot\0a22f50a-5f25-4cf6-816b-76cae94b7f30___GCREC_Bact.Sp 6103_final_masked.jpg,Tomato___Bacterial_spot
dataset\Tomato___healthy\000146ff-92a4-4db6-90ad-8fce2ae4fddd___GH_HL Leaf 259.1_final_masked.jpg,Tomato___healthy
dataset\Tomato___healthy\cbb3f283-baaa-40b1-9e46-3414d8f74f99___GH_HL Leaf 231.1_final_masked.jpg,Tomato___healthy
dataset\Tomato___Late_blight\81425428-d995-492c-80ba-c28564d8f317___RS_Late.B 6265_final_masked.jpg,Tomato___Late_blight
dataset\Tomato___Bacterial_spot\4520a2cd-8c13-443a-a83e-8310fa9cb0d8___GCREC_Bact.Sp 6225_final_masked.jpg,Tomato___Bacterial_spot
dataset\Tomato___Bacterial_spot\83ecce4f-12d0-4d5a-8c65-8f0b2b24de73___GCREC_Bact.Sp 3259_final_masked.jpg,Tomato___Bacterial_spot
dataset\Tomato___Late_blight\aee192d9-666e-4ef8-aa5e-86d09d14216c___GHLB2 Leaf 8582_final_masked.jpg,Tomato___Late_blight
dataset\Tomato___healthy\69d1a3dc-54cd-4917-99b7-a315d7932edf___GH_HL Leaf 347.1_final_masked.jpg,Tomato___healthy
dataset\Tomato___Early_blight\e63371a7-2fb1-4446-9fb2-6d679485d2b0___RS_Erly.B 8415_final_masked.jpg,Tomato___Early_blight
dataset\Tomato___Late_blight\f7be50b3-65ad-4d0d-9c7f-55ab2de07b1b___GHLB_PS Leaf 19 Day 8_final_masked.jpg,Tomato___Late_blight
dataset\Tomato___Bacterial_spot\95c643fe-b526-467b-bc19-65e0f5f745f8___GCREC_Bact.Sp 6378_final_masked.jpg,Tomato___Bacterial_spot
dataset\Tomato___Early_blight\d452210c-ee07-4a6e-a0e0-15676dafacb1___RS_Erly.B 7419_final_masked.jpg,Tomato___Early_blight
dataset\Tomato___Bacterial_spot\3c7e6602-8832-4502-9a10-fc06389b9604___UF.GRC_BS_Lab Leaf 0641_final_masked.jpg,Tomato___Bacterial_spot
dataset\Tomato___Late_blight\757868c3-554d-4d29-bec3-fee3d8200c38___GHLB2 Leaf 9080_final_masked.jpg,Tomato___Late_blight
dataset\Tomato___Bacterial_spot\095f2dd4-7e65-44ab-a867-c5d9634ec532___GCREC_Bact.Sp 3801_final_masked.jpg,Tomato___Bacterial_spot
dataset\Tomato___healthy\9299f3e8-15ee-4cf2-997a-058bb19900a5___RS_HL 9781_final_masked.jpg,Tomato___healthy
dataset\Tomato___Late_blight\a647b254-deb0-427d-89e4-05eedfeeffea___RS_Late.B 5106_final_masked.jpg,Tomato___Late_blight
dataset\Tomato___Early_blight\e219e45e-3a8e-46dc-9621-9914f42bf3af___RS_Erly.B 7838_final_masked.jpg,Tomato___Early_blight
dataset\Tomato___Bacterial_spot\b6d72c2e-9e41-4215-af23-8e84d94d839f___UF.GRC_BS_Lab Leaf 9065_final_masked.jpg,Tomato___Bacterial_spot
dataset\Tomato___Late_blight\46e4103f-f240-48cc-ae17-9466fcbec332___RS_Late.B 6650_final_masked.jpg,Tomato___Late_blight
dataset\Tomato___Bacterial_spot\52ca9334-9911-476d-a130-f44e033aeda1___UF.GRC_BS_Lab Leaf 0244_final_masked.jpg,Tomato___Bacterial_spot
dataset\Tomato___Late_blight\a58b9916-46bd-49c2-b26e-de46080fdeee___GHLB2 Leaf 8879_final_masked.jpg,Tomato___Late_blight
dataset\Tomato___healthy\72361f8d-d158-48b5-a77e-f10cbaf7b29f___RS_HL 0118_final_masked.jpg,Tomato___healthy
dataset\Tomato___Late_blight\442f2aa6-9341-4f25-b789-edb5c9ac078b___GHLB2 Leaf 8846_final_masked.jpg,Tomato___Late_blight
dataset\Tomato___Early_blight\c684e255-de5d-4905-b934-962180be33cb___RS_Erly.B 7353_final_masked.jpg,Tomato___Early_blight
dataset\Tomato___healthy\1a972145-610d-4efe-96e7-e0253c4ece4a___GH_HL Leaf 237.1_final_masked.jpg,Tomato___healthy
dataset\Tomato___Early_blight\6fbefe16-4635-4a03-b245-65594ded39cf___RS_Erly.B 7654_final_masked.jpg,Tomato___Early_blight
dataset\Tomato___Late_blight\b5397b14-c009-41b4-b828-45203ffa2d22___GHLB2 Leaf 8986_final_masked.jpg,Tomato___Late_blight
dataset\Tomato___Late_blight\1510bf70-ab9e-43df-b5d9-9b5e4352e66b___GHLB2 Leaf 118_final_masked.jpg,Tomato___Late_blight
dataset\Tomato___Bacterial_spot\b0ffcaa8-a798-4904-bceb-518fc36aec43___GCREC_Bact.Sp 6327_final_masked.jpg,Tomato___Bacterial_spot
dataset\Tomato___healthy\a8264fd4-d1e7-4114-b1e1-51b0f141db03___GH_HL Leaf 243_final_masked.jpg,Tomato___healthy
dataset\Tomato___Bacterial_spot\41ad4c6f-cc69-438e-ac9a-431fc692824b___GCREC_Bact.Sp 3372_final_masked.jpg,Tomato___Bacterial_spot
dataset\Tomato___Late_blight\8f6e4229-2e6c-409c-8e9b-e3573a478b8a___RS_Late.B 5044_final_masked.jpg,Tomato___Late_blight
dataset\Tomato___Bacterial_spot\01a46cb5-d354-4f59-868e-e56186701541___GCREC_Bact.Sp 5638_final_masked.jpg,Tomato___Bacterial_spot
dataset\Tomato___Late_blight\a1f1f31f-36ab-49a9-bfb4-aa21ed90dfbc___RS_Late.B 4874_final_masked.jpg,Tomato___Late_blight
dataset\Tomato___Bacterial_spot\a041286d-15de-4137-a8ce-d194e04905cc___GCREC_Bact.Sp 3556_final_masked.jpg,Tomato___Bacterial_spot
dataset\Tomato___Bacterial_spot\887eab5c-9475-46b7-81df-ea2c5190e7fe___GCREC_Bact.Sp 6026_final_masked.jpg,Tomato___Bacterial_spot
dataset\Tomato___Late_blight\e60c6680-9c50-4063-9eb9-6e77980afcfa___RS_Late.B 5343_final_masked.jpg,Tomato___Late_blight
dataset\Tomato___Bacterial_spot\54672dba-a230-438b-a8a3-ce4b3b456254___GCREC_Bact.Sp 3562_final_masked.jpg,Tomato___Bacterial_spot
dataset\Tomato___Late_blight\61009f0a-e08d-46fb-b03d-270d2323ceff___GHLB Leaf 23.1 Day 12_final_masked.jpg,Tomato___Late_blight
dataset\Tomato___Bacterial_spot\a75edffc-d484-41ea-adb2-8808748a53db___GCREC_Bact.Sp 5608_final_masked.jpg,Tomato___Bacterial_spot
dataset\Tomato___Bacterial_spot\5b3d632e-acdb-4864-bae6-730306b44cd5___GCREC_Bact.Sp 3710_final_masked.jpg,Tomato___Bacterial_spot
dataset\Tomato___Bacterial_spot\bd7ff95f-02e5-491a-8bf9-5f2ac2277e7c___UF.GRC_BS_Lab Leaf 0932_final_masked.jpg,Tomato___Bacterial_spot
dataset\Tomato___Late_blight\badd718d-0a43-411b-889c-d46a01834dba___RS_Late.B 5547_final_masked.jpg,Tomato___Late_blight
dataset\Tomato___Bacterial_spot\d6185a8e-8ac1-4307-841a-f5e862b26a4d___GCREC_Bact.Sp 3179_final_masked.jpg,Tomato___Bacterial_spot
dataset\Tomato___Late_blight\b6b9bd13-78ec-4e89-bbd7-a45d6a8ff3fb___RS_Late.B 6590_final_masked.jpg,Tomato___Late_blight
dataset\Tomato___Early_blight\4fd3f0e7-cdd9-4151-8734-5f0ad1f52614___RS_Erly.B 9564_final_masked.jpg,Tomato___Early_blight
dataset\Tomato___healthy\b2e63ab4-09d6-4b43-8767-6ce042e080b5___RS_HL 0309_final_masked.jpg,Tomato___healthy
dataset\Tomato___Late_blight\8d025d16-0058-42b5-82b5-4cd88dd6f110___GHLB2 Leaf 8785_final_masked.jpg,Tomato___Late_blight
dataset\Tomato___Bacterial_spot\54b4add6-a01f-4a1e-a7cf-fb1db09e853a___GCREC_Bact.Sp 3584_final_masked.jpg,Tomato___Bacterial_spot
dataset\Tomato___healthy\bef34d1a-3d57-4b46-a4ac-70702a4ca5db___RS_HL 9799_final_masked.jpg,Tomato___healthy
dataset\Tomato___Late_blight\0990b491-dd31-4b62-aa5a-c7bce97d552c___RS_Late.B 5558_final_masked.jpg,Tomato___Late_blight
dataset\Tomato___Late_blight\6dcf84e4-bfbc-467d-83d8-546c22779f6d___GHLB2 Leaf 76.1_final_masked.jpg,Tomato___Late_blight
dataset\Tomato___Late_blight\1cb5d336-3649-49bf-aa9a-72950067b8b0___GHLB_PS Leaf 12 Day 9_final_masked.jpg,Tomato___Late_blight
dataset\Tomato___Bacterial_spot\5b69f555-2033-48e7-83e7-9ff798eac600___GCREC_Bact.Sp 6395_final_masked.jpg,Tomato___Bacterial_spot
dataset\Tomato___Early_blight\21d6c7aa-20d7-4434-9248-e21d073e165a___RS_Erly.B 7495_final_masked.jpg,Tomato___Early_blight
dataset\Tomato___healthy\47a87555-1411-43a3-85d2-5fb241ec089d___GH_HL Leaf 177.2_final_masked.jpg,Tomato___healthy
dataset\Tomato___Late_blight\830fab73-df27-4430-ba0a-2b638be3b6b4___GHLB2 Leaf 8946_final_masked.jpg,Tomato___Late_blight
dataset\Tomato___Early_blight\9fcb89e0-c94e-427f-930b-73b4d12b8690___RS_Erly.B 9495_final_masked.jpg,Tomato___Early_blight
dataset\Tomato___Late_blight\9c6ebcdb-460b-431d-88d7-56beddc7a490___RS_Late.B 7002_final_masked.jpg,Tomato___Late_blight
dataset\Tomato___Late_blight\5eefbe91-fb95-4d86-8954-bea6b3637a9d___RS_Late.B 6444_final_masked.jpg,Tomato___Late_blight
dataset\Tomato___Late_blight\19f3e2cd-2900-4043-bb15-31a0098d26b9___RS_Late.B 5197_final_masked.jpg,Tomato___Late_blight
dataset\Tomato___Early_blight\c78c9d19-e83d-4c3b-a690-e6e3b95c979d___RS_Erly.B 9569_final_masked.jpg,Tomato___Early_blight
dataset\Tomato___Early_blight\5d998134-578b-481e-9b88-df0134eb567b___RS_Erly.B 7626_final_masked.jpg,Tomato___Early_blight
dataset\Tomato___healthy\ae0ad0c2-8693-4aff-8c4b-2f4d2d6f7f41___RS_HL 0454_final_masked.jpg,Tomato___healthy
dataset\Tomato___Bacterial_spot\e5ebe0ed-8be8-46c8-a209-32b00ad5f65e___GCREC_Bact.Sp 6033_final_masked.jpg,Tomato___Bacterial_spot
dataset\Tomato___Bacterial_spot\d9a70403-c329-47af-8f48-6e7dcfbb069f___GCREC_Bact.Sp 3023_final_masked.jpg,Tomato___Bacterial_spot
dataset\Tomato___Late_blight\ad21ff2c-af70-45c3-9971-c52283394742___GHLB2 Leaf 8596_final_masked.jpg,Tomato___Late_blight
dataset\Tomato___Late_blight\f8176522-163b-48ee-a1a2-ea94c782b4ad___RS_Late.B 6137_final_masked.jpg,Tomato___Late_blight
dataset\Tomato___healthy\3200dbab-2da4-49c9-bd74-34d67e763b22___RS_HL 0562_final_masked.jpg,Tomato___healthy
dataset\Tomato___Late_blight\3bc6d2f7-c1ed-4e66-b3de-277aadac6785___GHLB2 Leaf 163_final_masked.jpg,Tomato___Late_blight
dataset\Tomato___Bacterial_spot\f1f7f16d-7794-4ac9-9962-32a5320d38fd___GCREC_Bact.Sp 6234_final_masked.jpg,Tomato___Bacterial_spot
dataset\Tomato___Bacterial_spot\2ca9ca04-4520-46bd-8a08-f6f9f95e7369___GCREC_Bact.Sp 6082_final_masked.jpg,Tomato___Bacterial_spot
dataset\Tomato___Late_blight\45fefdc6-a9a7-4955-8066-146efe1c8a1c___GHLB_PS Leaf 27 Day 9_final_masked.jpg,Tomato___Late_blight
dataset\Tomato___Late_blight\973b8b82-cccd-433c-a868-5dee559b2dce___GHLB Leaf 2.6 Day 12_final_masked.jpg,Tomato___Late_blight
dataset\Tomato___Bacterial_spot\39397863-767f-4187-b580-f4fb2279dfe6___GCREC_Bact.Sp 3687_final_masked.jpg,Tomato___Bacterial_spot
dataset\Tomato___Late_blight\9c8ae903-054b-4c55-bce9-5a1752771123___GHLB2 Leaf 8855_final_masked.jpg,Tomato___Late_blight
dataset\Tomato___Late_blight\a4008f85-d333-4ca8-87c2-e8c9c68ed19a___RS_Late.B 6461_final_masked.jpg,Tomato___Late_blight
dataset\Tomato___Late_blight\781582d3-8bad-4e20-9073-e1fa1b50abba___RS_Late.B 6269_final_masked.jpg,Tomato___Late_blight
dataset\Tomato___Late_blight\5ee4e525-31bd-415c-9f64-30746c2434d7___RS_Late.B 4883_final_masked.jpg,Tomato___Late_blight
dataset\Tomato___Late_blight\8f1b814d-d9c9-4093-8b6e-6d3a58133d55___RS_Late.B 6771_final_masked.jpg,Tomato___Late_blight
dataset\Tomato___Bacterial_spot\ee21b0ab-9f7c-4d95-99db-5d53dcfd5c1b___GCREC_Bact.Sp 3770_final_masked.jpg,Tomato___Bacterial_spot
dataset\Tomato___Bacterial_spot\5309ae2f-a913-4fa1-82f4-d4f34ef72cee___GCREC_Bact.Sp 3335_final_masked.jpg,Tomato___Bacterial_spot
dataset\Tomato___Bacterial_spot\a9081e18-5a97-428a-af5d-6788d430d152___GCREC_Bact.Sp 3347_final_masked.jpg,Tomato___Bacterial_spot
dataset\Tomato___Bacterial_spot\86ab9425-c1a6-41e5-b626-0e63d5fe1706___GCREC_Bact.Sp 3836_final_masked.jpg,Tomato___Bacterial_spot
dataset\Tomato___Late_blight\1e2fe7d3-3d69-4cf6-aef7-e9975940bd40___GHLB2 Leaf 77_final_masked.jpg,Tomato___Late_blight
dataset\Tomato___healthy\f54a5053-dca2-4460-bd8d-27be3eb1e9b4___GH_HL Leaf 495.1_final_masked.jpg,Tomato___healthy
dataset\Tomato___Late_blight\5f774121-b3b2-46fd-a67c-f4d8caf93e5a___GHLB2ES Leaf 66.1_final_masked.jpg,Tomato___Late_blight
dataset\Tomato___Late_blight\5d8d97e7-8a2f-459f-a610-c26af46c7f5f___GHLB_PS Leaf 25.2 Day 16_final_masked.jpg,Tomato___Late_blight
dataset\Tomato___Bacterial_spot\5e1bc867-05f6-4749-af57-60a73435bba2___GCREC_Bact.Sp 6027_final_masked.jpg,Tomato___Bacterial_spot
dataset\Tomato___Bacterial_spot\147fdb22-0a8b-46d7-8573-784d29b9d9cc___GCREC_Bact.Sp 6386_final_masked.jpg,Tomato___Bacterial_spot
dataset\Tomato___Late_blight\7bf1decf-376a-4ee7-836e-23f60aee5d46___RS_Late.B 6179_final_masked.jpg,Tomato___Late_blight
dataset\Tomato___Late_blight\c02d8671-0b42-4fb3-a7c7-5bbb002ca6d3___GHLB2 Leaf 8935_final_masked.jpg,Tomato___Late_blight
dataset\Tomato___Early_blight\ed68595a-4d05-413c-a173-fa32cc8aae38___RS_Erly.B 7635_final_masked.jpg,Tomato___Early_blight
dataset\Tomato___Early_blight\e81dfd96-227c-41a7-8cf8-dbc14f2e4b33___RS_Erly.B 7407_final_masked.jpg,Tomato___Early_blight
dataset\Tomato___healthy\be5a8881-cc33-42c0-adc7-52d2380a9902___GH_HL Leaf 505.4_final_masked.jpg,Tomato___healthy
dataset\Tomato___Bacterial_spot\fd7e07cc-7fdf-4203-be7c-8ff2e323e71d___GCREC_Bact.Sp 3533_final_masked.jpg,Tomato___Bacterial_spot
dataset\Tomato___Early_blight\bde8917a-9b0c-4a7b-8ff1-26f31609d6d7___RS_Erly.B 7750_final_masked.jpg,Tomato___Early_blight
dataset\Tomato___healthy\67dfa474-5a26-4bfb-a7ea-33f6f6f7a497___RS_HL 9794_final_masked.jpg,Tomato___healthy
dataset\Tomato___Late_blight\8b58a065-ad58-4f19-b621-5e6eb2d77993___RS_Late.B 7131_final_masked.jpg,Tomato___Late_blight
dataset\Tomato___Early_blight\a442ef7e-3c93-45d9-85c0-5fa66fe32bb8___RS_Erly.B 7504_final_masked.jpg,Tomato___Early_blight
dataset\Tomato___Bacterial_spot\5c973c59-c8da-4a3a-bd99-a645d0f83936___GCREC_Bact.Sp 6362_final_masked.jpg,Tomato___Bacterial_spot
dataset\Tomato___Late_blight\86a7b7d2-8783-4622-84d7-a4a420ee10ba___RS_Late.B 6546_final_masked.jpg,Tomato___Late_blight
dataset\Tomato___Late_blight\1430346f-f3f2-4766-bd0e-c6f9316851e9___RS_Late.B 6311_final_masked.jpg,Tomato___Late_blight
dataset\Tomato___Bacterial_spot\7334e742-de72-4561-9b0d-cdd8bc3313e7___GCREC_Bact.Sp 3066_final_masked.jpg,Tomato___Bacterial_spot
dataset\Tomato___Early_blight\d5690b72-b319-457e-a837-0e38915aab55___RS_Erly.B 7347_final_masked.jpg,Tomato___Early_blight
dataset\Tomato___Early_blight\f035e3c9-069a-4392-9f0c-80262511f616___RS_Erly.B 9373_final_masked.jpg,Tomato___Early_blight
dataset\Tomato___Bacterial_spot\dc8612c8-6b25-4bf7-b6e8-49b20fda59ee___GCREC_Bact.Sp 3380_final_masked.jpg,Tomato___Bacterial_spot
dataset\Tomato___Late_blight\142fbb48-886a-4b2b-8a2a-52e548e7e2b7___GHLB2 Leaf 117.3_final_masked.jpg,Tomato___Late_blight
dataset\Tomato___Bacterial_spot\64d5ec90-b356-4ce8-9ad4-2a152d98782e___GCREC_Bact.Sp 5557_final_masked.jpg,Tomato___Bacterial_spot
dataset\Tomato___Bacterial_spot\07238109-52ed-4369-b16c-6f5844858b81___UF.GRC_BS_Lab Leaf 0447_final_masked.jpg,Tomato___Bacterial_spot
dataset\Tomato___Bacterial_spot\b23d2980-58f7-4e83-b8f2-69214abf4bfc___GCREC_Bact.Sp 3529_final_masked.jpg,Tomato___Bacterial_spot
dataset\Tomato___Late_blight\024dc5bb-7990-4256-b2b4-a8495b71cbd4___RS_Late.B 6064_final_masked.jpg,Tomato___Late_blight
dataset\Tomato___healthy\21f1c16d-2d7f-44e6-a2e4-7d830dfbfda3___RS_HL 9996_final_masked.jpg,Tomato___healthy
dataset\Tomato___Bacterial_spot\7d5c4263-84e6-40c1-ac2d-bb9bfae35890___UF.GRC_BS_Lab Leaf 0905_final_masked.jpg,Tomato___Bacterial_spot
dataset\Tomato___healthy\e30f24b2-c298-4853-8fda-9e67b3738a55___GH_HL Leaf 287_final_masked.jpg,Tomato___healthy
dataset\Tomato___Bacterial_spot\19969ddc-0cdd-42f6-bbc4-351752a7ccec___GCREC_Bact.Sp 3428_final_masked.jpg,Tomato___Bacterial_spot
dataset\Tomato___Bacterial_spot\762e1022-3ed8-4d96-9f05-e22c0757c8ba___UF.GRC_BS_Lab Leaf 0774_final_masked.jpg,Tomato___Bacterial_spot
dataset\Tomato___Bacterial_spot\ba2bdb7a-35c7-4842-a8e0-af3eac603cad___GCREC_Bact.Sp 6034_final_masked.jpg,Tomato___Bacterial_spot
dataset\Tomato___Late_blight\77793164-1671-42f7-83a2-f13074ec4892___GHLB Leaf 2 Day 6_final_masked.jpg,Tomato___Late_blight
dataset\Tomato___Late_blight\507ffea4-183f-48c4-af97-d1201c99da5f___GHLB2 Leaf 8895_final_masked.jpg,Tomato___Late_blight
dataset\Tomato___Bacterial_spot\c3611ed0-7bb3-47cd-bfac-86cd6f44b5ef___UF.GRC_BS_Lab Leaf 0979_final_masked.jpg,Tomato___Bacterial_spot
dataset\Tomato___Early_blight\29f5538a-fda9-4040-81c2-02269a45ad68___RS_Erly.B 7670_final_masked.jpg,Tomato___Early_blight
dataset\Tomato___Late_blight\2077acd5-80d2-421f-8641-308048d44651___GHLB2 Leaf 8678_final_masked.jpg,Tomato___Late_blight
dataset\Tomato___healthy\633b3f16-21a5-4e44-b9fe-8ba149264915___RS_HL 0482_final_masked.jpg,Tomato___healthy
dataset\Tomato___Early_blight\7763d482-8290-46f4-83aa-edb87ae15297___RS_Erly.B 7766_final_masked.jpg,Tomato___Early_blight
dataset\Tomato___Late_blight\4be2e7c4-f539-41c3-975b-a1ff17b516ec___GHLB_PS Leaf 2 Day 8_final_masked.jpg,Tomato___Late_blight
dataset\Tomato___Late_blight\1fa37cd4-066e-4deb-ab99-5fa8dcc4481c___RS_Late.B 5454_final_masked.jpg,Tomato___Late_blight
dataset\Tomato___Bacterial_spot\8d51e875-d780-41a6-958a-44e3279ad058___GCREC_Bact.Sp 6184_final_masked.jpg,Tomato___Bacterial_spot
dataset\Tomato___Bacterial_spot\2353ecb8-d1bb-4e2c-bb0f-7a0c90b5cdf4___UF.GRC_BS_Lab Leaf 8717_final_masked.jpg,Tomato___Bacterial_spot
dataset\Tomato___Late_blight\0fa1b773-fe9f-4440-ab2a-cfbc39c9cd2b___RS_Late.B 6230_final_masked.jpg,Tomato___Late_blight
dataset\Tomato___Bacterial_spot\500ac3b7-1e92-4cd1-8c80-9e5270cf02d4___GCREC_Bact.Sp 6210_final_masked.jpg,Tomato___Bacterial_spot
dataset\Tomato___healthy\5d11d60f-fb4a-4178-9594-d017a0f51b59___GH_HL Leaf 271_final_masked.jpg,Tomato___healthy
dataset\Tomato___Early_blight\411f8908-2bb4-45dc-b1d1-314cc951f0a9___RS_Erly.B 9526_final_masked.jpg,Tomato___Early_blight
dataset\Tomato___healthy\0d932b2a-584e-4971-8590-70c5f0a049cf___RS_HL 9739_final_masked.jpg,Tomato___healthy
dataset\Tomato___Late_blight\c3a42f36-c157-43ce-b12b-af47bf026171___GHLB2 Leaf 105.1_final_masked.jpg,Tomato___Late_blight
dataset\Tomato___Early_blight\cef9fa90-aca2-4354-b79e-2486409ac685___RS_Erly.B 7563_final_masked.jpg,Tomato___Early_blight
dataset\Tomato___Early_blight\07502bbb-1733-4d49-a3dc-557b1d4391da___RS_Erly.B 7516_final_masked.jpg,Tomato___Early_blight
dataset\Tomato___Bacterial_spot\be344c1c-8799-4065-bd7a-d94dd7873520___GCREC_Bact.Sp 6214_final_masked.jpg,Tomato___Bacterial_spot
dataset\Tomato___healthy\6200ddc6-ea83-42e0-9936-4f82cfa14a1f___RS_HL 9976_final_masked.jpg,Tomato___healthy
dataset\Tomato___Bacterial_spot\d3cdfba0-2224-460b-9c74-194c38d43df8___GCREC_Bact.Sp 3358_final_masked.jpg,Tomato___Bacterial_spot
dataset\Tomato___Late_blight\b3e8d2db-5531-41cc-86ce-d4ac76c5be56___RS_Late.B 7070_final_masked.jpg,Tomato___Late_blight
dataset\Tomato___Late_blight\ec658169-804d-46eb-b014-30a3ce6abdb6___GHLB2 Leaf 8899_final_masked.jpg,Tomato___Late_blight
dataset\Tomato___Late_blight\5fe78bd1-bf00-4863-93b9-5dc3ca8fbba4___RS_Late.B 5444_final_masked.jpg,Tomato___Late_blight
dataset\Tomato___Late_blight\02fe963e-7c68-4fd3-9f8f-36bf9e153c20___GHLB2 Leaf 8581_final_masked.jpg,Tomato___Late_blight
dataset\Tomato___Late_blight\ecacf5db-abcf-408c-b41a-93e339fbfc0c___RS_Late.B 6405_final_masked.jpg,Tomato___Late_blight
dataset\Tomato___healthy\ca553e23-a738-485a-95e6-3b578477d3f4___RS_HL 9854_final_masked.jpg,Tomato___healthy
dataset\Tomato___Bacterial_spot\611c6fa8-d805-4956-a786-2a4522c59f71___GCREC_Bact.Sp 5616_final_masked.jpg,Tomato___Bacterial_spot
dataset\Tomato___Early_blight\e5f8bd02-fa52-4ba0-9074-cb7618adacda___RS_Erly.B 9617_final_masked.jpg,Tomato___Early_blight
dataset\Tomato___Bacterial_spot\a6387ef1-52bc-4596-a3a4-e0b8c3c46708___GCREC_Bact.Sp 6272_final_masked.jpg,Tomato___Bacterial_spot
dataset\Tomato___healthy\225003c5-d8a1-48ce-b315-42df4b99c51a___RS_HL 0464_final_masked.jpg,Tomato___healthy
dataset\Tomato___Late_blight\c1b4525c-bbef-4cef-ae46-ed82b0ba2f48___RS_Late.B 6996_final_masked.jpg,Tomato___Late_blight
dataset\Tomato___Bacterial_spot\fc594562-7b84-4049-8095-7e23b7ecba2f___GCREC_Bact.Sp 5910_final_masked.jpg,Tomato___Bacterial_spot
dataset\Tomato___Late_blight\7e77fde0-ab1b-4256-be51-0f6eecf85007___RS_Late.B 6995_final_masked.jpg,Tomato___Late_blight
dataset\Tomato___Bacterial_spot\edcbb73e-46f6-4798-bcdd-7c4477b6b9cf___GCREC_Bact.Sp 3214_final_masked.jpg,Tomato___Bacterial_spot
dataset\Tomato___Early_blight\3af16e88-1b4d-46d5-a099-7450600f11e8___RS_Erly.B 9545_final_masked.jpg,Tomato___Early_blight
dataset\Tomato___healthy\a261cf1c-0bf5-4dec-b796-5dfe2ab0ee1b___GH_HL Leaf 322_final_masked.jpg,Tomato___healthy
dataset\Tomato___Early_blight\3a5a5775-fd2c-43ea-ad6b-ce2e50b36dcf___RS_Erly.B 6469_final_masked.jpg,Tomato___Early_blight
dataset\Tomato___healthy\bb8861fc-350e-49da-86aa-1b475a2d5442___GH_HL Leaf 325_final_masked.jpg,Tomato___healthy
dataset\Tomato___Bacterial_spot\4552e196-00f9-4de7-9a47-605de7a9ecd0___UF.GRC_BS_Lab Leaf 9296_final_masked.jpg,Tomato___Bacterial_spot
dataset\Tomato___Bacterial_spot\0c883752-3334-4615-841d-287d58ecf60d___GCREC_Bact.Sp 6119_final_masked.jpg,Tomato___Bacterial_spot
dataset\Tomato___Late_blight\a98fa7c9-5ed7-4232-8ea8-28cf75c7869e___RS_Late.B 6888_final_masked.jpg,Tomato___Late_blight
dataset\Tomato___Early_blight\90fd6e55-0c2c-4c8e-8742-5a87bc669633___RS_Erly.B 7356_final_masked.jpg,Tomato___Early_blight
dataset\Tomato___Bacterial_spot\c95ec538-9ce6-4ed7-9ba8-224debe0ee64___UF.GRC_BS_Lab Leaf 0891_final_masked.jpg,Tomato___Bacterial_spot
dataset\Tomato___healthy\b2497a4d-6951-46d3-810b-7072e908eea9___RS_HL 9907_final_masked.jpg,Tomato___healthy
dataset\Tomato___Bacterial_spot\287e0f27-ed49-42b0-b4f2-a8a95ff21dad___GCREC_Bact.Sp 5839_final_masked.jpg,Tomato___Bacterial_spot
dataset\Tomato___Late_blight\dce856b2-1c63-4305-97ab-5ab443f462bf___RS_Late.B 6099_final_masked.jpg,Tomato___Late_blight
dataset\Tomato___healthy\6a9836cb-f987-4ccf-8841-f227989ff5ec___RS_HL 0045_final_masked.jpg,Tomato___healthy
dataset\Tomato___Late_blight\956e56f5-7dcf-49be-8283-e560d7368c9a___RS_Late.B 6487_final_masked.jpg,Tomato___Late_blight
dataset\Tomato___Late_blight\e23b8722-9058-4a6c-8e8e-f95904497eeb___RS_Late.B 5426_final_masked.jpg,Tomato___Late_blight
dataset\Tomato___Early_blight\45d27217-fbb3-4b74-93e7-d84f70b784f8___RS_Erly.B 7713_final_masked.jpg,Tomato___Early_blight
dataset\Tomato___healthy\3e9a67e4-492b-4306-be1b-0a2624ea5c3e___GH_HL Leaf 175_final_masked.jpg,Tomato___healthy
dataset\Tomato___Bacterial_spot\698d4680-5dca-497c-a8c9-9978d8e0052a___GCREC_Bact.Sp 6246_final_masked.jpg,Tomato___Bacterial_spot
dataset\Tomato___Bacterial_spot\a3df33d5-b1e6-49f8-93c4-013e47b5acc3___GCREC_Bact.Sp 3044_final_masked.jpg,Tomato___Bacterial_spot
dataset\Tomato___healthy\db03386a-1a65-4e4f-b9b7-d80ad6cabefd___RS_HL 0632_final_masked.jpg,Tomato___healthy
dataset\Tomato___healthy\3c435a41-903c-4517-b79e-c01724be03a1___RS_HL 0422_final_masked.jpg,Tomato___healthy
dataset\Tomato___Late_blight\d7b354a6-7044-408d-85ee-b34576e901a4___RS_Late.B 4872_final_masked.jpg,Tomato___Late_blight
dataset\Tomato___Early_blight\96441f54-ccd3-4f34-b405-e395e5070d2c___RS_Erly.B 8336_final_masked.jpg,Tomato___Early_blight
dataset\Tomato___Late_blight\afb65a40-7512-4d2c-884e-56e6c5010511___RS_Late.B 5380_final_masked.jpg,Tomato___Late_blight
dataset\Tomato___Bacterial_spot\30c04c65-4c7c-4b4b-b9e9-0d7faea2716e___GCREC_Bact.Sp 3841_final_masked.jpg,Tomato___Bacterial_spot
dataset\Tomato___healthy\aeff16e4-99f8-4111-ac3b-b69dcc4c7b2c___RS_HL 0581_final_masked.jpg,Tomato___healthy
dataset\Tomato___healthy\66fb848b-843a-469d-a2d2-80f0e0e7eda4___GH_HL Leaf 371.1_final_masked.jpg,Tomato___healthy
dataset\Tomato___healthy\8ea80484-4e70-4a51-bbc2-213cfedd4f59___GH_HL Leaf 341_final_masked.jpg,Tomato___healthy
dataset\Tomato___Bacterial_spot\030501db-683b-4ed5-9ec0-c475a5dfdd76___GCREC_Bact.Sp 5650_final_masked.jpg,Tomato___Bacterial_spot
dataset\Tomato___Bacterial_spot\d8e40874-f16d-43e2-9922-97a973861a0c___UF.GRC_BS_Lab Leaf 8728_final_masked.jpg,Tomato___Bacterial_spot
dataset\Tomato___Late_blight\ceec7525-b67e-43fc-8967-77d57133afba___RS_Late.B 5586_final_masked.jpg,Tomato___Late_blight
dataset\Tomato___Bacterial_spot\54d57dd6-1ad0-4c53-ad9a-4f5ea8101807___UF.GRC_BS_Lab Leaf 9141_final_masked.jpg,Tomato___Bacterial_spot
dataset\Tomato___Late_blight\918d106d-a453-4c44-80b4-601be91a0896___GHLB2 Leaf 159.1_final_masked.jpg,Tomato___Late_blight
dataset\Tomato___Late_blight\de7adfd4-221a-4564-8937-6ae593891fbd___RS_Late.B 5219_final_masked.jpg,Tomato___Late_blight
dataset\Tomato___Late_blight\0931f7e6-8481-4d03-8fe6-d4ae7637142d___RS_Late.B 4917_final_masked.jpg,Tomato___Late_blight
dataset\Tomato___Bacterial_spot\fc48610a-675f-4fdf-998d-5d877c909550___GCREC_Bact.Sp 2959_final_masked.jpg,Tomato___Bacterial_spot
dataset\Tomato___Bacterial_spot\4c8f178b-1d65-40ee-bc71-b78e95d9f200___GCREC_Bact.Sp 5835_final_masked.jpg,Tomato___Bacterial_spot
dataset\Tomato___healthy\95abb641-4435-4531-88f6-a4a597c5ff33___RS_HL 9779_final_masked.jpg,Tomato___healthy
dataset\Tomato___Late_blight\ecfdf723-18dd-46d5-9d22-a54289e9d765___GHLB_PS Leaf 31 Day 12_final_masked.jpg,Tomato___Late_blight
dataset\Tomato___healthy\2e4b9ef4-4ee8-4a50-aac0-de7c001f36d4___GH_HL Leaf 288.1_final_masked.jpg,Tomato___healthy
dataset\Tomato___Early_blight\3e9cd8a5-ebe7-4a65-940c-7fd721195c73___RS_Erly.B 7616_final_masked.jpg,Tomato___Early_blight
dataset\Tomato___Late_blight\abc618dc-e185-4866-a09c-6073404cac76___GHLB2 Leaf 153.1_final_masked.jpg,Tomato___Late_blight
dataset\Tomato___Bacterial_spot\221699b8-60cf-49fb-a5a6-b02e3770008d___GCREC_Bact.Sp 6135_final_masked.jpg,Tomato___Bacterial_spot
dataset\Tomato___Late_blight\0220afd9-d40e-4b72-8405-78b417c7b8af___GHLB2 Leaf 8987_final_masked.jpg,Tomato___Late_blight
dataset\Tomato___Bacterial_spot\9886ea69-5a4e-4fa4-9e41-e9f65884ba9e___GCREC_Bact.Sp 3199_final_masked.jpg,Tomato___Bacterial_spot
dataset\Tomato___Early_blight\427229e9-359c-49c5-8dfd-b721a3802899___RS_Erly.B 7861_final_masked.jpg,Tomato___Early_blight
dataset\Tomato___Late_blight\06b911b8-1375-4da1-929c-2294c4051ece___GHLB2 Leaf 8883_final_masked.jpg,Tomato___Late_blight
dataset\Tomato___Bacterial_spot\5b7250ab-a45a-431b-8d28-2b5a94980d25___GCREC_Bact.Sp 5696_final_masked.jpg,Tomato___Bacterial_spot
dataset\Tomato___Late_blight\c18f749d-9774-43f6-9c27-ff3d532f551a___RS_Late.B 7100_final_masked.jpg,Tomato___Late_blight
dataset\Tomato___Late_blight\7fe35989-ae3c-4652-931f-820e2cdb7c96___RS_Late.B 6876_final_masked.jpg,Tomato___Late_blight
dataset\Tomato___healthy\d247170c-6756-41f0-9074-09190f485cdb___RS_HL 0034_final_masked.jpg,Tomato___healthy
dataset\Tomato___healthy\2e875abf-377c-4663-a406-e02984215fa6___RS_HL 0499_final_masked.jpg,Tomato___healthy
dataset\Tomato___healthy\1ae5cf7c-f03a-4591-93e9-61d9784763e0___RS_HL 0043_final_masked.jpg,Tomato___healthy
dataset\Tomato___Late_blight\fcfe91fc-c578-4c6d-8fe4-b8ff4cfdb766___GHLB2 Leaf 75.1_final_masked.jpg,Tomato___Late_blight
dataset\Tomato___Bacterial_spot\ffbff5e5-6c0a-4005-9974-1cb6ac61b4c9___UF.GRC_BS_Lab Leaf 1108_final_masked.jpg,Tomato___Bacterial_spot
dataset\Tomato___healthy\cb602835-7f6d-4926-80b4-77fe22f7ff66___GH_HL Leaf 226_final_masked.jpg,Tomato___healthy
dataset\Tomato___Late_blight\d11994f7-7c51-41b1-8225-c628e0e15885___GHLB2 Leaf 8683_final_masked.jpg,Tomato___Late_blight
dataset\Tomato___healthy\185440e0-ca0a-4cd6-aba7-d03fae21552f___RS_HL 0141_final_masked.jpg,Tomato___healthy
dataset\Tomato___healthy\debe033e-a878-46dc-8336-8bc25811df35___GH_HL Leaf 303_final_masked.jpg,Tomato___healthy
dataset\Tomato___healthy\77919a16-c47c-46ca-857b-8cfb67139857___RS_HL 9695_final_masked.jpg,Tomato___healthy
dataset\Tomato___Late_blight\0c73c79f-a384-4729-83c7-72c9b04da20c___GHLB2 Leaf 8927_final_masked.jpg,Tomato___Late_blight
dataset\Tomato___Bacterial_spot\288896d1-7094-4250-9fd6-00589c41b42a___UF.GRC_BS_Lab Leaf 0264_final_masked.jpg,Tomato___Bacterial_spot
dataset\Tomato___healthy\81314c2b-1def-41c8-a6b4-1cd37d1e482a___RS_HL 0175_final_masked.jpg,Tomato___healthy
dataset\Tomato___healthy\4806eef9-06a4-4da8-9327-939641fbb260___RS_HL 9692_final_masked.jpg,Tomato___healthy
dataset\Tomato___healthy\55204bbf-7eb5-488c-bcbd-e13f81953b57___RS_HL 0021_final_masked.jpg,Tomato___healthy
dataset\Tomato___healthy\b2639bc5-e165-4cdd-8557-fa73c6d4137f___RS_HL 0072_final_masked.jpg,Tomato___healthy
dataset\Tomato___Bacterial_spot\4b4c4e5c-9cdf-4f0b-8045-7f2ebb3e8a1f___GCREC_Bact.Sp 5923_final_masked.jpg,Tomato___Bacterial_spot
dataset\Tomato___Early_blight\ac57ab70-6d8c-4065-8bab-3a88b5239aea___RS_Erly.B 7408_final_masked.jpg,Tomato___Early_blight
dataset\Tomato___Late_blight\695709e4-d869-4003-97eb-b2de21d5d1a5___GHLB2ES Leaf 62.1_final_masked.jpg,Tomato___Late_blight
dataset\Tomato___Late_blight\634c3515-80da-4144-8cc8-9b8bb29134ec___RS_Late.B 5481_final_masked.jpg,Tomato___Late_blight
dataset\Tomato___Late_blight\1c35f7ce-8e8e-4c20-b625-b01f9bf7d0cd___GHLB2 Leaf 111_final_masked.jpg,Tomato___Late_blight
dataset\Tomato___Early_blight\f899b748-cd86-460f-a202-a6946e04946e___RS_Erly.B 7494_final_masked.jpg,Tomato___Early_blight
dataset\Tomato___healthy\91b86c29-60fb-4383-8bc3-8e06cb5519f2___RS_HL 0283_final_masked.jpg,Tomato___healthy
dataset\Tomato___Early_blight\a48e8b60-3636-4f7e-8ce2-d6625d866720___RS_Erly.B 7458_final_masked.jpg,Tomato___Early_blight
dataset\Tomato___Late_blight\598065c7-92a5-4497-849f-4707afb0c282___RS_Late.B 5419_final_masked.jpg,Tomato___Late_blight
dataset\Tomato___healthy\7e3c7e5d-172c-4a25-ad05-2b32e49c7bd2___GH_HL Leaf 387_final_masked.jpg,Tomato___healthy
dataset\Tomato___Late_blight\88e11fb2-9752-4c08-97d6-7392fbcf8a95___RS_Late.B 6176_final_masked.jpg,Tomato___Late_blight
dataset\Tomato___Late_blight\8c7b818d-de11-4989-8991-48e4234e2ab4___GHLB2 Leaf 116.2_final_masked.jpg,Tomato___Late_blight
dataset\Tomato___Bacterial_spot\227f113b-8511-4d2f-a591-8e5d01e896dd___GCREC_Bact.Sp 6384_final_masked.jpg,Tomato___Bacterial_spot
dataset\Tomato___Late_blight\8168a850-1360-49cf-8ecc-77730cc24ac5___RS_Late.B 4979_final_masked.jpg,Tomato___Late_blight
dataset\Tomato___Bacterial_spot\5611facf-a786-4b41-810f-dd9700f5f75e___GCREC_Bact.Sp 3340_final_masked.jpg,Tomato___Bacterial_spot
dataset\Tomato___healthy\d9a6af00-1c5a-4299-9bad-b922c8b5c33e___RS_HL 0546_final_masked.jpg,Tomato___healthy
dataset\Tomato___Bacterial_spot\43a474b7-83dd-48e5-962a-783727a6595a___GCREC_Bact.Sp 3255_final_masked.jpg,Tomato___Bacterial_spot
dataset\Tomato___healthy\5d1894ec-b384-4a2a-951c-0ef866776500___GH_HL Leaf 523.4_final_masked.jpg,Tomato___healthy
dataset\Tomato___healthy\188107b9-d61f-4084-94da-4d5f8d9eedc1___RS_HL 0553_final_masked.jpg,Tomato___healthy
dataset\Tomato___healthy\ef492a6d-0db4-4fb5-b513-12a262215f00___RS_HL 9638_final_masked.jpg,Tomato___healthy
dataset\Tomato___Late_blight\747a2385-2777-445a-b215-7a14a5c0135c___RS_Late.B 7111_final_masked.jpg,Tomato___Late_blight
dataset\Tomato___Early_blight\cacbfac0-f563-452c-b506-1ce7bd06d680___RS_Erly.B 9379_final_masked.jpg,Tomato___Early_blight
dataset\Tomato___Bacterial_spot\e25c59a0-9362-4218-82de-9060174d5473___GCREC_Bact.Sp 6277_final_masked.jpg,Tomato___Bacterial_spot
dataset\Tomato___Bacterial_spot\c0e3fc41-4d61-4a2d-a1e0-f5d658803182___GCREC_Bact.Sp 5975_final_masked.jpg,Tomato___Bacterial_spot
dataset\Tomato___healthy\3ca6e178-acee-4463-9d9f-aa1636eb9df6___RS_HL 0306_final_masked.jpg,Tomato___healthy
dataset\Tomato___Late_blight\4c74c480-981a-40ef-87e6-06713b9e21db___RS_Late.B 6972_final_masked.jpg,Tomato___Late_blight
dataset\Tomato___Early_blight\b69edd18-e303-41b5-92a7-769154106917___RS_Erly.B 7587_final_masked.jpg,Tomato___Early_blight
dataset\Tomato___Late_blight\812654c4-843c-42b1-a026-ab3ee7c9f837___RS_Late.B 7061_final_masked.jpg,Tomato___Late_blight
dataset\Tomato___Early_blight\e20f17f5-507c-45a8-8f6e-fcd76b29e564___RS_Erly.B 7694_final_masked.jpg,Tomato___Early_blight
dataset\Tomato___Early_blight\61047d59-d93a-4133-92ab-4f2481fa6bed___RS_Erly.B 9533_final_masked.jpg,Tomato___Early_blight
dataset\Tomato___healthy\0e3feb72-86e5-41c2-a7ca-3295800e5777___RS_HL 0158_final_masked.jpg,Tomato___healthy
dataset\Tomato___Bacterial_spot\c7a106eb-2d95-4a8d-b9de-4055d6a0a0a2___GCREC_Bact.Sp 3096_final_masked.jpg,Tomato___Bacterial_spot
dataset\Tomato___Late_blight\413f7280-43ce-4f09-983c-8266588a6e67___RS_Late.B 7088_final_masked.jpg,Tomato___Late_blight
dataset\Tomato___Early_blight\ac04851f-ae27-4dc8-9ccf-d23e5a56d6f3___RS_Erly.B 9587_final_masked.jpg,Tomato___Early_blight
dataset\Tomato___Bacterial_spot\1506485f-0fba-4e0a-aecf-36f9c5bae096___GCREC_Bact.Sp 5543_final_masked.jpg,Tomato___Bacterial_spot
dataset\Tomato___Bacterial_spot\ed5db820-e84c-40ad-bee2-22835caa8e39___GCREC_Bact.Sp 3707_final_masked.jpg,Tomato___Bacterial_spot
dataset\Tomato___healthy\31e8eab6-d639-4055-a2ff-432955ef263b___RS_HL 9753_final_masked.jpg,Tomato___healthy
dataset\Tomato___healthy\6aed746b-e45b-40d6-addb-71bdd0456618___RS_HL 0638_final_masked.jpg,Tomato___healthy
dataset\Tomato___Bacterial_spot\43f97b78-04ee-4092-a909-6fd9af60d1a6___GCREC_Bact.Sp 3330_final_masked.jpg,Tomato___Bacterial_spot
dataset\Tomato___Late_blight\12d62ed2-a145-4400-824d-3e4d5f64418a___RS_Late.B 6586_final_masked.jpg,Tomato___Late_blight
dataset\Tomato___Bacterial_spot\3a9b39fb-47f0-4a36-b80d-9cea0c9ff58b___GCREC_Bact.Sp 6173_final_masked.jpg,Tomato___Bacterial_spot
dataset\Tomato___Bacterial_spot\66348a1f-6ca3-43c3-9883-ccf79c8dec89___GCREC_Bact.Sp 3640_final_masked.jpg,Tomato___Bacterial_spot
dataset\Tomato___Bacterial_spot\ad6dbb38-c44c-40c9-a6d8-8fc1d928e5de___GCREC_Bact.Sp 3775_final_masked.jpg,Tomato___Bacterial_spot
dataset\Tomato___Bacterial_spot\48f82716-ca44-4303-87ed-1d0c812bab49___GCREC_Bact.Sp 6036_final_masked.jpg,Tomato___Bacterial_spot
dataset\Tomato___healthy\7a73a7f9-27e3-4898-be48-97ddcaa094a4___GH_HL Leaf 381_final_masked.jpg,Tomato___healthy
dataset\Tomato___Bacterial_spot\6d0cbb2e-599e-4637-bb5f-8641dc17e6fb___GCREC_Bact.Sp 3386_final_masked.jpg,Tomato___Bacterial_spot
dataset\Tomato___Early_blight\7c1dc810-54ee-4442-86d5-6994d4736d92___RS_Erly.B 6430_final_masked.jpg,Tomato___Early_blight
dataset\Tomato___Bacterial_spot\4a9819e9-6651-480a-a524-74d149449538___GCREC_Bact.Sp 3748_final_masked.jpg,Tomato___Bacterial_spot
dataset\Tomato___Late_blight\ba86e24f-fe3e-4f17-a920-f8dba4ecb4d7___GHLB2 Leaf 8974_final_masked.jpg,Tomato___Late_blight
dataset\Tomato___Bacterial_spot\f0f7740b-f202-4119-9d9c-b187fe33829a___GCREC_Bact.Sp 3247_final_masked.jpg,Tomato___Bacterial_spot
dataset\Tomato___Early_blight\1e503089-ae6a-4340-8c3c-f44cbaa6cf6f___RS_Erly.B 8264_final_masked.jpg,Tomato___Early_blight
dataset\Tomato___Bacterial_spot\570a9d03-9eb2-4ee3-a940-a7b670a42fbe___UF.GRC_BS_Lab Leaf 8632_final_masked.jpg,Tomato___Bacterial_spot
dataset\Tomato___Early_blight\e626a672-48b8-490d-8314-a70ff37153f4___RS_Erly.B 7467_final_masked.jpg,Tomato___Early_blight
dataset\Tomato___Early_blight\a6abb0cb-af59-4136-a928-f08d5313ae36___RS_Erly.B 7561_final_masked.jpg,Tomato___Early_blight
dataset\Tomato___Bacterial_spot\6a416698-31f1-4625-8c83-195721e70508___GCREC_Bact.Sp 3339_final_masked.jpg,Tomato___Bacterial_spot
dataset\Tomato___Early_blight\248f220e-56ac-43f1-8f17-641ed4637138___RS_Erly.B 7802_final_masked.jpg,Tomato___Early_blight
dataset\Tomato___healthy\0576ef4b-c843-4dfb-b148-c917f7d605b7___GH_HL Leaf 299_final_masked.jpg,Tomato___healthy
dataset\Tomato___Late_blight\ad81f722-e61f-49a8-aa2d-d3e95fff0aea___GHLB2 Leaf 8717_final_masked.jpg,Tomato___Late_blight
dataset\Tomato___Bacterial_spot\959b1a2d-0324-4525-94e6-90c8749cbb29___GCREC_Bact.Sp 5882_final_masked.jpg,Tomato___Bacterial_spot
dataset\Tomato___healthy\d5ccbb2a-258c-4963-bdd6-d7eb22f351a5___RS_HL 9946_final_masked.jpg,Tomato___healthy
dataset\Tomato___healthy\1a0a5292-5e63-4afa-8611-38eef316f1e9___GH_HL Leaf 477_final_masked.jpg,Tomato___healthy
dataset\Tomato___Late_blight\d3756978-23f4-48a2-a7e5-9b32c9453059___GHLB2 Leaf 160.3_final_masked.jpg,Tomato___Late_blight
dataset\Tomato___healthy\8a5ed87d-5122-4aaf-8e39-9a3433c5f76c___RS_HL 0524_final_masked.jpg,Tomato___healthy
dataset\Tomato___Early_blight\70de9ac6-f90f-441f-a51f-217f55213234___RS_Erly.B 9568_final_masked.jpg,Tomato___Early_blight
dataset\Tomato___Bacterial_spot\45ffd23d-bd59-4633-881f-fe229f999e88___GCREC_Bact.Sp 3626_final_masked.jpg,Tomato___Bacterial_spot
dataset\Tomato___Late_blight\43bf836c-132e-493f-b01e-3f1b44d84f47___RS_Late.B 6577_final_masked.jpg,Tomato___Late_blight
dataset\Tomato___Early_blight\65e02ee3-6760-4416-b1a5-9556bea43d0b___RS_Erly.B 7772_final_masked.jpg,Tomato___Early_blight
dataset\Tomato___Early_blight\1742dfdd-c687-46ff-b958-34194feb68e4___RS_Erly.B 7453_final_masked.jpg,Tomato___Early_blight
dataset\Tomato___Bacterial_spot\2f48b422-e9b2-4143-8b7f-c44cea6fb2fd___UF.GRC_BS_Lab Leaf 0450_final_masked.jpg,Tomato___Bacterial_spot
dataset\Tomato___Late_blight\1e0adf6c-906f-4e8f-bfea-cdebf491f3bb___GHLB2 Leaf 8572_final_masked.jpg,Tomato___Late_blight
dataset\Tomato___healthy\32622151-b281-4603-9d7f-cf5df8201e4c___GH_HL Leaf 171_final_masked.jpg,Tomato___healthy
dataset\Tomato___Late_blight\b5e5a3bd-a8c8-46fc-928f-f0bb083b9a4e___GHLB2 Leaf 8550_final_masked.jpg,Tomato___Late_blight
dataset\Tomato___Early_blight\264bc13b-2bcd-40f8-ae25-23aef0ccdc64___RS_Erly.B 7589_final_masked.jpg,Tomato___Early_blight
dataset\Tomato___healthy\ed6f80a2-c69f-4d33-ad3d-ef2186aa1db1___RS_HL 9669_final_masked.jpg,Tomato___healthy
dataset\Tomato___Early_blight\8734e1ef-fb0c-4cdd-aa97-b5a4ea8d6cf5___RS_Erly.B 7804_final_masked.jpg,Tomato___Early_blight
dataset\Tomato___Early_blight\f9095543-43a8-4dac-8d06-041203fa5af5___RS_Erly.B 6435_final_masked.jpg,Tomato___Early_blight
dataset\Tomato___Early_blight\afc527c5-c9b2-478b-8df0-ff66767191df___RS_Erly.B 7473_final_masked.jpg,Tomato___Early_blight
dataset\Tomato___Bacterial_spot\f3590208-3be1-4b32-accd-464e58950119___GCREC_Bact.Sp 3481_final_masked.jpg,Tomato___Bacterial_spot
dataset\Tomato___Bacterial_spot\8dfa0112-8bb4-411d-a2f2-f97f1f39df62___GCREC_Bact.Sp 5714_final_masked.jpg,Tomato___Bacterial_spot
dataset\Tomato___Late_blight\e7a25945-e168-4539-8324-7465310c2795___GHLB2 Leaf 8958_final_masked.jpg,Tomato___Late_blight
dataset\Tomato___healthy\acdf2283-0e7c-4ccd-8817-1019e3a8ed20___RS_HL 9943_final_masked.jpg,Tomato___healthy
dataset\Tomato___Late_blight\cf848353-3cc5-4d85-95ae-453c7da065f4___RS_Late.B 6756_final_masked.jpg,Tomato___Late_blight
dataset\Tomato___Early_blight\51708fa7-4619-4957-bfc6-8e422ee23a99___RS_Erly.B 7630_final_masked.jpg,Tomato___Early_blight
dataset\Tomato___Late_blight\b1f047e9-a4c2-45c1-8861-d52828c1444d___GHLB2 Leaf 106_final_masked.jpg,Tomato___Late_blight
dataset\Tomato___Bacterial_spot\7f62023d-4d14-42af-b98f-ac7fc4280bbf___GCREC_Bact.Sp 5759_final_masked.jpg,Tomato___Bacterial_spot
dataset\Tomato___healthy\9e2a71e5-2a59-4e62-9c6c-581fe9091a10___RS_HL 0132_final_masked.jpg,Tomato___healthy
dataset\Tomato___Late_blight\f1aca7db-32e7-4cbe-a9ca-0b185fd1a1a9___GHLB2 Leaf 89.1_final_masked.jpg,Tomato___Late_blight
dataset\Tomato___Bacterial_spot\879bb942-2577-425e-8781-9dfb540d98ac___GCREC_Bact.Sp 6072_final_masked.jpg,Tomato___Bacterial_spot
dataset\Tomato___Early_blight\b86c17e0-d24a-4edf-a67f-c16c421d36ae___RS_Erly.B 7746_final_masked.jpg,Tomato___Early_blight
dataset\Tomato___Bacterial_spot\6ec9c8ed-75be-4328-852c-571753d458c1___GCREC_Bact.Sp 6183_final_masked.jpg,Tomato___Bacterial_spot
dataset\Tomato___Late_blight\e686c35e-fcb4-463b-ad2a-2c1da18135bb___GHLB2 Leaf 9023_final_masked.jpg,Tomato___Late_blight
dataset\Tomato___Bacterial_spot\85079132-5a03-4f38-a5be-46af26d521f5___GCREC_Bact.Sp 3772_final_masked.jpg,Tomato___Bacterial_spot
dataset\Tomato___Late_blight\6c9c73fa-5c8d-40ce-9221-a600908bff33___RS_Late.B 4893_final_masked.jpg,Tomato___Late_blight
dataset\Tomato___Late_blight\fa524c8c-e08d-43ee-9f33-3bd2bf9b09f5___GHLB2 Leaf 8686_final_masked.jpg,Tomato___Late_blight
dataset\Tomato___healthy\38670ac4-67ad-4b00-a37b-3fb82d58aa86___RS_HL 9762_final_masked.jpg,Tomato___healthy
dataset\Tomato___Late_blight\246cb5c4-d52f-4ba4-a77c-915f5a5c7d2b___GHLB2 Leaf 85.2_final_masked.jpg,Tomato___Late_blight
dataset\Tomato___healthy\65d89a16-45b5-4ce7-9dad-f702c4b14e95___RS_HL 9896_final_masked.jpg,Tomato___healthy
dataset\Tomato___Bacterial_spot\541eaa7a-3967-4c6a-8a5d-4c9a1ad1881d___UF.GRC_BS_Lab Leaf 9240_final_masked.jpg,Tomato___Bacterial_spot
dataset\Tomato___healthy\f04f1e27-b6b0-43a6-b5c5-a4ec6d75ed3e___RS_HL 9737_final_masked.jpg,Tomato___healthy
dataset\Tomato___healthy\b5d4e7f6-24a7-4151-8035-07fef4f6f726___RS_HL 9771_final_masked.jpg,Tomato___healthy
dataset\Tomato___healthy\fad75ca9-7035-4045-b3d3-475b558d49ba___RS_HL 0010_final_masked.jpg,Tomato___healthy
dataset\Tomato___healthy\4777e41f-56f7-4f8f-9c81-33bd40ca1d0b___RS_HL 9875_final_masked.jpg,Tomato___healthy
dataset\Tomato___healthy\6a800f5d-f218-4c0b-b78b-7cedcc70a3aa___GH_HL Leaf 337.1_final_masked.jpg,Tomato___healthy
dataset\Tomato___healthy\5f67b4d4-4503-4149-950b-6cd08a20aaf8___RS_HL 9696_final_masked.jpg,Tomato___healthy
dataset\Tomato___Late_blight\dfbac5b2-1a64-4db0-8045-eaabfdbfb790___RS_Late.B 6039_final_masked.jpg,Tomato___Late_blight
dataset\Tomato___healthy\809e36cd-8251-4fcf-854d-6b7bb2f41a64___RS_HL 0215_final_masked.jpg,Tomato___healthy
dataset\Tomato___Bacterial_spot\8f566d4c-a8b6-4ae0-a599-446cbbebecd4___GCREC_Bact.Sp 3405_final_masked.jpg,Tomato___Bacterial_spot
dataset\Tomato___Late_blight\777d1460-e356-4b0a-9fb2-cd0931146c5b___RS_Late.B 5190_final_masked.jpg,Tomato___Late_blight
dataset\Tomato___healthy\29289230-4809-46cd-ba98-77af06af3f32___RS_HL 9651_final_masked.jpg,Tomato___healthy
dataset\Tomato___Bacterial_spot\44bbe861-f71e-4d67-af18-55866e37f5f6___GCREC_Bact.Sp 3129_final_masked.jpg,Tomato___Bacterial_spot
dataset\Tomato___Early_blight\ef7a2893-ca76-4f77-beb4-5bfcc729e324___RS_Erly.B 7454_final_masked.jpg,Tomato___Early_blight
dataset\Tomato___Bacterial_spot\967e3fd5-f8b1-47af-a3c4-d22f0386b013___GCREC_Bact.Sp 5606_final_masked.jpg,Tomato___Bacterial_spot
dataset\Tomato___healthy\709e6c14-61e3-4157-b371-f143ca5b1fda___GH_HL Leaf 256_final_masked.jpg,Tomato___healthy
dataset\Tomato___healthy\b089aa0a-1778-4c3d-ad5d-7997a9b97dbb___GH_HL Leaf 481_final_masked.jpg,Tomato___healthy
dataset\Tomato___Early_blight\987851e7-b309-4b26-94bc-628374aee931___RS_Erly.B 7530_final_masked.jpg,Tomato___Early_blight
dataset\Tomato___healthy\0caff918-5807-40f2-b9e4-7dd34a7bab5d___RS_HL 0345_final_masked.jpg,Tomato___healthy
dataset\Tomato___Late_blight\728bec30-bf7b-40f0-abb5-cf6a78d018da___GHLB2 Leaf 8817_final_masked.jpg,Tomato___Late_blight
dataset\Tomato___Bacterial_spot\f3e97d75-404f-4143-8316-87fa9a7ada6f___UF.GRC_BS_Lab Leaf 9173_final_masked.jpg,Tomato___Bacterial_spot
dataset\Tomato___healthy\598606b2-3e32-4d1d-b86e-042a14cd24d0___GH_HL Leaf 504.2_final_masked.jpg,Tomato___healthy
dataset\Tomato___Bacterial_spot\15dde11a-b359-46d2-abbd-c1f56a86a083___GCREC_Bact.Sp 5799_final_masked.jpg,Tomato___Bacterial_spot
dataset\Tomato___Late_blight\7e91b898-a643-43f9-bf06-34f364c7d501___GHLB2 Leaf 8632_final_masked.jpg,Tomato___Late_blight
dataset\Tomato___healthy\a20a5c58-38e3-4fe3-8bdb-1ce02169a6a3___RS_HL 0512_final_masked.jpg,Tomato___healthy
dataset\Tomato___Early_blight\467b230b-ca0c-4f44-bf22-3e6e0454d51a___RS_Erly.B 9429_final_masked.jpg,Tomato___Early_blight
dataset\Tomato___Bacterial_spot\e9d62efe-fb3b-4b34-8c9f-7c0f067f1daa___UF.GRC_BS_Lab Leaf 8983_final_masked.jpg,Tomato___Bacterial_spot
dataset\Tomato___Late_blight\7dbd4aab-b307-435c-90bb-7a358eba9814___RS_Late.B 6617_final_masked.jpg,Tomato___Late_blight
dataset\Tomato___healthy\7853cc96-2ac8-479e-83f5-353b88a351a2___GH_HL Leaf 514.3_final_masked.jpg,Tomato___healthy
dataset\Tomato___Late_blight\eb7dd120-4002-4c01-a06a-1b32ad93a7a3___GHLB2 Leaf 9110_final_masked.jpg,Tomato___Late_blight
dataset\Tomato___Early_blight\4c524fa6-db92-41e1-8d32-84732f78343f___RS_Erly.B 7768_final_masked.jpg,Tomato___Early_blight
dataset\Tomato___healthy\956eb0b5-8dae-4315-9cea-320dc594b864___RS_HL 0221_final_masked.jpg,Tomato___healthy
dataset\Tomato___healthy\a5a6aa27-9a67-486e-853d-50ccdd1d8c21___RS_HL 0170_final_masked.jpg,Tomato___healthy
dataset\Tomato___Bacterial_spot\450c2f14-597d-45b9-9796-c80e4fbdb114___GCREC_Bact.Sp 6117_final_masked.jpg,Tomato___Bacterial_spot
dataset\Tomato___Early_blight\1c9e0f1a-7314-449c-9482-9059684ac82d___RS_Erly.B 7840_final_masked.jpg,Tomato___Early_blight
dataset\Tomato___Late_blight\7d4d00c0-1e72-427d-9f05-1f64f8051cb8___GHLB_PS Leaf 1 Day 7_final_masked.jpg,Tomato___Late_blight
dataset\Tomato___healthy\cf021ef4-2bde-4984-8604-c813cb195fe4___RS_HL 0490_final_masked.jpg,Tomato___healthy
dataset\Tomato___Late_blight\3102efb7-6d3d-41db-aac8-587014fefe49___GHLB2 Leaf 9053_final_masked.jpg,Tomato___Late_blight
dataset\Tomato___Early_blight\243a77c6-b401-43c4-9230-68b4b11f3b83___RS_Erly.B 7754_final_masked.jpg,Tomato___Early_blight
dataset\Tomato___Early_blight\d1668361-aac6-41e3-b729-c5e5092326c1___RS_Erly.B 7562_final_masked.jpg,Tomato___Early_blight
dataset\Tomato___Bacterial_spot\771d095e-7965-45ff-8242-60220da372e7___GCREC_Bact.Sp 3777_final_masked.jpg,Tomato___Bacterial_spot
dataset\Tomato___Late_blight\d2ef0edd-4a4f-4245-85a8-34309ef9ef71___GHLB_PS Leaf 46.1 Day 18_final_masked.jpg,Tomato___Late_blight
dataset\Tomato___healthy\31e077d4-97f5-4e4c-8b76-e2ccbf52ed2d___RS_HL 0460_final_masked.jpg,Tomato___healthy
dataset\Tomato___healthy\cf6c530d-522f-4990-9d02-3445623266d7___RS_HL 0364_final_masked.jpg,Tomato___healthy
dataset\Tomato___Late_blight\40076fd7-8c21-41a4-9bc9-3c1c53e1a865___RS_Late.B 5594_final_masked.jpg,Tomato___Late_blight
dataset\Tomato___Bacterial_spot\42aa518f-8005-40bc-9728-a990743c2d5e___GCREC_Bact.Sp 3151_final_masked.jpg,Tomato___Bacterial_spot
dataset\Tomato___Bacterial_spot\a8c12fae-22eb-46c8-a7dc-374225d050ba___GCREC_Bact.Sp 3122_final_masked.jpg,Tomato___Bacterial_spot
dataset\Tomato___Early_blight\8eba4e89-f5bf-45d4-be9b-30dfde83f538___RS_Erly.B 7586_final_masked.jpg,Tomato___Early_blight
dataset\Tomato___Bacterial_spot\c9a8b799-6159-415d-a82d-8aeb4db76d87___GCREC_Bact.Sp 3701_final_masked.jpg,Tomato___Bacterial_spot
dataset\Tomato___Late_blight\bff1cbac-a141-4eda-ab29-b34dee705bce___GHLB_PS Leaf 47 Day 18_final_masked.jpg,Tomato___Late_blight
dataset\Tomato___Bacterial_spot\a9b91a6d-80e7-4234-9a0f-6298ba147a84___GCREC_Bact.Sp 3007_final_masked.jpg,Tomato___Bacterial_spot
dataset\Tomato___Early_blight\a7782a03-c8c5-459a-af4c-fbca70cea302___RS_Erly.B 8303_final_masked.jpg,Tomato___Early_blight
dataset\Tomato___Late_blight\73901132-ade5-4705-9760-c2adcb396cda___RS_Late.B 7065_final_masked.jpg,Tomato___Late_blight
dataset\Tomato___Early_blight\29345423-647e-4e1b-81f4-16d8cfc0e137___RS_Erly.B 7422_final_masked.jpg,Tomato___Early_blight
dataset\Tomato___Late_blight\9c0d321d-1b14-40df-a9fe-1c6b8e10f13b___GHLB2 Leaf 8770_final_masked.jpg,Tomato___Late_blight
dataset\Tomato___Late_blight\66f03c1a-6810-41b2-93cb-ccc1630a18d4___RS_Late.B 4882_final_masked.jpg,Tomato___Late_blight
dataset\Tomato___Late_blight\076b2ce4-1c8f-42a6-9f7d-b0be9c0a01cd___RS_Late.B 5108_final_masked.jpg,Tomato___Late_blight
dataset\Tomato___Bacterial_spot\7a267eba-0898-4396-8df8-2434795bdf9b___GCREC_Bact.Sp 5879_final_masked.jpg,Tomato___Bacterial_spot
dataset\Tomato___Late_blight\84b7d3ab-56ae-4eef-a852-7b32f3ef0160___GHLB2 Leaf 150_final_masked.jpg,Tomato___Late_blight
dataset\Tomato___Bacterial_spot\5532512c-66c7-4abf-b192-741b104c39bc___GCREC_Bact.Sp 3542_final_masked.jpg,Tomato___Bacterial_spot
dataset\Tomato___Late_blight\7e4224e3-dd76-4041-8fe2-c9abf67d3a98___RS_Late.B 6630_final_masked.jpg,Tomato___Late_blight
dataset\Tomato___Early_blight\aea7d3be-648a-4e1b-932a-b0058b085a7a___RS_Erly.B 9517_final_masked.jpg,Tomato___Early_blight
dataset\Tomato___Bacterial_spot\f4f56f28-479b-4e71-afb2-210e668a411e___GCREC_Bact.Sp 3537_final_masked.jpg,Tomato___Bacterial_spot
dataset\Tomato___Early_blight\fcbc5323-1679-416c-bb10-534e686f21bd___RS_Erly.B 7801_final_masked.jpg,Tomato___Early_blight
dataset\Tomato___Bacterial_spot\bced2a31-d2e8-4dff-9cae-05646085abe5___GCREC_Bact.Sp 5710_final_masked.jpg,Tomato___Bacterial_spot
dataset\Tomato___Late_blight\5828f9c7-5083-45c3-b3bb-bb202ed1cd53___GHLB2 Leaf 128.1_final_masked.jpg,Tomato___Late_blight
dataset\Tomato___Late_blight\d674cbf6-0cdc-407a-97ea-c3f53f2c51e4___GH_HL Leaf 170_final_masked.jpg,Tomato___Late_blight
dataset\Tomato___Late_blight\0b52ebed-e711-41f2-bfd1-af73410b370e___RS_Late.B 5463_final_masked.jpg,Tomato___Late_blight
dataset\Tomato___Early_blight\9eaef8d7-dd22-449e-b837-d01a7eb4afe6___RS_Erly.B 7686_final_masked.jpg,Tomato___Early_blight
dataset\Tomato___Bacterial_spot\4d8ed094-fe5e-472d-9787-5a681be52463___UF.GRC_BS_Lab Leaf 8590_final_masked.jpg,Tomato___Bacterial_spot
dataset\Tomato___Early_blight\c9ff37ca-a310-49ad-8978-0913b3c55f58___RS_Erly.B 7714_final_masked.jpg,Tomato___Early_blight
dataset\Tomato___Bacterial_spot\5a6b8e29-8841-4529-bcf5-08a69ffc07ed___GCREC_Bact.Sp 6353_final_masked.jpg,Tomato___Bacterial_spot
dataset\Tomato___Late_blight\20593434-37e3-490e-b619-cdb3d6515517___GHLB2 Leaf 8688_final_masked.jpg,Tomato___Late_blight
dataset\Tomato___healthy\14768e0c-387d-40d2-96f9-031e0a45bed5___RS_HL 9667_final_masked.jpg,Tomato___healthy
dataset\Tomato___Late_blight\d2b2f190-12e4-467b-b64b-50b50d452a95___RS_Late.B 4913_final_masked.jpg,Tomato___Late_blight
dataset\Tomato___Early_blight\150cfe75-133e-4e98-90cb-de96a8120c03___RS_Erly.B 9414_final_masked.jpg,Tomato___Early_blight
dataset\Tomato___Bacterial_spot\d8d2baf6-87de-43e5-bd40-48dfe33841d3___GCREC_Bact.Sp 5747_final_masked.jpg,Tomato___Bacterial_spot
dataset\Tomato___Bacterial_spot\9a1bfa95-467f-4bf4-8595-d19c63012558___GCREC_Bact.Sp 6268_final_masked.jpg,Tomato___Bacterial_spot
dataset\Tomato___Late_blight\317f01bd-bf08-43b2-b269-48a6fa2fd480___RS_Late.B 4854_final_masked.jpg,Tomato___Late_blight
dataset\Tomato___Bacterial_spot\4f076bc3-b4df-49de-9b92-2aed4e561d2f___GCREC_Bact.Sp 6138_final_masked.jpg,Tomato___Bacterial_spot
dataset\Tomato___Bacterial_spot\b64c7a63-777f-4f39-bdb8-92fbdbefbdbd___GCREC_Bact.Sp 3580_final_masked.jpg,Tomato___Bacterial_spot
dataset\Tomato___Bacterial_spot\885267b9-f4e5-4005-97f4-2f527accb859___GCREC_Bact.Sp 3217_final_masked.jpg,Tomato___Bacterial_spot
dataset\Tomato___healthy\221b0575-215a-430d-a728-60020b7ad160___GH_HL Leaf 340_final_masked.jpg,Tomato___healthy
dataset\Tomato___healthy\568ae2e1-f63e-40f1-ac27-dac9fea86277___GH_HL Leaf 246.1_final_masked.jpg,Tomato___healthy
dataset\Tomato___Early_blight\8647963f-aacb-44f3-82bc-fa749bc65694___RS_Erly.B 6391_final_masked.jpg,Tomato___Early_blight
dataset\Tomato___Bacterial_spot\496716ca-78e6-4ae6-b3d4-2ed9f91f52b0___GCREC_Bact.Sp 3660_final_masked.jpg,Tomato___Bacterial_spot
dataset\Tomato___Bacterial_spot\722f1c0d-d487-4209-b2cc-6d9ce7d2ecaa___GCREC_Bact.Sp 6238_final_masked.jpg,Tomato___Bacterial_spot
dataset\Tomato___healthy\7079935b-c669-47db-a6ae-5a12d9ccf9d7___GH_HL Leaf 331.1_final_masked.jpg,Tomato___healthy
dataset\Tomato___Bacterial_spot\6dbfe52b-be4e-47e2-9fe6-19d536d3a67a___GCREC_Bact.Sp 3164_final_masked.jpg,Tomato___Bacterial_spot
dataset\Tomato___Late_blight\54924dfc-c51a-426d-8f0e-d282fa7e8fd4___RS_Late.B 6481_final_masked.jpg,Tomato___Late_blight
dataset\Tomato___healthy\6ddb8b0b-5d74-4381-8787-6229de8d51fc___GH_HL Leaf 378_final_masked.jpg,Tomato___healthy
dataset\Tomato___healthy\4c70f748-028a-49d2-92b6-3bf77d33bb9e___RS_HL 9786_final_masked.jpg,Tomato___healthy
dataset\Tomato___Late_blight\b982e973-aede-4317-92fb-b8a2385d3172___RS_Late.B 5465_final_masked.jpg,Tomato___Late_blight
dataset\Tomato___Bacterial_spot\cb7d65bc-ae67-4686-94ce-f3fdcfc53149___UF.GRC_BS_Lab Leaf 8738_final_masked.jpg,Tomato___Bacterial_spot
dataset\Tomato___Bacterial_spot\5c862bf1-ab62-4106-bdca-6b22a1951dca___GCREC_Bact.Sp 3860_final_masked.jpg,Tomato___Bacterial_spot
dataset\Tomato___Bacterial_spot\80c97a5c-e7db-4f3c-8de0-0fecb6c451f1___GCREC_Bact.Sp 3553_final_masked.jpg,Tomato___Bacterial_spot
dataset\Tomato___Late_blight\bec2da2e-5c4d-4248-9518-92667847aa7c___GHLB2 Leaf 99.1_final_masked.jpg,Tomato___Late_blight
dataset\Tomato___Early_blight\1c29bc72-967e-46df-844b-467c95b298a3___RS_Erly.B 9549_final_masked.jpg,Tomato___Early_blight
dataset\Tomato___Bacterial_spot\c9f48a07-6bc4-4a62-a817-3b99a64160cc___UF.GRC_BS_Lab Leaf 1208_final_masked.jpg,Tomato___Bacterial_spot
dataset\Tomato___Late_blight\c042e7e2-a583-4709-b944-830965256802___GHLB2 Leaf 110_final_masked.jpg,Tomato___Late_blight
dataset\Tomato___healthy\59a8b3a3-7e21-4322-befc-0d3da471bd67___GH_HL Leaf 403.1_final_masked.jpg,Tomato___healthy
dataset\Tomato___Late_blight\a6a07e9c-1300-48df-bd43-6c0631bb3ced___RS_Late.B 4958_final_masked.jpg,Tomato___Late_blight
dataset\Tomato___healthy\2d66100e-9a61-412b-95da-2b852de7a447___RS_HL 9950_final_masked.jpg,Tomato___healthy
dataset\Tomato___Early_blight\ecafc299-bc29-4b5a-9a9b-537362b81ed2___RS_Erly.B 7435_final_masked.jpg,Tomato___Early_blight
dataset\Tomato___Late_blight\9f946f43-424a-41be-9f91-b14fa3f2b37a___GHLB2 Leaf 8892_final_masked.jpg,Tomato___Late_blight
dataset\Tomato___healthy\6d4e6329-bb8c-417c-8d28-6241a22c0a86___GH_HL Leaf 411_final_masked.jpg,Tomato___healthy
dataset\Tomato___healthy\0902aa8e-e4f7-4c29-b11a-b2b7f24fe61c___GH_HL Leaf 228.1_final_masked.jpg,Tomato___healthy
dataset\Tomato___healthy\1732045f-a451-4325-aa86-717a8cbdaf02___RS_HL 9698_final_masked.jpg,Tomato___healthy
dataset\Tomato___Bacterial_spot\cbbb4f7c-382f-420e-a1c8-e919af9497a7___GCREC_Bact.Sp 3192_final_masked.jpg,Tomato___Bacterial_spot
dataset\Tomato___Early_blight\21ffaf6b-7ad0-45bf-bd7e-7d697413ebbd___RS_Erly.B 9500_final_masked.jpg,Tomato___Early_blight
dataset\Tomato___Bacterial_spot\db498ce2-43f3-46e8-a5ab-0af97ba95b3b___GCREC_Bact.Sp 6209_final_masked.jpg,Tomato___Bacterial_spot
dataset\Tomato___healthy\416458ca-7db6-4383-ae0b-21ae2860af1b___RS_HL 0535_final_masked.jpg,Tomato___healthy
dataset\Tomato___Late_blight\c3dc2bc8-bf20-4cc6-8601-420f43555bc5___RS_Late.B 5056_final_masked.jpg,Tomato___Late_blight
dataset\Tomato___Late_blight\005a2c1f-4e15-49e4-9e5c-61dc3ecf9708___RS_Late.B 5096_final_masked.jpg,Tomato___Late_blight
dataset\Tomato___Late_blight\47614fe0-26d7-4259-a78b-5b8db71f7eed___RS_Late.B 4976_final_masked.jpg,Tomato___Late_blight
dataset\Tomato___Bacterial_spot\6bde0aa8-4093-4eb1-aa1e-049db77d16a2___UF.GRC_BS_Lab Leaf 8873_final_masked.jpg,Tomato___Bacterial_spot
dataset\Tomato___Late_blight\207dee29-3d2e-4f08-9642-ef4c932fb280___GHLB2 Leaf 8608_final_masked.jpg,Tomato___Late_blight
dataset\Tomato___Late_blight\4d8b05f5-930b-426b-bbea-0bd33e8a6c42___RS_Late.B 6830_final_masked.jpg,Tomato___Late_blight
dataset\Tomato___Bacterial_spot\b070b4e5-934e-4dc3-baf0-3f9419eecb86___GCREC_Bact.Sp 5648_final_masked.jpg,Tomato___Bacterial_spot
dataset\Tomato___Late_blight\a20b95be-e0c6-4cd4-b8ec-fa955d9eb01d___GHLB2 Leaf 9045_final_masked.jpg,Tomato___Late_blight
dataset\Tomato___Late_blight\fa4ec25a-250d-4eb3-ba0d-9d1c51eb3995___GHLB2 Leaf 8990_final_masked.jpg,Tomato___Late_blight
dataset\Tomato___Late_blight\1ec9c019-1594-4916-a04c-65b87eceb8ca___RS_Late.B 6069_final_masked.jpg,Tomato___Late_blight
dataset\Tomato___Early_blight\b037f266-a24e-4f2c-9115-cf2eadd17293___RS_Erly.B 8214_final_masked.jpg,Tomato___Early_blight
dataset\Tomato___healthy\e84eced1-c0a4-451a-b5bd-482bc3eda5fa___RS_HL 0304_final_masked.jpg,Tomato___healthy
dataset\Tomato___Late_blight\732a9df6-b5dd-493b-a7dc-3f3cd034e3c7___GHLB2 Leaf 8762_final_masked.jpg,Tomato___Late_blight
dataset\Tomato___Bacterial_spot\f31f2360-da0a-434a-8469-ebd257c4c29c___GCREC_Bact.Sp 5751_final_masked.jpg,Tomato___Bacterial_spot
dataset\Tomato___Late_blight\93cfbf22-96aa-4d97-ae92-9117209d23c0___RS_Late.B 6192_final_masked.jpg,Tomato___Late_blight
dataset\Tomato___healthy\bf2e072b-f57b-48ce-b155-f255bebd85a2___GH_HL Leaf 317_final_masked.jpg,Tomato___healthy
dataset\Tomato___Early_blight\32e59188-5c46-4369-8991-5acfa253263b___RS_Erly.B 7781_final_masked.jpg,Tomato___Early_blight
dataset\Tomato___Bacterial_spot\1e0582c9-3b55-4aaf-b63b-f223c13eac86___GCREC_Bact.Sp 5571_final_masked.jpg,Tomato___Bacterial_spot
dataset\Tomato___Late_blight\14f55718-8942-41c1-9f1b-f5062aeb0ad8___GHLB2 Leaf 8905_final_masked.jpg,Tomato___Late_blight
dataset\Tomato___Bacterial_spot\f4f094d0-b879-4352-adf1-c9f9b8303881___GCREC_Bact.Sp 3539_final_masked.jpg,Tomato___Bacterial_spot
dataset\Tomato___Late_blight\6599f991-2b56-4e40-b7f3-534a440d44c1___RS_Late.B 6260_final_masked.jpg,Tomato___Late_blight
dataset\Tomato___Bacterial_spot\f47f66f7-19c1-46d2-8dd1-24ad16f0b670___UF.GRC_BS_Lab Leaf 0225_final_masked.jpg,Tomato___Bacterial_spot
dataset\Tomato___Early_blight\8fd0e481-6590-4314-8dd9-975e5da774c8___RS_Erly.B 9559_final_masked.jpg,Tomato___Early_blight
dataset\Tomato___Late_blight\02effbf1-e958-4531-a19b-f8be754d2805___RS_Late.B 5206_final_masked.jpg,Tomato___Late_blight
dataset\Tomato___healthy\8e152ac8-9de2-4f59-a527-bf86d400f184___GH_HL Leaf 482_final_masked.jpg,Tomato___healthy
dataset\Tomato___Early_blight\1ba9a636-a673-45bc-b515-4fe6848f271e___RS_Erly.B 9605_final_masked.jpg,Tomato___Early_blight
dataset\Tomato___Bacterial_spot\1bfdc27c-5d3b-4b96-a835-86a09fe407de___GCREC_Bact.Sp 6266_final_masked.jpg,Tomato___Bacterial_spot
dataset\Tomato___Late_blight\a41982b4-98ca-40de-a386-96e865a3dd21___RS_Late.B 6138_final_masked.jpg,Tomato___Late_blight
dataset\Tomato___Early_blight\36c17d6d-9e00-4e7c-bf14-eaadb64b508d___RS_Erly.B 7641_final_masked.jpg,Tomato___Early_blight
dataset\Tomato___healthy\dc3a13dc-a628-433f-a038-a3f377bc608e___GH_HL Leaf 422_final_masked.jpg,Tomato___healthy
dataset\Tomato___Early_blight\dc64e0f0-9f55-4341-b256-649bebd6ca75___RS_Erly.B 7785_final_masked.jpg,Tomato___Early_blight
dataset\Tomato___Late_blight\02790384-a589-421b-8695-693e77970418___GHLB2 Leaf 8920_final_masked.jpg,Tomato___Late_blight
dataset\Tomato___Late_blight\157250ce-f291-48ec-9d81-184af5400f90___RS_Late.B 6652_final_masked.jpg,Tomato___Late_blight
dataset\Tomato___Late_blight\407672bf-00e1-4362-acf9-cf10aae32dec___GHLB2 Leaf 8844_final_masked.jpg,Tomato___Late_blight
dataset\Tomato___Bacterial_spot\945f1d4c-7a9f-48e0-98a5-da3e2976077a___GCREC_Bact.Sp 3368_final_masked.jpg,Tomato___Bacterial_spot
dataset\Tomato___Early_blight\59cbcb57-16e3-4e35-a1d6-8672678c9d8d___RS_Erly.B 6489_final_masked.jpg,Tomato___Early_blight
dataset\Tomato___healthy\666598c7-f09e-4f8b-baf1-7d99e38de8c9___GH_HL Leaf 430.1_final_masked.jpg,Tomato___healthy
dataset\Tomato___healthy\4715a717-ed38-43b7-9ee1-4f83fba00743___RS_HL 0005_final_masked.jpg,Tomato___healthy
dataset\Tomato___Bacterial_spot\5a198510-9f1e-4699-b747-d0b1c0892756___UF.GRC_BS_Lab Leaf 0768_final_masked.jpg,Tomato___Bacterial_spot
dataset\Tomato___Early_blight\d4f5f0b5-3706-437f-826c-6328d479cba6___RS_Erly.B 9516_final_masked.jpg,Tomato___Early_blight
dataset\Tomato___Late_blight\17b9f7ec-5126-4d11-8c1b-a679e0fb9e74___GHLB2 Leaf 114_final_masked.jpg,Tomato___Late_blight
dataset\Tomato___Late_blight\03a0f11e-9d47-49c4-ba45-773b8aa9f2e1___GHLB2 Leaf 8767_final_masked.jpg,Tomato___Late_blight
dataset\Tomato___Late_blight\673d1b55-7e61-4a3c-9d2d-edc4307f7a42___GHLB2 Leaf 121.1_final_masked.jpg,Tomato___Late_blight
dataset\Tomato___Bacterial_spot\483801eb-a0b8-4675-a731-40d6204ecbae___GCREC_Bact.Sp 5777_final_masked.jpg,Tomato___Bacterial_spot
dataset\Tomato___healthy\e969c25d-8cc4-4730-a65b-330cd4d38c9a___GH_HL Leaf 427_final_masked.jpg,Tomato___healthy
dataset\Tomato___Bacterial_spot\cdd68f49-20b8-4523-99cf-6479f85b8410___GCREC_Bact.Sp 5853_final_masked.jpg,Tomato___Bacterial_spot
dataset\Tomato___Bacterial_spot\c7064790-d35b-47d7-9da4-32819aa1c6c3___GCREC_Bact.Sp 6244_final_masked.jpg,Tomato___Bacterial_spot
dataset\Tomato___Early_blight\a5c26ace-e91d-4afc-a958-eee6bbe7aed2___RS_Erly.B 6361_final_masked.jpg,Tomato___Early_blight
dataset\Tomato___Early_blight\9eec6625-b337-403b-b93c-e809f4e0b8c4___RS_Erly.B 7681_final_masked.jpg,Tomato___Early_blight
dataset\Tomato___healthy\e0d2d9f6-b29e-4cd8-8c2b-7d462271ceb3___RS_HL 9787_final_masked.jpg,Tomato___healthy
dataset\Tomato___Late_blight\26480c44-e0f2-4ab7-a6a9-919d532ecfd5___RS_Late.B 5037_final_masked.jpg,Tomato___Late_blight
dataset\Tomato___Early_blight\b7ca5e36-608f-4441-9549-88b011e7088a___RS_Erly.B 7753_final_masked.jpg,Tomato___Early_blight
dataset\Tomato___Early_blight\47e03272-d314-4928-bf7c-eda3ba6e7371___RS_Erly.B 7380_final_masked.jpg,Tomato___Early_blight
dataset\Tomato___Bacterial_spot\26503027-c1b5-491a-b9eb-2002d9aa7e77___GCREC_Bact.Sp 5622_final_masked.jpg,Tomato___Bacterial_spot
dataset\Tomato___healthy\3574c8fc-19bd-4163-adc8-c36276fff0fb___GH_HL Leaf 362_final_masked.jpg,Tomato___healthy
dataset\Tomato___Late_blight\50d87798-e696-4845-89d8-13de30ebbdcd___GHLB2 Leaf 8818_final_masked.jpg,Tomato___Late_blight
dataset\Tomato___Bacterial_spot\2300bcf2-b682-4be7-a101-e4517c15a32b___GCREC_Bact.Sp 2980_final_masked.jpg,Tomato___Bacterial_spot
dataset\Tomato___Bacterial_spot\486fec1f-c2fe-4aab-9e88-46ad54ebdbea___GCREC_Bact.Sp 5995_final_masked.jpg,Tomato___Bacterial_spot
dataset\Tomato___Early_blight\cf7acf3d-e079-4587-b3e8-bafe507c40d5___RS_Erly.B 8246_final_masked.jpg,Tomato___Early_blight
dataset\Tomato___healthy\5630c5b1-a956-4a34-879a-eb1cb89d22d1___RS_HL 9806_final_masked.jpg,Tomato___healthy
dataset\Tomato___Late_blight\9751ae34-d376-465d-9fce-ddb75caf98d2___GHLB2 Leaf 8781_final_masked.jpg,Tomato___Late_blight
dataset\Tomato___Bacterial_spot\7515d9e0-f3a4-4a49-9d6a-77cfa40a16a4___GCREC_Bact.Sp 3655_final_masked.jpg,Tomato___Bacterial_spot
dataset\Tomato___Bacterial_spot\a9b47216-7d6d-46f6-b029-7aacd6f26113___UF.GRC_BS_Lab Leaf 0862_final_masked.jpg,Tomato___Bacterial_spot
dataset\Tomato___Bacterial_spot\6a7ed25b-d34f-4f33-84ab-56efcd5eed15___GCREC_Bact.Sp 3830_final_masked.jpg,Tomato___Bacterial_spot
dataset\Tomato___Late_blight\151c010a-021f-459d-a456-63ebaf19b2d5___GHLB2 Leaf 9104_final_masked.jpg,Tomato___Late_blight
dataset\Tomato___Bacterial_spot\a85b3db9-6b49-4ce8-91ce-97ce0abb9758___GCREC_Bact.Sp 3412_final_masked.jpg,Tomato___Bacterial_spot
dataset\Tomato___healthy\0172e56c-8bb8-4e75-8ac7-509df81393e8___RS_HL 0580_final_masked.jpg,Tomato___healthy
dataset\Tomato___Late_blight\2b3bc2ea-6604-4b73-9e6d-023211f1ebc4___GHLB2 Leaf 112.2_final_masked.jpg,Tomato___Late_blight
dataset\Tomato___Bacterial_spot\58e691ec-b8e5-4845-8de1-4254a7d9f62c___GCREC_Bact.Sp 3450_final_masked.jpg,Tomato___Bacterial_spot
dataset\Tomato___Late_blight\26a317de-3882-41ca-a83d-5f1f106b9a85___RS_Late.B 4967_final_masked.jpg,Tomato___Late_blight
dataset\Tomato___Late_blight\4710d5cd-08f7-44ae-91c1-99204f1c135b___RS_Late.B 6132_final_masked.jpg,Tomato___Late_blight
dataset\Tomato___Bacterial_spot\8c9f86a5-70df-4ab0-bb33-1bd4ea9cb91e___UF.GRC_BS_Lab Leaf 0846_final_masked.jpg,Tomato___Bacterial_spot
dataset\Tomato___Late_blight\ad3a71e8-63e0-4de4-ad26-6965c8a1d27e___RS_Late.B 6670_final_masked.jpg,Tomato___Late_blight
dataset\Tomato___healthy\d2ce7896-6fa4-45e6-96c5-d162da0e3e1c___GH_HL Leaf 220_final_masked.jpg,Tomato___healthy
dataset\Tomato___healthy\3b0677fb-ff25-4871-aa89-37f756e917af___GH_HL Leaf 253_final_masked.jpg,Tomato___healthy
dataset\Tomato___healthy\1a939012-5b9b-4dfa-aeda-ba97ec857903___GH_HL Leaf 278_final_masked.jpg,Tomato___healthy
dataset\Tomato___Late_blight\63c3c2c0-f5fc-4d89-9990-784c9229542e___RS_Late.B 5612_final_masked.jpg,Tomato___Late_blight
dataset\Tomato___Early_blight\bd0f06fb-1f9a-4de8-8c96-926d312cea27___RS_Erly.B 7603_final_masked.jpg,Tomato___Early_blight
dataset\Tomato___Bacterial_spot\94532bf7-7d74-455a-8526-938c93da0d63___UF.GRC_BS_Lab Leaf 9226_final_masked.jpg,Tomato___Bacterial_spot
dataset\Tomato___Bacterial_spot\4184d645-f365-4e8b-a6f9-f5f80d5198a2___GCREC_Bact.Sp 5963_final_masked.jpg,Tomato___Bacterial_spot
dataset\Tomato___Late_blight\ec8b22c9-a1b5-402c-9f9c-5bd24a209b94___RS_Late.B 6687_final_masked.jpg,Tomato___Late_blight
dataset\Tomato___healthy\0d2bcda8-8dae-408e-8919-21dfa6cc9eea___RS_HL 0335_final_masked.jpg,Tomato___healthy
dataset\Tomato___Bacterial_spot\7d7dec42-befd-43ca-bff4-c669ce75634b___GCREC_Bact.Sp 5987_final_masked.jpg,Tomato___Bacterial_spot
dataset\Tomato___healthy\56a12dcc-cd88-47c3-97b2-8c3a33f7dba2___GH_HL Leaf 370_final_masked.jpg,Tomato___healthy
dataset\Tomato___Late_blight\8d611dca-11e1-4970-9806-599173ed158d___RS_Late.B 5181_final_masked.jpg,Tomato___Late_blight
dataset\Tomato___Bacterial_spot\0b233197-cd35-4031-80c2-610e7e3a046b___GCREC_Bact.Sp 6095_final_masked.jpg,Tomato___Bacterial_spot
dataset\Tomato___Bacterial_spot\7684341d-0c30-4bc4-98c5-e09a96483692___GCREC_Bact.Sp 5695_final_masked.jpg,Tomato___Bacterial_spot
dataset\Tomato___healthy\15ba0299-5f38-47ed-ab19-fe6a72737705___RS_HL 9732_final_masked.jpg,Tomato___healthy
dataset\Tomato___healthy\81024038-40ff-40c4-b8f4-4a48b08032e4___RS_HL 0301_final_masked.jpg,Tomato___healthy
dataset\Tomato___Bacterial_spot\f16e39a5-a50c-4378-a4f1-fe8f3aecf2cb___GCREC_Bact.Sp 3644_final_masked.jpg,Tomato___Bacterial_spot
dataset\Tomato___Early_blight\aea263ac-87a1-42b7-a3ca-15d69e55204e___RS_Erly.B 9486_final_masked.jpg,Tomato___Early_blight
dataset\Tomato___Bacterial_spot\88374bc5-deba-4ad3-b45a-8996cc76fe97___GCREC_Bact.Sp 3803_final_masked.jpg,Tomato___Bacterial_spot
dataset\Tomato___healthy\e53267d6-9a69-4e42-9ddc-8481a337b3e0___RS_HL 0073_final_masked.jpg,Tomato___healthy
dataset\Tomato___healthy\a1414092-da7c-4e7e-9b25-6fb76e07285b___RS_HL 0247_final_masked.jpg,Tomato___healthy
dataset\Tomato___Late_blight\233f5fca-7077-4175-a29f-57f310ea7879___GHLB_PS Leaf 51 Day 18_final_masked.jpg,Tomato___Late_blight
dataset\Tomato___Late_blight\8ea73da6-e94c-42bf-8b9c-c8d0a58338c7___RS_Late.B 6724_final_masked.jpg,Tomato___Late_blight
dataset\Tomato___Bacterial_spot\41c2f403-dd59-43dc-9b36-f5e277954630___UF.GRC_BS_Lab Leaf 8986_final_masked.jpg,Tomato___Bacterial_spot
dataset\Tomato___healthy\4de74e9a-e32a-467a-b6fd-512a16a09d22___GH_HL Leaf 329_final_masked.jpg,Tomato___healthy
dataset\Tomato___Bacterial_spot\a114e770-fcce-48a2-8ffc-a665fae9e7f9___UF.GRC_BS_Lab Leaf 0977_final_masked.jpg,Tomato___Bacterial_spot
dataset\Tomato___healthy\45167988-3f78-4309-8ce2-633d7521847f___GH_HL Leaf 432.1_final_masked.jpg,Tomato___healthy
dataset\Tomato___healthy\e66387bd-ae03-4ba8-af0c-533900daa36c___RS_HL 0289_final_masked.jpg,Tomato___healthy
dataset\Tomato___Late_blight\d2892ccc-cc57-49ff-88eb-5aa2ee0f862e___GHLB2 Leaf 74_final_masked.jpg,Tomato___Late_blight
dataset\Tomato___Early_blight\d6ac1972-b67c-422e-b81d-11f2f1d9ec5f___RS_Erly.B 9435_final_masked.jpg,Tomato___Early_blight
dataset\Tomato___Bacterial_spot\1afcd540-c746-4c02-8611-686ec35caaf5___GCREC_Bact.Sp 5654_final_masked.jpg,Tomato___Bacterial_spot
dataset\Tomato___Bacterial_spot\8dea4cc9-85a5-412f-b16b-6bd339b9429d___GCREC_Bact.Sp 6069_final_masked.jpg,Tomato___Bacterial_spot
dataset\Tomato___Late_blight\bb29cc81-e986-4946-8267-a12f0b1b15de___RS_Late.B 5000_final_masked.jpg,Tomato___Late_blight
dataset\Tomato___Late_blight\26a758e3-7804-4240-b1da-b6b6691355ca___RS_Late.B 4951_final_masked.jpg,Tomato___Late_blight
dataset\Tomato___healthy\ebdffabc-9920-4d0b-9f7d-7fb3ee5b731e___RS_HL 0099_final_masked.jpg,Tomato___healthy
dataset\Tomato___healthy\9a97f632-a6a4-4a7e-9a82-90167fdf8fff___GH_HL Leaf 181_final_masked.jpg,Tomato___healthy
dataset\Tomato___healthy\e2085395-2d3c-4698-ad7f-da9fdc73c4d1___GH_HL Leaf 254_final_masked.jpg,Tomato___healthy
dataset\Tomato___Bacterial_spot\13b8bbd3-32cf-4c69-bffb-870b7b6720e0___UF.GRC_BS_Lab Leaf 8890_final_masked.jpg,Tomato___Bacterial_spot
dataset\Tomato___Early_blight\b4cfa208-cee0-4383-b0e2-6988814fbb9a___RS_Erly.B 7645_final_masked.jpg,Tomato___Early_blight
dataset\Tomato___healthy\a29fc501-dbc0-4d7c-b298-1a817192a396___RS_HL 0539_final_masked.jpg,Tomato___healthy
dataset\Tomato___healthy\70e2244d-152b-4dc7-b002-5991e1a195db___RS_HL 9948_final_masked.jpg,Tomato___healthy
dataset\Tomato___healthy\e1aeb847-e87b-4f24-aca7-c6e06b6c07ca___GH_HL Leaf 185_final_masked.jpg,Tomato___healthy
dataset\Tomato___Late_blight\f4ab4184-4d1b-4b06-83bd-6324281c8588___GHLB2 Leaf 8751_final_masked.jpg,Tomato___Late_blight
dataset\Tomato___Bacterial_spot\de0200a0-173c-401f-827b-2a12d639a744___GCREC_Bact.Sp 3072_final_masked.jpg,Tomato___Bacterial_spot
dataset\Tomato___healthy\d688345e-4491-4f31-b2f4-d9111a12c2dd___GH_HL Leaf 288_final_masked.jpg,Tomato___healthy
dataset\Tomato___Early_blight\e9e56650-8172-4a98-8100-72e79a3a5858___RS_Erly.B 7481_final_masked.jpg,Tomato___Early_blight
dataset\Tomato___Late_blight\288f203e-7996-4290-afa7-f95c0c30506a___RS_Late.B 5562_final_masked.jpg,Tomato___Late_blight
dataset\Tomato___Early_blight\121b3f84-70ed-4d1c-882c-d3204e2af046___RS_Erly.B 8421_final_masked.jpg,Tomato___Early_blight
dataset\Tomato___healthy\b917c931-67a8-4a67-9055-858c5e329b37___RS_HL 0590_final_masked.jpg,Tomato___healthy
dataset\Tomato___Bacterial_spot\04ee9562-c932-46ef-8e31-da20d4e2e740___GCREC_Bact.Sp 6121_final_masked.jpg,Tomato___Bacterial_spot
dataset\Tomato___Bacterial_spot\99ccffe8-2bfa-4032-91a4-81287f9d37fb___GCREC_Bact.Sp 5805_final_masked.jpg,Tomato___Bacterial_spot
dataset\Tomato___healthy\1ca3c77d-13d8-43cc-929f-9c3a79e5dd1b___RS_HL 0250_final_masked.jpg,Tomato___healthy
dataset\Tomato___Late_blight\8342c931-3c80-48ce-9757-f497c36cf44e___RS_Late.B 6125_final_masked.jpg,Tomato___Late_blight
dataset\Tomato___healthy\b840daeb-319f-4cf3-b2a0-3010387fd5d3___GH_HL Leaf 493_final_masked.jpg,Tomato___healthy
dataset\Tomato___Bacterial_spot\bb199ebe-f777-4760-adb1-368291627d3d___GCREC_Bact.Sp 5749_final_masked.jpg,Tomato___Bacterial_spot
dataset\Tomato___healthy\3a48952b-cb72-4678-baca-d622971c78d0___RS_HL 9877_final_masked.jpg,Tomato___healthy
dataset\Tomato___Bacterial_spot\7f9211d8-d3f6-4b8e-917c-0cd74a77bc42___GCREC_Bact.Sp 6276_final_masked.jpg,Tomato___Bacterial_spot
dataset\Tomato___Bacterial_spot\89d38697-ff15-4cd6-95f6-2c563585a564___GCREC_Bact.Sp 6075_final_masked.jpg,Tomato___Bacterial_spot
dataset\Tomato___Late_blight\09d2deda-7403-489f-b723-5ae5e00e2311___GHLB2 Leaf 8756_final_masked.jpg,Tomato___Late_blight
dataset\Tomato___Late_blight\537465e6-a88a-44d9-aa89-4e3877cee904___RS_Late.B 5433_final_masked.jpg,Tomato___Late_blight
dataset\Tomato___Early_blight\28d9f1bd-ee80-46e1-b89c-5a855f0c8400___RS_Erly.B 7818_final_masked.jpg,Tomato___Early_blight
dataset\Tomato___Bacterial_spot\39d2634e-789c-4fdb-bbe7-1c03e04d91b8___GCREC_Bact.Sp 5763_final_masked.jpg,Tomato___Bacterial_spot
dataset\Tomato___Early_blight\d032b2d0-3c5b-4f1d-9532-4fd09cbd5482___RS_Erly.B 7689_final_masked.jpg,Tomato___Early_blight
dataset\Tomato___Bacterial_spot\0893cbc5-7c6f-4ed2-863a-78f0bdb31ba0___GCREC_Bact.Sp 6174_final_masked.jpg,Tomato___Bacterial_spot
dataset\Tomato___Late_blight\98c02c7b-95b3-4714-8837-0df2d929a39e___GHLB2 Leaf 8700_final_masked.jpg,Tomato___Late_blight
dataset\Tomato___Late_blight\8f27364b-aafa-49a8-b288-e442cb8bde11___RS_Late.B 6285_final_masked.jpg,Tomato___Late_blight
dataset\Tomato___Late_blight\2798c7ea-850e-49a7-b304-3114c60c6baf___RS_Late.B 7141_final_masked.jpg,Tomato___Late_blight
dataset\Tomato___Early_blight\18a21f42-8794-4665-8174-b0ccd3758af8___RS_Erly.B 7650_final_masked.jpg,Tomato___Early_blight
dataset\Tomato___Late_blight\ebbdadc5-972c-45fb-a6c2-99e8015cf4a9___RS_Late.B 5479_final_masked.jpg,Tomato___Late_blight
dataset\Tomato___Bacterial_spot\014b58ae-091b-408a-ab4a-5a780cd1c3f3___GCREC_Bact.Sp 2971_final_masked.jpg,Tomato___Bacterial_spot
dataset\Tomato___healthy\beda9c8f-88eb-43c7-9670-60bd8fd5c43e___RS_HL 0038_final_masked.jpg,Tomato___healthy
dataset\Tomato___Late_blight\41474732-acc4-4262-931e-9b719abfb8c3___RS_Late.B 7048_final_masked.jpg,Tomato___Late_blight
dataset\Tomato___Bacterial_spot\b6693ee1-8345-4796-9b9b-33d968e1e66f___GCREC_Bact.Sp 3097_final_masked.jpg,Tomato___Bacterial_spot
dataset\Tomato___Late_blight\4f52cae6-d6f1-4557-987a-eb9318dc574f___RS_Late.B 6439_final_masked.jpg,Tomato___Late_blight
dataset\Tomato___healthy\9fb8872e-e963-4d2c-9b16-62757705ca3f___RS_HL 0130_final_masked.jpg,Tomato___healthy
dataset\Tomato___healthy\d2bab7ce-8028-41ed-b0a0-22472f904974___RS_HL 0528_final_masked.jpg,Tomato___healthy
dataset\Tomato___Late_blight\835b856f-9f36-474c-b5e9-2961a7fb97c5___RS_Late.B 5187_final_masked.jpg,Tomato___Late_blight
dataset\Tomato___Bacterial_spot\9981b824-96f2-4fc7-834b-4299efcdfab3___GCREC_Bact.Sp 5865_final_masked.jpg,Tomato___Bacterial_spot
dataset\Tomato___Bacterial_spot\5bc14ad9-12ff-4f0d-a775-5407ebe7944d___GCREC_Bact.Sp 3141_final_masked.jpg,Tomato___Bacterial_spot
dataset\Tomato___Late_blight\0c47de5b-adbe-479f-8ccf-5b8c530c32f8___RS_Late.B 6312_final_masked.jpg,Tomato___Late_blight
dataset\Tomato___Bacterial_spot\7ff1454d-b742-412f-a99c-1c2a8287decb___UF.GRC_BS_Lab Leaf 1132_final_masked.jpg,Tomato___Bacterial_spot
dataset\Tomato___Late_blight\28e858c2-03ac-423c-8e0c-72e38a5634d9___GHLB_PS Leaf 2.2 Day 13_final_masked.jpg,Tomato___Late_blight
dataset\Tomato___Late_blight\b67ed405-b86b-4a5b-a403-d5fd87202e92___RS_Late.B 5006_final_masked.jpg,Tomato___Late_blight
dataset\Tomato___healthy\59f54d36-b98b-4271-88ed-7a9672907bee___RS_HL 0519_final_masked.jpg,Tomato___healthy
dataset\Tomato___Bacterial_spot\3156f2fa-aa71-4759-8af0-960188c68519___GCREC_Bact.Sp 3235_final_masked.jpg,Tomato___Bacterial_spot
dataset\Tomato___Early_blight\eb84cf99-aee8-4acc-8d3d-c5a24c672eb4___RS_Erly.B 7423_final_masked.jpg,Tomato___Early_blight
dataset\Tomato___Bacterial_spot\5c0765db-6fdc-45f1-b714-1f6906856761___GCREC_Bact.Sp 5736_final_masked.jpg,Tomato___Bacterial_spot
dataset\Tomato___Bacterial_spot\f675726b-1569-4147-9af2-23ac17a555ec___GCREC_Bact.Sp 3150_final_masked.jpg,Tomato___Bacterial_spot
dataset\Tomato___Bacterial_spot\68dd8df7-2968-4374-9f9c-18914b1ee352___GCREC_Bact.Sp 3783_final_masked.jpg,Tomato___Bacterial_spot
dataset\Tomato___healthy\1b966d62-d5c3-4a67-ba36-b67d873ccfdf___GH_HL Leaf 440_final_masked.jpg,Tomato___healthy
dataset\Tomato___Bacterial_spot\6757fb05-9503-42bc-aa7e-08d083b780aa___GCREC_Bact.Sp 3201_final_masked.jpg,Tomato___Bacterial_spot
dataset\Tomato___Bacterial_spot\0d227915-443b-402c-8a25-cc43434c4bb0___GCREC_Bact.Sp 5913_final_masked.jpg,Tomato___Bacterial_spot
dataset\Tomato___Late_blight\a7064909-ea8b-4775-8323-f76c774fa5b5___GHLB2 Leaf 85.1_final_masked.jpg,Tomato___Late_blight
dataset\Tomato___healthy\caab6cf8-07a8-422a-84e9-3311f85d2427___RS_HL 0455_final_masked.jpg,Tomato___healthy
dataset\Tomato___Late_blight\0e669afb-1315-4903-b7ca-1a0ffa95d454___RS_Late.B 5626_final_masked.jpg,Tomato___Late_blight
dataset\Tomato___Bacterial_spot\0b37769a-a451-4507-a236-f46348e3a9ac___GCREC_Bact.Sp 3265_final_masked.jpg,Tomato___Bacterial_spot
dataset\Tomato___healthy\93228670-1f62-4e23-8993-a488ff7068c0___GH_HL Leaf 257.1_final_masked.jpg,Tomato___healthy
dataset\Tomato___Bacterial_spot\46ed6749-0f57-42af-b984-e99567d5cd61___GCREC_Bact.Sp 3818_final_masked.jpg,Tomato___Bacterial_spot
dataset\Tomato___Bacterial_spot\d2cbc8f4-b632-47de-bc45-edeb4f0911f1___GCREC_Bact.Sp 5994_final_masked.jpg,Tomato___Bacterial_spot
dataset\Tomato___Bacterial_spot\284bcfac-0f71-4911-b5af-4f9e2a28a452___GCREC_Bact.Sp 6257_final_masked.jpg,Tomato___Bacterial_spot
dataset\Tomato___Early_blight\e332b0b1-ed0c-49b0-aad2-da29a8636126___RS_Erly.B 9418_final_masked.jpg,Tomato___Early_blight
dataset\Tomato___Late_blight\2d583f2c-3e59-4c4c-be45-5f367a38af95___GHLB2 Leaf 8724_final_masked.jpg,Tomato___Late_blight
dataset\Tomato___healthy\4463e5e9-8afc-4dfd-9317-3013a538f2c8___GH_HL Leaf 308_final_masked.jpg,Tomato___healthy
dataset\Tomato___Bacterial_spot\21a6fc4a-1d20-4d4b-9802-ce7096e342a1___GCREC_Bact.Sp 3576_final_masked.jpg,Tomato___Bacterial_spot
dataset\Tomato___Bacterial_spot\e2941eab-3c1c-43a2-aa6d-5f3926da0568___GCREC_Bact.Sp 3495_final_masked.jpg,Tomato___Bacterial_spot
dataset\Tomato___healthy\fd061d12-644d-4ac5-a0b5-2e88469e506b___GH_HL Leaf 414_final_masked.jpg,Tomato___healthy
dataset\Tomato___healthy\4935c405-26c7-4e53-b6cf-0f4dcc798504___RS_HL 9730_final_masked.jpg,Tomato___healthy
dataset\Tomato___Late_blight\7c163fda-ae67-4733-8fe3-f59d8ab20a5a___GHLB2 Leaf 8805_final_masked.jpg,Tomato___Late_blight
dataset\Tomato___Early_blight\1c057b5e-9ad7-4d51-b407-c60637005a13___RS_Erly.B 7594_final_masked.jpg,Tomato___Early_blight
dataset\Tomato___healthy\b3e76dfe-eeb0-4edf-a93c-bb7964ff57eb___GH_HL Leaf 210.4_final_masked.jpg,Tomato___healthy
dataset\Tomato___Early_blight\f459c3ee-91f9-42e4-8a61-8c2b6ba9a435___RS_Erly.B 9522_final_masked.jpg,Tomato___Early_blight
dataset\Tomato___Late_blight\283ff0be-6e5e-4b4e-bf21-639780b77ffc___GHLB2 Leaf 8636_final_masked.jpg,Tomato___Late_blight
dataset\Tomato___Early_blight\7621d943-ed1a-4ffb-8fa4-8c12d50424de___RS_Erly.B 8322_final_masked.jpg,Tomato___Early_blight
dataset\Tomato___healthy\139d2f99-d25b-440d-805e-d070a399d8f1___RS_HL 0600_final_masked.jpg,Tomato___healthy
dataset\Tomato___Early_blight\10c1d7a4-bd14-4961-9b96-c7047589eccd___RS_Erly.B 7552_final_masked.jpg,Tomato___Early_blight
dataset\Tomato___Late_blight\052ec825-37a3-4467-a5ea-2e0601c29fbd___RS_Late.B 6786_final_masked.jpg,Tomato___Late_blight
dataset\Tomato___healthy\a05f8f2d-6ac6-45d8-b7ad-394bbda892fc___RS_HL 0613_final_masked.jpg,Tomato___healthy
dataset\Tomato___Late_blight\3db1a347-001b-4170-8f64-4fa097f83bc7___GHLB_PS Leaf 1.2 Day 8_final_masked.jpg,Tomato___Late_blight
dataset\Tomato___Bacterial_spot\2359d490-4be7-4328-97bf-860b2f78bc19___GCREC_Bact.Sp 6113_final_masked.jpg,Tomato___Bacterial_spot
dataset\Tomato___Early_blight\efe14014-c5b8-433b-a469-e10ca8d7c551___RS_Erly.B 7499_final_masked.jpg,Tomato___Early_blight
dataset\Tomato___healthy\67fe557e-2e6e-4145-8d3f-468be8f7480e___RS_HL 9800_final_masked.jpg,Tomato___healthy
dataset\Tomato___Late_blight\d4ac342b-52cf-490f-808f-410d101fcd4b___RS_Late.B 5483_final_masked.jpg,Tomato___Late_blight
dataset\Tomato___Early_blight\33cd99f1-1f8a-497b-b4fc-60ff78af4b8a___RS_Erly.B 8378_final_masked.jpg,Tomato___Early_blight
dataset\Tomato___Early_blight\b45de15f-76b6-46bf-9990-e819dbef21d1___RS_Erly.B 9491_final_masked.jpg,Tomato___Early_blight
dataset\Tomato___Bacterial_spot\86675a78-d635-447c-85c8-33c683d24092___GCREC_Bact.Sp 6058_final_masked.jpg,Tomato___Bacterial_spot
dataset\Tomato___Bacterial_spot\6c3b5a9c-61fa-4818-ba3b-176cd83e2b19___GCREC_Bact.Sp 5605_final_masked.jpg,Tomato___Bacterial_spot
dataset\Tomato___Bacterial_spot\f35d15fe-0e89-45a0-b2c2-81bbc6173915___GCREC_Bact.Sp 3766_final_masked.jpg,Tomato___Bacterial_spot
dataset\Tomato___Bacterial_spot\ceecc090-5ec1-4a73-b628-7d8bcfc55f45___GCREC_Bact.Sp 6354_final_masked.jpg,Tomato___Bacterial_spot
dataset\Tomato___healthy\452703f7-9106-4ed2-8f38-8ece42a32613___RS_HL 0248_final_masked.jpg,Tomato___healthy
dataset\Tomato___Late_blight\1c74783c-7863-4b1b-bf1a-6b3ef55b34b8___RS_Late.B 7094_final_masked.jpg,Tomato___Late_blight
dataset\Tomato___Late_blight\ce70ced2-e8db-4eaf-9d4c-ae482126085f___RS_Late.B 6043_final_masked.jpg,Tomato___Late_blight
dataset\Tomato___Bacterial_spot\88b2d700-280b-40e3-a0d5-6118ba94d46e___GCREC_Bact.Sp 5871_final_masked.jpg,Tomato___Bacterial_spot
dataset\Tomato___Bacterial_spot\6992f9df-55ea-43ff-b1ee-96b200f9fd72___GCREC_Bact.Sp 5544_final_masked.jpg,Tomato___Bacterial_spot
dataset\Tomato___healthy\93e8763c-b124-48c4-bc46-df4d92625fa3___RS_HL 0261_final_masked.jpg,Tomato___healthy
dataset\Tomato___healthy\31e58e07-386c-4915-aa37-8ce39ee29ce9___RS_HL 9949_final_masked.jpg,Tomato___healthy
dataset\Tomato___Bacterial_spot\28d82205-33bc-4119-b028-e97858fe3bc7___UF.GRC_BS_Lab Leaf 1119_final_masked.jpg,Tomato___Bacterial_spot
dataset\Tomato___Late_blight\1a473cad-42fc-48ca-963c-d438fbca928f___RS_Late.B 5418_final_masked.jpg,Tomato___Late_blight
dataset\Tomato___Bacterial_spot\ae7425b4-aaae-44e0-ae8e-19623a66ed70___GCREC_Bact.Sp 2958_final_masked.jpg,Tomato___Bacterial_spot
dataset\Tomato___healthy\39976b35-40e7-4426-b21d-a8bfe1ce0a01___GH_HL Leaf 450_final_masked.jpg,Tomato___healthy
dataset\Tomato___healthy\b7dd82f7-99d1-4abf-914e-9a0a88dda675___RS_HL 0046_final_masked.jpg,Tomato___healthy
dataset\Tomato___Late_blight\898fbe14-3442-44ae-9638-471ce8efcc2f___GHLB2 Leaf 117.1_final_masked.jpg,Tomato___Late_blight
dataset\Tomato___Bacterial_spot\083959e5-833b-4c10-9215-0b0aca81c8ca___UF.GRC_BS_Lab Leaf 0297_final_masked.jpg,Tomato___Bacterial_spot
dataset\Tomato___Late_blight\b19055d9-6a5d-4b73-90a5-3b3685ac344a___GHLB2 Leaf 8729_final_masked.jpg,Tomato___Late_blight
dataset\Tomato___Late_blight\e5c62da4-e09d-4dc5-a5b1-63a5f85826de___RS_Late.B 6981_final_masked.jpg,Tomato___Late_blight
dataset\Tomato___Early_blight\5688c1fd-cd1f-4fb5-9e0b-d12c0c095023___RS_Erly.B 9511_final_masked.jpg,Tomato___Early_blight
dataset\Tomato___Late_blight\bcdc5e5b-406b-4325-a0bd-d6b917ab7c41___RS_Late.B 6875_final_masked.jpg,Tomato___Late_blight
dataset\Tomato___Bacterial_spot\05777829-6912-44bb-bcef-901bc5190584___GCREC_Bact.Sp 6150_final_masked.jpg,Tomato___Bacterial_spot
dataset\Tomato___Late_blight\de4f6bd2-15df-45c2-aa3e-da9c42586e67___RS_Late.B 5100_final_masked.jpg,Tomato___Late_blight
dataset\Tomato___Late_blight\6dbfb834-5654-4526-8014-2b33ef976892___RS_Late.B 6172_final_masked.jpg,Tomato___Late_blight
dataset\Tomato___Early_blight\4cbe4896-66b5-4834-8eb7-5baf49ed2f7d___RS_Erly.B 8354_final_masked.jpg,Tomato___Early_blight
dataset\Tomato___Bacterial_spot\2bb3c4e6-350a-411b-a1d2-d33f6173b1b9___UF.GRC_BS_Lab Leaf 0258_final_masked.jpg,Tomato___Bacterial_spot
dataset\Tomato___Bacterial_spot\33950b17-918e-4243-bfbd-be33874b62c4___GCREC_Bact.Sp 3303_final_masked.jpg,Tomato___Bacterial_spot
dataset\Tomato___Late_blight\cec774a0-92f4-4446-af6a-f0743e667461___RS_Late.B 5171_final_masked.jpg,Tomato___Late_blight
dataset\Tomato___Early_blight\f88be630-f853-48f8-b546-a2f7966368a2___RS_Erly.B 7418_final_masked.jpg,Tomato___Early_blight
dataset\Tomato___Early_blight\f7beb64a-f8be-46d8-b4ea-637fb71e7509___RS_Erly.B 7711_final_masked.jpg,Tomato___Early_blight
dataset\Tomato___Bacterial_spot\badeca64-87ed-439a-b373-b4b872dbe173___GCREC_Bact.Sp 6219_final_masked.jpg,Tomato___Bacterial_spot
dataset\Tomato___Bacterial_spot\47a3c2c9-1f3b-4d42-8857-cfc714042c2a___UF.GRC_BS_Lab Leaf 8631_final_masked.jpg,Tomato___Bacterial_spot
dataset\Tomato___healthy\bc339a85-6c4e-428a-a18e-9174acdcab1e___RS_HL 0513_final_masked.jpg,Tomato___healthy
dataset\Tomato___healthy\9c42acb9-3794-41d5-acc0-3c4949aa5e52___RS_HL 0442_final_masked.jpg,Tomato___healthy
dataset\Tomato___Early_blight\f7ab79a6-43d3-4ece-9461-43742519a221___RS_Erly.B 8290_final_masked.jpg,Tomato___Early_blight
dataset\Tomato___Bacterial_spot\365b9e42-fc7d-4805-8737-dd51f26a2468___GCREC_Bact.Sp 3256_final_masked.jpg,Tomato___Bacterial_spot
dataset\Tomato___healthy\c9bc09dd-7a19-46b6-ac5a-d857d50f0e5c___RS_HL 0484_final_masked.jpg,Tomato___healthy
dataset\Tomato___Early_blight\3e9af11d-b43d-4bfd-9cdf-1b0d847d3bf6___RS_Erly.B 7739_final_masked.jpg,Tomato___Early_blight
dataset\Tomato___Early_blight\51f589f7-d843-4d5d-8c5a-385951f58865___RS_Erly.B 9424_final_masked.jpg,Tomato___Early_blight
dataset\Tomato___Early_blight\7a255c73-1a41-47f8-8705-dee13a9a5827___RS_Erly.B 9399_final_masked.jpg,Tomato___Early_blight
dataset\Tomato___Late_blight\4dbcd899-49fd-4292-9931-d5857b5501df___RS_Late.B 6168_final_masked.jpg,Tomato___Late_blight
dataset\Tomato___Bacterial_spot\1a50d84b-c015-45ea-a041-500d5adcc339___UF.GRC_BS_Lab Leaf 8773_final_masked.jpg,Tomato___Bacterial_spot
dataset\Tomato___healthy\d03457b5-ff94-4042-a225-15714454ab4e___RS_HL 0466_final_masked.jpg,Tomato___healthy
dataset\Tomato___Bacterial_spot\d42b50b2-4178-4b79-8d97-309587703ae0___GCREC_Bact.Sp 5756_final_masked.jpg,Tomato___Bacterial_spot
dataset\Tomato___Late_blight\e64d0e92-dbc2-44c2-b96a-3da5dc3a1c39___GHLB_PS Leaf 15.1 Day 8_final_masked.jpg,Tomato___Late_blight
dataset\Tomato___healthy\62c36cad-2102-451d-aca7-93f2e58e14ab___RS_HL 0481_final_masked.jpg,Tomato___healthy
dataset\Tomato___Early_blight\22b653c4-9e15-4081-8ece-9b5950a94120___RS_Erly.B 7814_final_masked.jpg,Tomato___Early_blight
dataset\Tomato___Late_blight\f20d4b66-977f-4294-92d2-98322f9a4cb0___RS_Late.B 5137_final_masked.jpg,Tomato___Late_blight
dataset\Tomato___Late_blight\5670dbc5-e0bf-4f73-b8a0-b1f703030195___RS_Late.B 5094_final_masked.jpg,Tomato___Late_blight
dataset\Tomato___Bacterial_spot\09442ca2-e279-4937-8ba0-faa85901f199___GCREC_Bact.Sp 5643_final_masked.jpg,Tomato___Bacterial_spot
dataset\Tomato___Early_blight\d96c3244-39ec-4188-9870-a6e32aad81d6___RS_Erly.B 7540_final_masked.jpg,Tomato___Early_blight
dataset\Tomato___healthy\4c3bf302-573e-4240-9d67-60412ea836d0___RS_HL 0254_final_masked.jpg,Tomato___healthy
dataset\Tomato___healthy\316e62fa-d8a8-4451-80a8-a546c8c43511___RS_HL 9633_final_masked.jpg,Tomato___healthy
dataset\Tomato___Bacterial_spot\90fa8cf2-fc80-4944-9484-7cd6bb6cc1da___GCREC_Bact.Sp 5767_final_masked.jpg,Tomato___Bacterial_spot
dataset\Tomato___Late_blight\b6142592-6a73-4a6d-9320-7a69ecd7fee2___RS_Late.B 6162_final_masked.jpg,Tomato___Late_blight
dataset\Tomato___Early_blight\5daba301-b6f9-4fc4-8be7-a918d3a7554c___RS_Erly.B 8282_final_masked.jpg,Tomato___Early_blight
dataset\Tomato___healthy\59785876-4697-4cbe-881d-26133ccd21ec___RS_HL 9746_final_masked.jpg,Tomato___healthy
dataset\Tomato___Late_blight\a78725bd-f2c9-405e-8591-c8b009f43ea7___RS_Late.B 4918_final_masked.jpg,Tomato___Late_blight
dataset\Tomato___Early_blight\19427ace-5a24-4e30-8a4d-228ab4a3b99b___RS_Erly.B 7403_final_masked.jpg,Tomato___Early_blight
dataset\Tomato___Bacterial_spot\2a4a8942-9d1d-4989-a58b-a02f1cc2256a___GCREC_Bact.Sp 2970_final_masked.jpg,Tomato___Bacterial_spot
dataset\Tomato___Early_blight\872ec950-8238-4f73-a366-f72f2f92d3fe___RS_Erly.B 7487_final_masked.jpg,Tomato___Early_blight
dataset\Tomato___Early_blight\e330dc16-fdf9-4eee-8b09-88bfb5537180___RS_Erly.B 7601_final_masked.jpg,Tomato___Early_blight
dataset\Tomato___Late_blight\8061d6e6-8237-4ad3-9270-b6711e3819dd___GHLB2 Leaf 8539_final_masked.jpg,Tomato___Late_blight
dataset\Tomato___Bacterial_spot\022e8a4a-9297-4de3-88a5-ee7aa46dd526___UF.GRC_BS_Lab Leaf 8682_final_masked.jpg,Tomato___Bacterial_spot
dataset\Tomato___Late_blight\9768e99b-26dd-4295-bac6-a374dc1360be___RS_Late.B 6569_final_masked.jpg,Tomato___Late_blight
dataset\Tomato___healthy\47b93075-4991-4f6a-8510-5fe75a73567f___RS_HL 9719_final_masked.jpg,Tomato___healthy
dataset\Tomato___Late_blight\56276ee7-be4e-46a5-a58b-ac12858c136c___RS_Late.B 6227_final_masked.jpg,Tomato___Late_blight
dataset\Tomato___healthy\714b5b2d-482e-4276-8a06-ecf6a18bdb52___RS_HL 9941_final_masked.jpg,Tomato___healthy
dataset\Tomato___Early_blight\5c81bfc2-d377-4fc8-9f51-ff26a997c20b___RS_Erly.B 6345_final_masked.jpg,Tomato___Early_blight
dataset\Tomato___Late_blight\f15b868b-23ae-4e87-8053-6199c363e079___GHLB2 Leaf 8984_final_masked.jpg,Tomato___Late_blight
dataset\Tomato___Bacterial_spot\3a28881d-eede-4274-b158-c54ebd1c7164___GCREC_Bact.Sp 3136_final_masked.jpg,Tomato___Bacterial_spot
dataset\Tomato___Bacterial_spot\12071472-8b0f-494e-994e-8abff2082ec4___GCREC_Bact.Sp 6130_final_masked.jpg,Tomato___Bacterial_spot
dataset\Tomato___Bacterial_spot\f310847c-4d60-4212-babd-43d216cc8f88___UF.GRC_BS_Lab Leaf 0998_final_masked.jpg,Tomato___Bacterial_spot
dataset\Tomato___healthy\27c1515c-743f-4f4d-8342-fbe3cee29e7e___RS_HL 0344_final_masked.jpg,Tomato___healthy
dataset\Tomato___Bacterial_spot\a04e5c65-ae00-495e-b732-6c7030e32fc1___GCREC_Bact.Sp 2962_final_masked.jpg,Tomato___Bacterial_spot
dataset\Tomato___Early_blight\95de9f94-ddb1-4303-b3d9-a3ad2b430bbf___RS_Erly.B 9554_final_masked.jpg,Tomato___Early_blight
dataset\Tomato___healthy\7919a8c4-0eb1-477f-8534-fc8841245cf7___RS_HL 0538_final_masked.jpg,Tomato___healthy
dataset\Tomato___Bacterial_spot\7843b77e-20cc-4721-9eeb-62206d91af0e___GCREC_Bact.Sp 6144_final_masked.jpg,Tomato___Bacterial_spot
dataset\Tomato___Early_blight\2bdecb58-7e31-4129-83ff-125b7a31c0f6___RS_Erly.B 9506_final_masked.jpg,Tomato___Early_blight
dataset\Tomato___Early_blight\f834c581-d183-4a7a-98a5-77e8e2cbfa69___RS_Erly.B 7722_final_masked.jpg,Tomato___Early_blight
dataset\Tomato___Bacterial_spot\6cf3dccb-4d7d-430f-b49f-e18de33a65c2___UF.GRC_BS_Lab Leaf 1013_final_masked.jpg,Tomato___Bacterial_spot
dataset\Tomato___Bacterial_spot\d7f580f8-c7b1-47ff-9746-35f6f7000427___GCREC_Bact.Sp 3600_final_masked.jpg,Tomato___Bacterial_spot
dataset\Tomato___Bacterial_spot\c7fe1136-0450-42aa-801c-9485ba40cfc7___UF.GRC_BS_Lab Leaf 0376_final_masked.jpg,Tomato___Bacterial_spot
dataset\Tomato___Bacterial_spot\40c4a7ad-c8f9-4a58-986c-7de59a3189a8___GCREC_Bact.Sp 3415_final_masked.jpg,Tomato___Bacterial_spot
dataset\Tomato___Late_blight\5fe7a356-5447-4da3-afc8-f93a11250305___GHLB2ES Leaf 67_final_masked.jpg,Tomato___Late_blight
dataset\Tomato___Bacterial_spot\83e484bc-0e3e-4e57-b5a4-9e8d85f03cfb___GCREC_Bact.Sp 3837_final_masked.jpg,Tomato___Bacterial_spot
dataset\Tomato___Bacterial_spot\42ae82d8-e3d4-4afa-b511-aeb2f25ded63___GCREC_Bact.Sp 5556_final_masked.jpg,Tomato___Bacterial_spot
dataset\Tomato___Late_blight\4241f3aa-06c9-433a-91ef-97061a03dfae___RS_Late.B 4985_final_masked.jpg,Tomato___Late_blight
dataset\Tomato___Late_blight\a131e222-7e0f-4cb8-8527-4742e446372e___GHLB2 Leaf 8811_final_masked.jpg,Tomato___Late_blight
dataset\Tomato___healthy\1006c73b-19f8-4771-9fe5-3fc4908e8da3___RS_HL 0557_final_masked.jpg,Tomato___healthy
dataset\Tomato___Early_blight\089243e5-f319-4ed2-b10c-603328ff4143___RS_Erly.B 9428_final_masked.jpg,Tomato___Early_blight
dataset\Tomato___Bacterial_spot\d60ef655-b54e-4e58-ab25-64f523a97694___GCREC_Bact.Sp 3336_final_masked.jpg,Tomato___Bacterial_spot
dataset\Tomato___Bacterial_spot\dfdf92be-f19c-4833-a744-0ba25b3bb8bd___GCREC_Bact.Sp 3793_final_masked.jpg,Tomato___Bacterial_spot
dataset\Tomato___Bacterial_spot\0fac0401-b9dc-49a0-9011-2cd3eb906107___GCREC_Bact.Sp 3144_final_masked.jpg,Tomato___Bacterial_spot
dataset\Tomato___Bacterial_spot\5fe12bf4-de4e-49bc-8125-b47edd272f7e___GCREC_Bact.Sp 3205_final_masked.jpg,Tomato___Bacterial_spot
dataset\Tomato___Early_blight\3205c4f9-9dd4-44ce-8e4c-0bd93405d60b___RS_Erly.B 6331_final_masked.jpg,Tomato___Early_blight
dataset\Tomato___Late_blight\15f05055-2bb1-45f7-8a39-fce071823266___RS_Late.B 6082_final_masked.jpg,Tomato___Late_blight
dataset\Tomato___healthy\48b9e2a8-d24f-4dda-a3b9-a8705a6ffd4c___RS_HL 9990_final_masked.jpg,Tomato___healthy
dataset\Tomato___Bacterial_spot\cc2e453a-3331-4385-baab-e0935661bba4___GCREC_Bact.Sp 3590_final_masked.jpg,Tomato___Bacterial_spot
dataset\Tomato___healthy\18fa8f7f-ef94-4a3b-9c79-5f4362323134___RS_HL 9977_final_masked.jpg,Tomato___healthy
dataset\Tomato___Bacterial_spot\f69eb99b-2cf8-4fb1-abea-b1bad4d9dad8___GCREC_Bact.Sp 6151_final_masked.jpg,Tomato___Bacterial_spot
dataset\Tomato___Late_blight\1d83eef4-92a0-42a2-9ea7-1ec2e683dbc0___GHLB2 Leaf 8809_final_masked.jpg,Tomato___Late_blight
dataset\Tomato___Early_blight\fad513f7-c56a-439a-9a5b-515bd0fc8151___RS_Erly.B 9458_final_masked.jpg,Tomato___Early_blight
dataset\Tomato___healthy\22c48f3b-b49d-48b1-977e-e81d47c0f951___RS_HL 0369_final_masked.jpg,Tomato___healthy
dataset\Tomato___Late_blight\63385691-5de8-4652-abe5-15727fdcab4b___RS_Late.B 5342_final_masked.jpg,Tomato___Late_blight
dataset\Tomato___healthy\bd18b0d8-3ee7-4c96-a2d4-cf8db766c047___GH_HL Leaf 498.2_final_masked.jpg,Tomato___healthy
dataset\Tomato___Bacterial_spot\9a124e24-d9d2-43f3-b2b9-968e4422744c___GCREC_Bact.Sp 5998_final_masked.jpg,Tomato___Bacterial_spot
dataset\Tomato___Bacterial_spot\93425b8b-4f69-47ec-bbd7-15723bd9b563___GCREC_Bact.Sp 6004_final_masked.jpg,Tomato___Bacterial_spot
dataset\Tomato___Bacterial_spot\e2061420-56a2-4612-9ba9-1d9c40e7fd13___GCREC_Bact.Sp 5824_final_masked.jpg,Tomato___Bacterial_spot
dataset\Tomato___Early_blight\2998c7f2-9f4f-4734-aa39-403dd7211869___RS_Erly.B 7528_final_masked.jpg,Tomato___Early_blight
dataset\Tomato___Late_blight\d42db004-b176-449f-9290-061fb92738d2___RS_Late.B 7139_final_masked.jpg,Tomato___Late_blight
dataset\Tomato___Bacterial_spot\79e4404c-59ae-4ea9-9655-9e942ab9d72c___GCREC_Bact.Sp 6060_final_masked.jpg,Tomato___Bacterial_spot
dataset\Tomato___Bacterial_spot\fd3a25ef-50f2-4ca2-a20d-d0a99bcbae13___GCREC_Bact.Sp 6394_final_masked.jpg,Tomato___Bacterial_spot
dataset\Tomato___Bacterial_spot\adbc2b10-162e-467a-86bb-403891fe4e4f___GCREC_Bact.Sp 3541_final_masked.jpg,Tomato___Bacterial_spot
dataset\Tomato___Late_blight\a0f74b23-b001-4cb9-8a79-f80bda4cc8e8___GHLB2 Leaf 9018_final_masked.jpg,Tomato___Late_blight
dataset\Tomato___healthy\67fb6b30-9542-4606-9438-da3e96b6a2d7___GH_HL Leaf 213.2_final_masked.jpg,Tomato___healthy
dataset\Tomato___Late_blight\c933cfb7-d1c7-420b-88d0-7df28ae6ab2d___GHLB_PS Leaf 36.1 Day 13_final_masked.jpg,Tomato___Late_blight
dataset\Tomato___Bacterial_spot\bcb2dd59-8278-4bc7-9a7c-0fbc599adbab___UF.GRC_BS_Lab Leaf 8961_final_masked.jpg,Tomato___Bacterial_spot
dataset\Tomato___Bacterial_spot\526959cc-f05a-46fb-8625-ed60fdac30cd___GCREC_Bact.Sp 3032_final_masked.jpg,Tomato___Bacterial_spot
dataset\Tomato___healthy\460909e5-dd8c-48f9-9a06-6daa2b3d0529___RS_HL 0341_final_masked.jpg,Tomato___healthy
dataset\Tomato___Early_blight\4065f166-5f48-4277-9f51-7aa61dbd4b48___RS_Erly.B 8399_final_masked.jpg,Tomato___Early_blight
dataset\Tomato___healthy\20b835ac-a3bb-48ce-bb0d-5eb9a0d6ca56___RS_HL 9772_final_masked.jpg,Tomato___healthy
dataset\Tomato___healthy\c0a9b97c-c80c-4801-a877-7fb009601ddb___RS_HL 0346_final_masked.jpg,Tomato___healthy
dataset\Tomato___Bacterial_spot\cc10d1bc-301a-4f99-85cb-94c73acfbeea___GCREC_Bact.Sp 3397_final_masked.jpg,Tomato___Bacterial_spot
dataset\Tomato___Late_blight\b68b50e0-52b1-4ba0-98df-8080ffaf3a70___GHLB_PS Leaf 26 Day 16_final_masked.jpg,Tomato___Late_blight
dataset\Tomato___Early_blight\80c3b18f-a436-47f7-9153-2a24197f6b69___RS_Erly.B 9593_final_masked.jpg,Tomato___Early_blight
dataset\Tomato___healthy\a2bbffab-17fd-4608-8994-28f7a62e3a4f___RS_HL 0251_final_masked.jpg,Tomato___healthy
dataset\Tomato___Early_blight\9b84e7ac-4ffd-4e0b-8099-86f30ad23cda___RS_Erly.B 7731_final_masked.jpg,Tomato___Early_blight
dataset\Tomato___Late_blight\93c6117b-d192-4934-be00-8a6870704c78___RS_Late.B 6774_final_masked.jpg,Tomato___Late_blight
dataset\Tomato___Bacterial_spot\ccfdfe87-72ec-4b17-bd86-9f0bb242dfd5___GCREC_Bact.Sp 3367_final_masked.jpg,Tomato___Bacterial_spot
dataset\Tomato___Late_blight\66e527e1-3ac8-4b0d-ae29-e3dfabff5e59___RS_Late.B 5559_final_masked.jpg,Tomato___Late_blight
dataset\Tomato___Late_blight\8130621c-8ff8-4fd9-bd54-765491adc31f___GHLB2 Leaf 8822_final_masked.jpg,Tomato___Late_blight
dataset\Tomato___Late_blight\98f98ff0-04fc-4c8d-ae01-baf0e9a25572___GHLB Leaf 8.1 Day 6_final_masked.jpg,Tomato___Late_blight
dataset\Tomato___Early_blight\90915bb5-9440-43dd-85c1-5d30865054d5___RS_Erly.B 7493_final_masked.jpg,Tomato___Early_blight
dataset\Tomato___Late_blight\9309c2d7-07ea-4dfb-a79e-2e9128d38a75___GHLB2 Leaf 107.3_final_masked.jpg,Tomato___Late_blight
dataset\Tomato___Early_blight\171b6622-c111-4fe9-b3f9-12b12ee0db06___RS_Erly.B 7836_final_masked.jpg,Tomato___Early_blight
dataset\Tomato___Early_blight\eb807a4d-9d14-49a0-af1f-1e26b093edff___RS_Erly.B 7409_final_masked.jpg,Tomato___Early_blight
dataset\Tomato___Early_blight\366e550d-8604-44cd-b239-325d9e14a4f4___RS_Erly.B 6378_final_masked.jpg,Tomato___Early_blight
dataset\Tomato___Bacterial_spot\372d40b5-aac9-43d3-b9e7-08d52467622c___GCREC_Bact.Sp 6215_final_masked.jpg,Tomato___Bacterial_spot
dataset\Tomato___Bacterial_spot\5c5dbca4-4322-4227-a543-6ff6f876a531___GCREC_Bact.Sp 5785_final_masked.jpg,Tomato___Bacterial_spot
dataset\Tomato___Early_blight\da84925b-554a-465d-bdb2-91851f77d5ce___RS_Erly.B 9420_final_masked.jpg,Tomato___Early_blight
dataset\Tomato___Early_blight\48160d05-d3e5-44bb-810e-18d08407b529___RS_Erly.B 9606_final_masked.jpg,Tomato___Early_blight
dataset\Tomato___Late_blight\09590524-981f-4dc5-b6e3-5225a0c48019___GHLB2ES Leaf 140_final_masked.jpg,Tomato___Late_blight
dataset\Tomato___Bacterial_spot\767eb77f-de18-4314-a465-4df8d442f468___GCREC_Bact.Sp 5951_final_masked.jpg,Tomato___Bacterial_spot
dataset\Tomato___Late_blight\625f3869-3610-4ad5-9630-6e00aa8596fc___RS_Late.B 6204_final_masked.jpg,Tomato___Late_blight
dataset\Tomato___healthy\57cc95ac-1fae-4959-ba16-d65c3db753d1___RS_HL 0312_final_masked.jpg,Tomato___healthy
dataset\Tomato___Late_blight\31df9041-c8b0-4ebb-93f7-cdac5338723b___GHLB Leaf 3.1 Day 1_final_masked.jpg,Tomato___Late_blight
dataset\Tomato___Late_blight\ccc1fb49-16b3-4cf6-b782-4b98e9429f7b___GHLB2 Leaf 8832_final_masked.jpg,Tomato___Late_blight
dataset\Tomato___Late_blight\f08ebd91-a148-4494-a45c-55ebc1bf1f60___GHLB2 Leaf 8942_final_masked.jpg,Tomato___Late_blight
dataset\Tomato___Late_blight\903f6204-3857-495a-9cf3-8e3fbc930115___RS_Late.B 5496_final_masked.jpg,Tomato___Late_blight
dataset\Tomato___Late_blight\4378c0ca-ff9f-48f4-8311-e716e89b1a99___RS_Late.B 5087_final_masked.jpg,Tomato___Late_blight
dataset\Tomato___healthy\82df832d-43d4-41c5-97b8-baf8ff9c658c___RS_HL 9917_final_masked.jpg,Tomato___healthy
dataset\Tomato___Late_blight\ce02cb11-2c42-48ab-b20a-6412252b7cf1___RS_Late.B 6249_final_masked.jpg,Tomato___Late_blight
dataset\Tomato___Late_blight\36193f11-7789-416d-b0dd-0cae49f74836___GHLB Leaf 23.2 Day 18_final_masked.jpg,Tomato___Late_blight
dataset\Tomato___Early_blight\42c0d61f-b28e-43e9-9fa3-bb03c6ec086a___RS_Erly.B 9601_final_masked.jpg,Tomato___Early_blight
dataset\Tomato___Bacterial_spot\7b4a5701-1c8d-425d-bf24-204e6de88013___UF.GRC_BS_Lab Leaf 0349_final_masked.jpg,Tomato___Bacterial_spot
dataset\Tomato___Bacterial_spot\8359ee8c-ab0e-4aaf-9369-b1a748e4dcf1___GCREC_Bact.Sp 6337_final_masked.jpg,Tomato___Bacterial_spot
dataset\Tomato___Late_blight\3943d2dd-ffb8-43db-a59d-db7af654aecf___GHLB_PS Leaf 51.1 Day 18_final_masked.jpg,Tomato___Late_blight
dataset\Tomato___Bacterial_spot\2471c3d8-c8b2-4e2a-9943-afb84ed48a35___GCREC_Bact.Sp 3198_final_masked.jpg,Tomato___Bacterial_spot
dataset\Tomato___Bacterial_spot\0493c0e5-27e3-41d6-81f0-7830cef39080___UF.GRC_BS_Lab Leaf 8615_final_masked.jpg,Tomato___Bacterial_spot
dataset\Tomato___Late_blight\9d849fe1-407c-44dc-9f48-92fd23d0887d___GHLB2 Leaf 8624_final_masked.jpg,Tomato___Late_blight
dataset\Tomato___Bacterial_spot\259e3235-f6f5-4d2a-8fb6-f63f3446d2f9___GCREC_Bact.Sp 6282_final_masked.jpg,Tomato___Bacterial_spot
dataset\Tomato___Bacterial_spot\b179b3d0-80cf-4dbf-9e88-b3e9b4a93b3b___GCREC_Bact.Sp 3659_final_masked.jpg,Tomato___Bacterial_spot
dataset\Tomato___Late_blight\c215da6d-139c-40b7-aeae-41138ff98a1c___GHLB2 Leaf 8932_final_masked.jpg,Tomato___Late_blight
dataset\Tomato___healthy\59cc3bec-c66b-43f7-a445-42af2d7be410___GH_HL Leaf 476_final_masked.jpg,Tomato___healthy
dataset\Tomato___Early_blight\932fabe0-247e-4e51-92d3-cd824fc6bc5d___RS_Erly.B 9540_final_masked.jpg,Tomato___Early_blight
dataset\Tomato___Early_blight\f4d4fe0b-d711-4a2c-b331-213787eda9b0___RS_Erly.B 6665_final_masked.jpg,Tomato___Early_blight
dataset\Tomato___Late_blight\2d65b450-78b3-45db-ae98-2ee76f9fe1e2___GHLB2 Leaf 9116_final_masked.jpg,Tomato___Late_blight
dataset\Tomato___Late_blight\c2206073-244f-49ca-afe8-4455d00133b9___RS_Late.B 6805_final_masked.jpg,Tomato___Late_blight
dataset\Tomato___Bacterial_spot\68a97dc7-5cb3-4e41-8017-ae149e568d36___GCREC_Bact.Sp 5849_final_masked.jpg,Tomato___Bacterial_spot
dataset\Tomato___healthy\4ed59995-6214-4996-b98b-750e85433920___GH_HL Leaf 474_final_masked.jpg,Tomato___healthy
dataset\Tomato___Bacterial_spot\bcffc5ba-6602-455f-a84c-eb0ad85672bc___UF.GRC_BS_Lab Leaf 0373_final_masked.jpg,Tomato___Bacterial_spot
dataset\Tomato___Late_blight\13533985-e30d-4023-8bd3-7a45b07816ca___RS_Late.B 5593_final_masked.jpg,Tomato___Late_blight
dataset\Tomato___Bacterial_spot\53f5c516-74f1-41b1-bd89-115568003933___GCREC_Bact.Sp 5704_final_masked.jpg,Tomato___Bacterial_spot
dataset\Tomato___Late_blight\f8afeeda-7bed-422b-8535-67e221372eb7___RS_Late.B 5315_final_masked.jpg,Tomato___Late_blight
dataset\Tomato___healthy\ea815fb4-7c6f-4088-94d0-59609294c65e___RS_HL 9785_final_masked.jpg,Tomato___healthy
dataset\Tomato___healthy\6949b108-03f0-4cee-b91a-bb5b23e93249___GH_HL Leaf 331.3_final_masked.jpg,Tomato___healthy
dataset\Tomato___Bacterial_spot\88f636cd-922e-46b2-a630-200a002f3da3___GCREC_Bact.Sp 3000_final_masked.jpg,Tomato___Bacterial_spot
dataset\Tomato___Bacterial_spot\e48d7087-f125-4912-b9d6-65fdeedd2ddb___GCREC_Bact.Sp 6182_final_masked.jpg,Tomato___Bacterial_spot
dataset\Tomato___healthy\0a205a11-1e64-49f7-93c2-ad59312b4f83___RS_HL 0334_final_masked.jpg,Tomato___healthy
dataset\Tomato___Early_blight\2efd143b-619d-455d-9b16-95536cad01e3___RS_Erly.B 7780_final_masked.jpg,Tomato___Early_blight
dataset\Tomato___Bacterial_spot\9a49c63a-b86d-4815-a1d2-0800ec359f9f___UF.GRC_BS_Lab Leaf 0304_final_masked.jpg,Tomato___Bacterial_spot
dataset\Tomato___Late_blight\65c6537e-336c-4b5c-b525-bb421800b971___RS_Late.B 5568_final_masked.jpg,Tomato___Late_blight
dataset\Tomato___Late_blight\6dbfc1ca-37e7-4768-8009-4394e97c6c03___GHLB2 Leaf 8838_final_masked.jpg,Tomato___Late_blight
dataset\Tomato___Bacterial_spot\d5291fc4-6702-407a-a09f-1c8e2e7455fc___GCREC_Bact.Sp 5642_final_masked.jpg,Tomato___Bacterial_spot
dataset\Tomato___Late_blight\558b263e-f6d3-4f15-9d16-2e100a34b99f___RS_Late.B 5414_final_masked.jpg,Tomato___Late_blight
dataset\Tomato___Late_blight\56fff1a0-e145-4cf8-a2e0-925d9fae1e24___GHLB Leaf 25 Day 12_final_masked.jpg,Tomato___Late_blight
dataset\Tomato___Early_blight\c83d0821-505b-4270-acd7-1a5c79f671b4___RS_Erly.B 7629_final_masked.jpg,Tomato___Early_blight
dataset\Tomato___Bacterial_spot\149fd0ef-ec5a-4a34-aa8f-8ed381b7d77d___GCREC_Bact.Sp 3370_final_masked.jpg,Tomato___Bacterial_spot
dataset\Tomato___Late_blight\2ccd5383-74a3-41d5-9483-110a20ebf247___RS_Late.B 5329_final_masked.jpg,Tomato___Late_blight
dataset\Tomato___Bacterial_spot\e818ebcc-f37e-41c7-beae-0cb76e113a36___UF.GRC_BS_Lab Leaf 8705_final_masked.jpg,Tomato___Bacterial_spot
dataset\Tomato___healthy\388c05b0-964f-40e1-9319-2466a4021311___GH_HL Leaf 479.4_final_masked.jpg,Tomato___healthy
dataset\Tomato___Late_blight\a922e2df-e521-466a-8ef9-7f88aa062ac6___GHLB2ES Leaf 119_final_masked.jpg,Tomato___Late_blight
dataset\Tomato___Bacterial_spot\162156e8-724a-48d9-8a19-904937f9dc03___GCREC_Bact.Sp 3472_final_masked.jpg,Tomato___Bacterial_spot
dataset\Tomato___healthy\fd75c626-bda9-4388-8b29-75d40ea7c6d4___RS_HL 0041_final_masked.jpg,Tomato___healthy
dataset\Tomato___healthy\a5e54e01-2cd5-482a-bfba-8728ca32473c___GH_HL Leaf 426_final_masked.jpg,Tomato___healthy
dataset\Tomato___Late_blight\89454f79-f848-435c-aac6-d492da7051e5___GHLB2 Leaf 8996_final_masked.jpg,Tomato___Late_blight
dataset\Tomato___Early_blight\2832ca53-be67-44c0-ac55-eb815bd85fd3___RS_Erly.B 8242_final_masked.jpg,Tomato___Early_blight
dataset\Tomato___Bacterial_spot\eb36b979-d626-4f44-b6fe-0d4eec0f3081___UF.GRC_BS_Lab Leaf 0593_final_masked.jpg,Tomato___Bacterial_spot
dataset\Tomato___Bacterial_spot\8c9604f7-33d8-4212-8c28-43508c7a3c08___GCREC_Bact.Sp 3716_final_masked.jpg,Tomato___Bacterial_spot
dataset\Tomato___healthy\2e96661f-a313-4deb-bf32-1eacbc10c48d___GH_HL Leaf 424_final_masked.jpg,Tomato___healthy
dataset\Tomato___healthy\2a11ceb9-41c9-4f2e-bed9-ef1c1c7d479b___RS_HL 0371_final_masked.jpg,Tomato___healthy
dataset\Tomato___healthy\e73a233d-84c8-407a-aefa-8a3865450351___GH_HL Leaf 222_final_masked.jpg,Tomato___healthy
dataset\Tomato___healthy\1317fd49-1819-4065-b3a4-d74f9763c7c4___RS_HL 0252_final_masked.jpg,Tomato___healthy
dataset\Tomato___Late_blight\15313d25-7420-46aa-a28d-92e4b631233e___GHLB2 Leaf 8698_final_masked.jpg,Tomato___Late_blight
dataset\Tomato___Late_blight\f582a1b2-636d-4a0e-a113-5dcfb5c2d7e8___GHLB2 Leaf 9098_final_masked.jpg,Tomato___Late_blight
dataset\Tomato___Bacterial_spot\5b247678-19af-4134-941e-de7bb39cee22___UF.GRC_BS_Lab Leaf 8800_final_masked.jpg,Tomato___Bacterial_spot
dataset\Tomato___Late_blight\3d43c9c6-7b87-4c79-819c-e202de44236c___GHLB2 Leaf 89.3_final_masked.jpg,Tomato___Late_blight
dataset\Tomato___Late_blight\4789c47e-2fcd-4dd5-8a57-818b745c123d___GHLB2 Leaf 8545_final_masked.jpg,Tomato___Late_blight
dataset\Tomato___Bacterial_spot\14707115-d4c3-4e6b-9895-d1613116fd3f___GCREC_Bact.Sp 3490_final_masked.jpg,Tomato___Bacterial_spot
dataset\Tomato___Bacterial_spot\12159ce5-93ff-4ef3-b1ca-0bf130278818___GCREC_Bact.Sp 3565_final_masked.jpg,Tomato___Bacterial_spot
dataset\Tomato___Bacterial_spot\885c07cf-7443-4cc6-ba15-cc8e75aa7ebe___GCREC_Bact.Sp 6016_final_masked.jpg,Tomato___Bacterial_spot
dataset\Tomato___Bacterial_spot\8173d1ee-3fb4-493d-80d2-73ff608b8467___UF.GRC_BS_Lab Leaf 0501_final_masked.jpg,Tomato___Bacterial_spot
dataset\Tomato___healthy\9dfa9d89-0a19-4e22-81c1-07c54a21f982___RS_HL 9768_final_masked.jpg,Tomato___healthy
dataset\Tomato___Late_blight\483e8a16-c92f-4f69-a048-54c5f4c3676a___RS_Late.B 6296_final_masked.jpg,Tomato___Late_blight
dataset\Tomato___Bacterial_spot\970fcaf8-57a8-4219-810b-291ef0283e7a___UF.GRC_BS_Lab Leaf 9285_final_masked.jpg,Tomato___Bacterial_spot
dataset\Tomato___Late_blight\a02557d9-976b-4b21-8318-aecef263f90c___GHLB2 Leaf 8649_final_masked.jpg,Tomato___Late_blight
dataset\Tomato___Early_blight\55d4f7b2-17d3-4987-92fe-6aff1a8c4f3a___RS_Erly.B 7558_final_masked.jpg,Tomato___Early_blight
dataset\Tomato___Late_blight\a87b8e0c-2279-4cf7-85a4-0fba63130902___RS_Late.B 5323_final_masked.jpg,Tomato___Late_blight
dataset\Tomato___Early_blight\24455ffa-8700-475c-8b4e-a7775f40ad3f___RS_Erly.B 8365_final_masked.jpg,Tomato___Early_blight
dataset\Tomato___Late_blight\3fcbbb8e-c7dc-4921-b8b6-bc118b877a82___RS_Late.B 5059_final_masked.jpg,Tomato___Late_blight
dataset\Tomato___healthy\0782c04b-2a91-4e10-89a7-cf3d3e48be82___RS_HL 9645_final_masked.jpg,Tomato___healthy
dataset\Tomato___Late_blight\f7d235fa-e0ef-4475-88d2-3bfa79f1ab6f___RS_Late.B 7059_final_masked.jpg,Tomato___Late_blight
dataset\Tomato___healthy\bb0d7ad0-8374-41a1-85bd-699892bb8431___RS_HL 0176_final_masked.jpg,Tomato___healthy
dataset\Tomato___Bacterial_spot\2b6acf2e-3476-48a4-baa4-51aa62278537___GCREC_Bact.Sp 2977_final_masked.jpg,Tomato___Bacterial_spot
dataset\Tomato___Bacterial_spot\87de72a0-fb7c-493a-bec6-227f39b44f96___GCREC_Bact.Sp 5861_final_masked.jpg,Tomato___Bacterial_spot
dataset\Tomato___healthy\522cba8a-8cf7-4d39-a73e-0602ab6fc71f___RS_HL 0288_final_masked.jpg,Tomato___healthy
dataset\Tomato___Bacterial_spot\4913ff90-0ca7-43b5-a157-a8ab19e43f12___UF.GRC_BS_Lab Leaf 0537_final_masked.jpg,Tomato___Bacterial_spot
dataset\Tomato___Late_blight\c0b62c7a-4b0c-43d6-80d9-d5c6eef43325___RS_Late.B 6114_final_masked.jpg,Tomato___Late_blight
dataset\Tomato___Bacterial_spot\b6e70a9c-f9c1-457c-826a-81749c540fe5___GCREC_Bact.Sp 5581_final_masked.jpg,Tomato___Bacterial_spot
dataset\Tomato___Late_blight\f3c203d3-4246-4af5-adfd-37452f637024___GHLB2 Leaf 118.1_final_masked.jpg,Tomato___Late_blight
dataset\Tomato___Early_blight\553d53a5-19f3-433e-9805-d3bf5a3804b1___RS_Erly.B 7580_final_masked.jpg,Tomato___Early_blight
dataset\Tomato___Bacterial_spot\2fa031cf-7326-46a8-a565-2ce27d003e2d___GCREC_Bact.Sp 5884_final_masked.jpg,Tomato___Bacterial_spot
dataset\Tomato___Late_blight\aa32ce1a-27a6-4371-b119-ff5ea6e34a3d___GHLB_PS Leaf 24 Day 9_final_masked.jpg,Tomato___Late_blight
dataset\Tomato___healthy\f2f5162b-7cc7-4315-8692-d1eaab98c554___GH_HL Leaf 507.2_final_masked.jpg,Tomato___healthy
dataset\Tomato___Early_blight\3889a459-3e30-4345-83e1-57c68b32af30___RS_Erly.B 7638_final_masked.jpg,Tomato___Early_blight
dataset\Tomato___Early_blight\de8d6c32-2b7c-4c2c-a974-9c1c9c30486e___RS_Erly.B 9560_final_masked.jpg,Tomato___Early_blight
dataset\Tomato___Late_blight\f3e53136-750b-4394-96fe-0cd8c2f747bc___GHLB2 Leaf 8661_final_masked.jpg,Tomato___Late_blight
dataset\Tomato___Late_blight\cb3bd866-dd84-4f7e-9226-b4a2a2c7f2ae___GH_HL Leaf 173.2_final_masked.jpg,Tomato___Late_blight
dataset\Tomato___healthy\6248b67a-a5ba-4313-9248-2dd343266da2___RS_HL 0485_final_masked.jpg,Tomato___healthy
dataset\Tomato___healthy\776714ac-7a89-4449-bde9-9b9911f1a371___RS_HL 9886_final_masked.jpg,Tomato___healthy
dataset\Tomato___Late_blight\4ceb4156-66d9-4405-9472-82a35f0fa245___GHLB2 Leaf 8662_final_masked.jpg,Tomato___Late_blight
dataset\Tomato___Bacterial_spot\8b1a6730-4e10-4864-bdfb-4f454f7ef87c___GCREC_Bact.Sp 3132_final_masked.jpg,Tomato___Bacterial_spot
dataset\Tomato___Bacterial_spot\55ab0db9-5d18-4634-ab2a-db1a2c3f4299___UF.GRC_BS_Lab Leaf 1032_final_masked.jpg,Tomato___Bacterial_spot
dataset\Tomato___Early_blight\bb12ec71-c438-43f5-a077-e5924af2409e___RS_Erly.B 8402_final_masked.jpg,Tomato___Early_blight
dataset\Tomato___Late_blight\ce90a66b-6d07-4fc1-89bd-af0de0c5dee1___GHLB2 Leaf 108_final_masked.jpg,Tomato___Late_blight
dataset\Tomato___Bacterial_spot\88a7028b-20f6-43c3-bc33-9b841a4ed9ce___GCREC_Bact.Sp 6334_final_masked.jpg,Tomato___Bacterial_spot
dataset\Tomato___Bacterial_spot\46d649c2-01cc-4716-8907-10ca3036c255___UF.GRC_BS_Lab Leaf 8868_final_masked.jpg,Tomato___Bacterial_spot
dataset\Tomato___healthy\2bce59d3-c971-46da-8bb5-bc36b712e208___GH_HL Leaf 257_final_masked.jpg,Tomato___healthy
dataset\Tomato___Late_blight\58e44a1a-8c19-4a83-834e-c40474a2cd51___GHLB2 Leaf 55.1_final_masked.jpg,Tomato___Late_blight
dataset\Tomato___Early_blight\468dba17-366a-422f-b3b6-061261942b0d___RS_Erly.B 7853_final_masked.jpg,Tomato___Early_blight
dataset\Tomato___Late_blight\e2f784ec-10de-4556-8dea-47c9d2c4e791___GHLB2 Leaf 147.2_final_masked.jpg,Tomato___Late_blight
dataset\Tomato___Bacterial_spot\7bc2c7e3-01a8-441a-8aaa-b6cc95c4b17e___GCREC_Bact.Sp 3142_final_masked.jpg,Tomato___Bacterial_spot
dataset\Tomato___Early_blight\5ac465b8-86c9-469a-a656-add4ab1f14e4___RS_Erly.B 6473_final_masked.jpg,Tomato___Early_blight
dataset\Tomato___healthy\dd50e041-1df0-45e4-8ab7-126f0ae2b984___GH_HL Leaf 270_final_masked.jpg,Tomato___healthy
dataset\Tomato___healthy\50653809-a548-4b7e-898d-6e3dac85ac8d___RS_HL 9855_final_masked.jpg,Tomato___healthy
dataset\Tomato___Late_blight\8d5ef81f-1b09-4221-abaa-990bfb2180b9___RS_Late.B 6745_final_masked.jpg,Tomato___Late_blight
dataset\Tomato___Bacterial_spot\7ca28666-9325-4718-b10f-44d0fcd03a85___UF.GRC_BS_Lab Leaf 0807_final_masked.jpg,Tomato___Bacterial_spot
dataset\Tomato___Bacterial_spot\d8db4770-1ba3-4648-8a8f-05bfcd2d6e49___GCREC_Bact.Sp 6123_final_masked.jpg,Tomato___Bacterial_spot
dataset\Tomato___Late_blight\1b212ad6-e65a-4467-bfd1-9f9139070d33___GHLB2 Leaf 8609_final_masked.jpg,Tomato___Late_blight
dataset\Tomato___Late_blight\ea8996e6-05f4-4792-9704-e2c796b0fbf2___RS_Late.B 5075_final_masked.jpg,Tomato___Late_blight
dataset\Tomato___healthy\c4a30e2a-f520-4cdc-a58d-7ea1eb7c22e6___GH_HL Leaf 454_final_masked.jpg,Tomato___healthy
dataset\Tomato___Late_blight\4efe334c-09f2-44ec-b2cf-37dc45c693d2___GHLB2 Leaf 90.1_final_masked.jpg,Tomato___Late_blight
dataset\Tomato___Bacterial_spot\72617b0d-a051-4296-a577-5cfd1539d1a9___GCREC_Bact.Sp 2960_final_masked.jpg,Tomato___Bacterial_spot
dataset\Tomato___healthy\5015e0d2-a6e3-4859-aceb-78089d1b60f7___GH_HL Leaf 186.2_final_masked.jpg,Tomato___healthy
dataset\Tomato___Early_blight\e008f248-eaa3-4d65-a649-4ba7134f4c56___RS_Erly.B 9537_final_masked.jpg,Tomato___Early_blight
dataset\Tomato___Bacterial_spot\a4bbf5a4-eed0-4f21-8bb3-3cf3bb17f7cd___GCREC_Bact.Sp 3177_final_masked.jpg,Tomato___Bacterial_spot
dataset\Tomato___Early_blight\30480c06-fc07-47f2-8059-51d08240aad8___RS_Erly.B 9528_final_masked.jpg,Tomato___Early_blight
dataset\Tomato___healthy\37203047-d8ba-43f7-b31e-d496c41c569c___GH_HL Leaf 389_final_masked.jpg,Tomato___healthy
dataset\Tomato___healthy\7c2aba18-254c-4e86-86ee-196a5a092324___RS_HL 0395_final_masked.jpg,Tomato___healthy
dataset\Tomato___healthy\fdbbea63-18e0-401f-8269-64ba005ab53f___RS_HL 0213_final_masked.jpg,Tomato___healthy
dataset\Tomato___Bacterial_spot\a1d8e2a7-c4c9-42d2-8a0d-bcf04053412f___GCREC_Bact.Sp 5672_final_masked.jpg,Tomato___Bacterial_spot
dataset\Tomato___Bacterial_spot\9ea77bf9-c078-4adf-9173-ca0dca15dabd___GCREC_Bact.Sp 6333_final_masked.jpg,Tomato___Bacterial_spot
dataset\Tomato___healthy\5f11bef5-6b09-4a9c-b0e1-6dfdd16f42d3___GH_HL Leaf 457_final_masked.jpg,Tomato___healthy
dataset\Tomato___Early_blight\2840c2f1-b901-41c2-8d0c-7827bc7f8ab3___RS_Erly.B 9574_final_masked.jpg,Tomato___Early_blight
dataset\Tomato___Bacterial_spot\cd4a85cb-1944-44e9-82f7-78f1365a46e0___GCREC_Bact.Sp 5817_final_masked.jpg,Tomato___Bacterial_spot
dataset\Tomato___Late_blight\8c36f3d7-3aee-4341-8319-449e3f5e6f79___RS_Late.B 5596_final_masked.jpg,Tomato___Late_blight
dataset\Tomato___Bacterial_spot\46638af1-9027-42c5-a5c0-03d6b684f975___UF.GRC_BS_Lab Leaf 0217_final_masked.jpg,Tomato___Bacterial_spot
dataset\Tomato___Late_blight\cebd5337-bb61-4454-93da-bba4169f0802___GHLB2 Leaf 145_final_masked.jpg,Tomato___Late_blight
dataset\Tomato___Late_blight\0fd882fa-471d-4bcc-ab2b-efdfaf904bc3___GHLB2 Leaf 8915_final_masked.jpg,Tomato___Late_blight
dataset\Tomato___Bacterial_spot\817211b7-a7bf-49a9-bdb8-dc78cba82ab9___GCREC_Bact.Sp 3799_final_masked.jpg,Tomato___Bacterial_spot
dataset\Tomato___healthy\724de01c-90cd-48e7-9360-749bb5b4713b___GH_HL Leaf 271.1_final_masked.jpg,Tomato___healthy
dataset\Tomato___Early_blight\bdf7f885-1619-4b3f-bba8-e97896af0de5___RS_Erly.B 7819_final_masked.jpg,Tomato___Early_blight
dataset\Tomato___Late_blight\3c813cf8-6949-4e1f-b812-3530e3ab5c8b___RS_Late.B 4828_final_masked.jpg,Tomato___Late_blight
dataset\Tomato___Late_blight\d55910c3-3530-4bde-94a7-6748f5fadfb4___RS_Late.B 7161_final_masked.jpg,Tomato___Late_blight
dataset\Tomato___healthy\d48fe069-a000-4242-b6cf-fb465e47615b___RS_HL 0594_final_masked.jpg,Tomato___healthy
dataset\Tomato___Early_blight\0cd17aff-13d8-439a-ac08-dae1aea55edb___RS_Erly.B 7828_final_masked.jpg,Tomato___Early_blight
dataset\Tomato___healthy\eacb7fe2-5c0a-4058-a7d7-a2270faee988___RS_HL 9654_final_masked.jpg,Tomato___healthy
dataset\Tomato___Late_blight\0ac3df5b-d713-42ef-b0ad-20b5410237ad___RS_Late.B 4969_final_masked.jpg,Tomato___Late_blight
dataset\Tomato___Bacterial_spot\638774fe-d7e6-4920-a8d9-e39b9c308474___GCREC_Bact.Sp 5806_final_masked.jpg,Tomato___Bacterial_spot
dataset\Tomato___Late_blight\0418161a-871a-4d36-b988-c95f89e0feaf___RS_Late.B 7063_final_masked.jpg,Tomato___Late_blight
dataset\Tomato___Late_blight\cd11a26c-4833-4829-b6b7-29b03bc8df4d___RS_Late.B 5615_final_masked.jpg,Tomato___Late_blight
dataset\Tomato___Early_blight\23e8ae15-6cfc-4518-9266-3a289a7bced7___RS_Erly.B 6479_final_masked.jpg,Tomato___Early_blight
dataset\Tomato___Late_blight\873aa4b3-61f8-473a-8fd3-b39ede9376c4___RS_Late.B 4829_final_masked.jpg,Tomato___Late_blight
dataset\Tomato___Early_blight\121e9cbe-77d2-43ca-8e04-17a556a1c2b2___RS_Erly.B 7512_final_masked.jpg,Tomato___Early_blight
dataset\Tomato___Bacterial_spot\35eba8e4-d6ea-437a-8945-91cbca22cd8b___UF.GRC_BS_Lab Leaf 0398_final_masked.jpg,Tomato___Bacterial_spot
dataset\Tomato___Early_blight\3069555f-45e9-4208-bc5e-015ce47e34e2___RS_Erly.B 7663_final_masked.jpg,Tomato___Early_blight
dataset\Tomato___Bacterial_spot\542e3014-3c3c-40c2-bf7e-73287f5302e4___GCREC_Bact.Sp 3157_final_masked.jpg,Tomato___Bacterial_spot
dataset\Tomato___Bacterial_spot\6e9172ee-1bb5-49dc-bf23-203b2de71bbd___GCREC_Bact.Sp 3518_final_masked.jpg,Tomato___Bacterial_spot
dataset\Tomato___healthy\01700b46-3800-46c6-ab81-09a5f50af525___RS_HL 0108_final_masked.jpg,Tomato___healthy
dataset\Tomato___Late_blight\674b9176-bd0c-47be-94a3-7c973d2ecdab___GHLB_PS leaf 28.1 Day 12_final_masked.jpg,Tomato___Late_blight
dataset\Tomato___Late_blight\82dc2c64-2489-49d7-b199-f8c6a04c1649___RS_Late.B 6282_final_masked.jpg,Tomato___Late_blight
dataset\Tomato___Late_blight\745086e9-2e07-48e3-809e-7448e14332ef___GHLB2 Leaf 134.2_final_masked.jpg,Tomato___Late_blight
dataset\Tomato___Early_blight\30901e71-e656-4e7e-b3ec-0f813c307b88___RS_Erly.B 9396_final_masked.jpg,Tomato___Early_blight
dataset\Tomato___healthy\2ec18b22-c51c-456b-bf94-d5f3d282fb6c___RS_HL 0179_final_masked.jpg,Tomato___healthy
dataset\Tomato___Bacterial_spot\6fb27117-172c-41a3-88c9-8a54380363eb___GCREC_Bact.Sp 3671_final_masked.jpg,Tomato___Bacterial_spot
dataset\Tomato___Late_blight\a03417ff-445e-429e-aa3e-d90c23886f6e___RS_Late.B 6356_final_masked.jpg,Tomato___Late_blight
dataset\Tomato___Late_blight\b636dc09-ae98-4907-bc0e-3f1e8c444b50___GHLB2 Leaf 9115_final_masked.jpg,Tomato___Late_blight
dataset\Tomato___Bacterial_spot\3dbc84e0-27f1-421f-8978-82881bf846fd___GCREC_Bact.Sp 3514_final_masked.jpg,Tomato___Bacterial_spot
dataset\Tomato___Late_blight\98288f42-3067-4117-9e1d-d4a6b88f16eb___RS_Late.B 5545_final_masked.jpg,Tomato___Late_blight
dataset\Tomato___Early_blight\c1291fe6-06c2-477e-b30f-dca9a9a80079___RS_Erly.B 8371_final_masked.jpg,Tomato___Early_blight
dataset\Tomato___Late_blight\e4f561cc-0e83-4718-90bf-2648db94a4bb___GHLB2 Leaf 162.1_final_masked.jpg,Tomato___Late_blight
dataset\Tomato___Bacterial_spot\9af2b6a5-23a1-4ac9-b635-6018589c9d25___GCREC_Bact.Sp 3371_final_masked.jpg,Tomato___Bacterial_spot
dataset\Tomato___Late_blight\8ebbd6ea-f580-492d-a01d-7f00a3e788fb___RS_Late.B 6603_final_masked.jpg,Tomato___Late_blight
dataset\Tomato___Late_blight\b3094af3-490b-4cbe-806e-dc793a94a4fd___RS_Late.B 6490_final_masked.jpg,Tomato___Late_blight
dataset\Tomato___Late_blight\7a48f790-80f5-4d75-bd49-3c42e8c92fb6___RS_Late.B 4844_final_masked.jpg,Tomato___Late_blight
dataset\Tomato___healthy\cb3ab315-c340-469c-8291-abe02183b05a___RS_HL 0161_final_masked.jpg,Tomato___healthy
dataset\Tomato___Bacterial_spot\fe9f6122-ab3f-46bb-b9db-fee295881270___GCREC_Bact.Sp 6341_final_masked.jpg,Tomato___Bacterial_spot
dataset\Tomato___Bacterial_spot\ccfd719f-6e00-491f-8c6e-c91bccb4550a___GCREC_Bact.Sp 3730_final_masked.jpg,Tomato___Bacterial_spot
dataset\Tomato___Early_blight\c5b268b2-80e3-45b2-8ba8-2412df3d6444___RS_Erly.B 7364_final_masked.jpg,Tomato___Early_blight
dataset\Tomato___Late_blight\fbe8ab0c-7091-4bea-a2a5-94765096a7c9___RS_Late.B 6999_final_masked.jpg,Tomato___Late_blight
dataset\Tomato___Bacterial_spot\ebaf3d67-cb6b-4b01-be28-f2276db98177___GCREC_Bact.Sp 3649_final_masked.jpg,Tomato___Bacterial_spot
dataset\Tomato___Late_blight\3f5d6de4-0966-4798-b142-78c4fb4097b5___GHLB2 Leaf 8628_final_masked.jpg,Tomato___Late_blight
dataset\Tomato___Bacterial_spot\283cf780-42c2-42ed-860a-29e7991c4e57___GCREC_Bact.Sp 5730_final_masked.jpg,Tomato___Bacterial_spot
dataset\Tomato___healthy\1dffd343-4634-4b33-95f4-eecc755aec8f___GH_HL Leaf 168_final_masked.jpg,Tomato___healthy
dataset\Tomato___Late_blight\3ac52b85-d4a3-4958-9e68-399b919cf7b0___GHLB2 Leaf 8638_final_masked.jpg,Tomato___Late_blight
dataset\Tomato___Early_blight\3a7c19c6-a86d-4127-b00e-600cb0244ac4___RS_Erly.B 6415_final_masked.jpg,Tomato___Early_blight
dataset\Tomato___healthy\5faa74ba-8f46-4b2b-a7bf-3bc8d9458526___RS_HL 9741_final_masked.jpg,Tomato___healthy
dataset\Tomato___Bacterial_spot\526fe053-f112-41dc-8a66-f912b73d0b66___UF.GRC_BS_Lab Leaf 8941_final_masked.jpg,Tomato___Bacterial_spot
dataset\Tomato___Late_blight\5a7059b0-82e8-441e-8d8a-02521d0fa602___GHLB2 Leaf 9058_final_masked.jpg,Tomato___Late_blight
dataset\Tomato___Bacterial_spot\5882470e-77e6-46da-b63c-b804ce311df1___GCREC_Bact.Sp 3040_final_masked.jpg,Tomato___Bacterial_spot
dataset\Tomato___Bacterial_spot\23642d88-83e5-491d-b9f2-7ddac809975b___GCREC_Bact.Sp 6186_final_masked.jpg,Tomato___Bacterial_spot
dataset\Tomato___Early_blight\f6ddeb19-8aa3-40f5-8b60-b2f404f13407___RS_Erly.B 7705_final_masked.jpg,Tomato___Early_blight
dataset\Tomato___Early_blight\96aa2fd2-d8dc-4650-9b56-7b0f25f27edf___RS_Erly.B 7821_final_masked.jpg,Tomato___Early_blight
dataset\Tomato___healthy\06ee1c8d-fbe4-48e9-a1b2-fed7ed5539f7___GH_HL Leaf 293_final_masked.jpg,Tomato___healthy
dataset\Tomato___Early_blight\e94d68c8-f185-4b3d-9b44-ad12e3dc891d___RS_Erly.B 9598_final_masked.jpg,Tomato___Early_blight
dataset\Tomato___Early_blight\e11ee1f8-8de2-4d9c-a0c1-86bc42350fd9___RS_Erly.B 9472_final_masked.jpg,Tomato___Early_blight
dataset\Tomato___Bacterial_spot\3f03db8d-6db0-45c0-ab1f-ca69db013041___GCREC_Bact.Sp 5729_final_masked.jpg,Tomato___Bacterial_spot
dataset\Tomato___healthy\4f09b157-f5d2-4f99-ac0a-1be52cc7a27d___RS_HL 0402_final_masked.jpg,Tomato___healthy
dataset\Tomato___Late_blight\d8b0ded7-7d30-4b52-acea-d1a3ca70a392___RS_Late.B 6096_final_masked.jpg,Tomato___Late_blight
dataset\Tomato___healthy\f81def4f-22a7-4036-bfab-51b245f4a2ab___RS_HL 0055_final_masked.jpg,Tomato___healthy
dataset\Tomato___healthy\2956235c-12ff-403f-be91-60868a42ad3e___RS_HL 9849_final_masked.jpg,Tomato___healthy
dataset\Tomato___Early_blight\e29ee209-e895-434f-9078-db727c5a98dd___RS_Erly.B 9383_final_masked.jpg,Tomato___Early_blight
dataset\Tomato___Late_blight\e4ec79b5-94df-42dd-8425-bd68d2320c5f___RS_Late.B 5406_final_masked.jpg,Tomato___Late_blight
dataset\Tomato___Early_blight\2bdca297-e0d1-41f0-b1dc-3801384faa1a___RS_Erly.B 7858_final_masked.jpg,Tomato___Early_blight
dataset\Tomato___healthy\3b97d56b-a10d-4518-a332-a16f58238d6c___RS_HL 0240_final_masked.jpg,Tomato___healthy
dataset\Tomato___Bacterial_spot\da0ffa44-de62-4314-acb2-59218f5deeb5___GCREC_Bact.Sp 6010_final_masked.jpg,Tomato___Bacterial_spot
dataset\Tomato___Early_blight\2165f0a3-1265-491d-ad8a-e53102a87e9b___RS_Erly.B 9376_final_masked.jpg,Tomato___Early_blight
dataset\Tomato___Late_blight\46c6a276-b915-46d0-9a28-5655645c2d8b___RS_Late.B 7115_final_masked.jpg,Tomato___Late_blight
dataset\Tomato___Early_blight\fc38942e-e609-41a2-970c-cc1a67b16fe2___RS_Erly.B 7793_final_masked.jpg,Tomato___Early_blight
dataset\Tomato___healthy\0a0d6a11-ddd6-4dac-8469-d5f65af5afca___RS_HL 0555_final_masked.jpg,Tomato___healthy
dataset\Tomato___Late_blight\6302a8c1-ab60-496c-80a0-e96b47722ea3___GHLB2 Leaf 8737_final_masked.jpg,Tomato___Late_blight
dataset\Tomato___Bacterial_spot\e4df0a0f-a7cf-4797-a888-9f28d916bccd___GCREC_Bact.Sp 5870_final_masked.jpg,Tomato___Bacterial_spot
dataset\Tomato___Late_blight\36650fc3-00a3-42b2-b016-8692046c5199___RS_Late.B 5107_final_masked.jpg,Tomato___Late_blight
dataset\Tomato___Early_blight\f870ea24-aac9-41cd-92a3-72f87d395c33___RS_Erly.B 7598_final_masked.jpg,Tomato___Early_blight
dataset\Tomato___Late_blight\1e65a5c4-ba60-4edb-817c-c281d5a5e364___GHLB2 Leaf 9079_final_masked.jpg,Tomato___Late_blight
dataset\Tomato___Bacterial_spot\6dc57c16-e5f8-41c4-9188-83c8d60cf931___GCREC_Bact.Sp 3597_final_masked.jpg,Tomato___Bacterial_spot
dataset\Tomato___healthy\b1e628a8-b250-4ee7-9d3f-60f93a6a556b___RS_HL 0148_final_masked.jpg,Tomato___healthy
dataset\Tomato___Late_blight\d28bd097-8584-4269-a82b-43d6f5df787b___RS_Late.B 4832_final_masked.jpg,Tomato___Late_blight
dataset\Tomato___healthy\e33cde2d-5103-48aa-bb82-490aa779312c___GH_HL Leaf 515.2_final_masked.jpg,Tomato___healthy
dataset\Tomato___Early_blight\cf3cffb2-f822-402d-90b9-d1df870c13f3___RS_Erly.B 7741_final_masked.jpg,Tomato___Early_blight
dataset\Tomato___Bacterial_spot\2a7b80f9-bd15-42cf-aab5-699232ee1506___GCREC_Bact.Sp 6317_final_masked.jpg,Tomato___Bacterial_spot
dataset\Tomato___Bacterial_spot\a658a5b1-c587-4757-81a8-a299b0944616___GCREC_Bact.Sp 6019_final_masked.jpg,Tomato___Bacterial_spot
dataset\Tomato___Early_blight\4d007f46-814a-4cec-93d4-0be4b32a9ed6___RS_Erly.B 6495_final_masked.jpg,Tomato___Early_blight
dataset\Tomato___Late_blight\0cc44f97-c421-4824-92a9-c9a18b005d1d___GHLB2 Leaf 8540_final_masked.jpg,Tomato___Late_blight
dataset\Tomato___healthy\918886d9-62bf-46a4-97f9-0afe76641b25___GH_HL Leaf 365.1_final_masked.jpg,Tomato___healthy
dataset\Tomato___Bacterial_spot\af8921c3-e3f5-434f-a391-cde9cb1fa956___GCREC_Bact.Sp 3384_final_masked.jpg,Tomato___Bacterial_spot
dataset\Tomato___Early_blight\9d2bc87f-f309-41a4-a533-569456706e2b___RS_Erly.B 6367_final_masked.jpg,Tomato___Early_blight
dataset\Tomato___Early_blight\26b721c9-94fd-4e19-bb7e-521238eb8a1b___RS_Erly.B 9380_final_masked.jpg,Tomato___Early_blight
dataset\Tomato___Bacterial_spot\4ad4db1b-dbd8-449a-b2a8-4ec4a89b2ba3___GCREC_Bact.Sp 3332_final_masked.jpg,Tomato___Bacterial_spot
dataset\Tomato___Late_blight\b9478b81-3911-4589-b169-84c1e1971906___RS_Late.B 5579_final_masked.jpg,Tomato___Late_blight
dataset\Tomato___Late_blight\1627cb48-dc80-46a1-bda0-b677c32fbf56___RS_Late.B 5066_final_masked.jpg,Tomato___Late_blight
dataset\Tomato___healthy\83781ea3-eaed-467a-9147-678002262295___RS_HL 0330_final_masked.jpg,Tomato___healthy
dataset\Tomato___Bacterial_spot\07f5c629-92da-49ad-b132-6268199882f8___GCREC_Bact.Sp 3362_final_masked.jpg,Tomato___Bacterial_spot
dataset\Tomato___Late_blight\c61bce34-b48f-4042-9ca6-f0287ecc3509___RS_Late.B 6970_final_masked.jpg,Tomato___Late_blight
dataset\Tomato___Bacterial_spot\62398423-ef8e-4a9f-a1d0-1ebee08faafc___GCREC_Bact.Sp 3521_final_masked.jpg,Tomato___Bacterial_spot
dataset\Tomato___healthy\bc6175c9-0e00-4618-af5a-3dd43a3e6266___GH_HL Leaf 238.1_final_masked.jpg,Tomato___healthy
dataset\Tomato___Late_blight\2fb21107-3a44-45fa-91da-07355b622e14___RS_Late.B 5307_final_masked.jpg,Tomato___Late_blight
dataset\Tomato___Bacterial_spot\f3ba91af-7c1d-48a6-806b-1ea9235dc39d___UF.GRC_BS_Lab Leaf 8794_final_masked.jpg,Tomato___Bacterial_spot
dataset\Tomato___Bacterial_spot\6cb8d633-865d-4809-99ff-c826fbcbfb7d___GCREC_Bact.Sp 5707_final_masked.jpg,Tomato___Bacterial_spot
dataset\Tomato___Bacterial_spot\e7c136fd-9f65-428c-8d94-b74bde9e19c2___GCREC_Bact.Sp 3829_final_masked.jpg,Tomato___Bacterial_spot
dataset\Tomato___Bacterial_spot\0ce4dee0-2d0c-4c25-a9b2-4abc5f9083db___GCREC_Bact.Sp 3708_final_masked.jpg,Tomato___Bacterial_spot
dataset\Tomato___Late_blight\147539f7-632d-42ee-a19a-071b9c7c85f2___RS_Late.B 5140_final_masked.jpg,Tomato___Late_blight
dataset\Tomato___Early_blight\6a6f1594-62fa-487a-a51f-38b86e7483cf___RS_Erly.B 6360_final_masked.jpg,Tomato___Early_blight
dataset\Tomato___Late_blight\d26fdac6-4355-4875-8c27-ebb1eaa50a8d___RS_Late.B 5119_final_masked.jpg,Tomato___Late_blight
dataset\Tomato___Bacterial_spot\4c24021e-90e2-4b84-89c2-c904dc8bb0b4___GCREC_Bact.Sp 5706_final_masked.jpg,Tomato___Bacterial_spot
dataset\Tomato___Bacterial_spot\cb4644f6-9f79-4cad-96e8-08da62d43550___GCREC_Bact.Sp 5732_final_masked.jpg,Tomato___Bacterial_spot
dataset\Tomato___Late_blight\d8eb0541-a9f1-423b-8e71-24a031f19530___GHLB2 Leaf 134.1_final_masked.jpg,Tomato___Late_blight
dataset\Tomato___Late_blight\c1af9374-2c73-4af4-a139-7b636467743f___RS_Late.B 5592_final_masked.jpg,Tomato___Late_blight
dataset\Tomato___healthy\d4fc1abf-fd0d-4625-9882-36acd3755ede___RS_HL 0307_final_masked.jpg,Tomato___healthy
dataset\Tomato___healthy\bd531960-92ec-4745-9e25-645decb4b2b0___RS_HL 0542_final_masked.jpg,Tomato___healthy
dataset\Tomato___Late_blight\40a79a6f-e1fc-428c-bd57-3af1a7236156___RS_Late.B 5432_final_masked.jpg,Tomato___Late_blight
dataset\Tomato___Bacterial_spot\b0827469-6ac0-4a9e-baca-ac4763b00f95___GCREC_Bact.Sp 5866_final_masked.jpg,Tomato___Bacterial_spot
dataset\Tomato___Early_blight\b8421c32-9111-49c0-8e78-f86a9912ece4___RS_Erly.B 7706_final_masked.jpg,Tomato___Early_blight
dataset\Tomato___healthy\8eb8512f-fbbe-4415-832a-52e58e3cde9e___RS_HL 0003_final_masked.jpg,Tomato___healthy
dataset\Tomato___Bacterial_spot\67b11dd7-7d7e-4214-85c4-e7675539251d___GCREC_Bact.Sp 3728_final_masked.jpg,Tomato___Bacterial_spot
dataset\Tomato___Early_blight\b857a91a-c6e2-4d47-a025-5a5c3254e0a2___RS_Erly.B 7662_final_masked.jpg,Tomato___Early_blight
dataset\Tomato___Bacterial_spot\822e2ff3-34d5-4634-b82e-2d5cc16c1485___GCREC_Bact.Sp 5990_final_masked.jpg,Tomato___Bacterial_spot
dataset\Tomato___healthy\acf28842-7821-4f31-ab73-2787e332e852___RS_HL 0011_final_masked.jpg,Tomato___healthy
dataset\Tomato___Bacterial_spot\01375198-62af-4c40-bddf-f3c11107200b___GCREC_Bact.Sp 5914_final_masked.jpg,Tomato___Bacterial_spot
dataset\Tomato___Bacterial_spot\72f6f030-4d51-4f95-9857-de4c07e5dc0e___UF.GRC_BS_Lab Leaf 8661_final_masked.jpg,Tomato___Bacterial_spot
dataset\Tomato___Bacterial_spot\7a0193fd-9941-4800-b425-aafa3a998737___GCREC_Bact.Sp 5774_final_masked.jpg,Tomato___Bacterial_spot
dataset\Tomato___Early_blight\e4739018-9e7b-4251-917f-c8502e8b5e86___RS_Erly.B 9443_final_masked.jpg,Tomato___Early_blight
dataset\Tomato___Late_blight\d63c86b6-4cd6-4982-b12c-c770ce2a2ef3___RS_Late.B 6574_final_masked.jpg,Tomato___Late_blight
dataset\Tomato___Bacterial_spot\a4589640-8a5e-4714-8d00-13f448b437f2___UF.GRC_BS_Lab Leaf 0633_final_masked.jpg,Tomato___Bacterial_spot
dataset\Tomato___healthy\fd31ab37-d2af-40c8-9292-e143807ec0f2___RS_HL 0507_final_masked.jpg,Tomato___healthy
dataset\Tomato___Bacterial_spot\e277b59d-2e55-4117-92c7-93996599ef02___GCREC_Bact.Sp 3168_final_masked.jpg,Tomato___Bacterial_spot
dataset\Tomato___Late_blight\e7ad9c9f-d300-4246-8e98-4e364eb4d7b6___GHLB Leaf 23.1 Day 18_final_masked.jpg,Tomato___Late_blight
dataset\Tomato___Bacterial_spot\a00ce27e-dd79-4ef4-a483-545499246e71___GCREC_Bact.Sp 5986_final_masked.jpg,Tomato___Bacterial_spot
dataset\Tomato___Late_blight\5ba6fbc5-a1de-4600-b0aa-9d8b8c222183___RS_Late.B 6181_final_masked.jpg,Tomato___Late_blight
dataset\Tomato___Bacterial_spot\b908a9aa-b8b9-46bd-aef0-9e8d1388608d___GCREC_Bact.Sp 3486_final_masked.jpg,Tomato___Bacterial_spot
dataset\Tomato___Bacterial_spot\15d45247-ffcd-4d50-87a1-5f0527e451e9___GCREC_Bact.Sp 3763_final_masked.jpg,Tomato___Bacterial_spot
dataset\Tomato___Early_blight\6ccc0cdb-d420-4bc6-9a1a-d195a0521c19___RS_Erly.B 9437_final_masked.jpg,Tomato___Early_blight
dataset\Tomato___healthy\fc849a80-15fd-486d-bedc-0239e1278660___RS_HL 0494_final_masked.jpg,Tomato___healthy
dataset\Tomato___Bacterial_spot\0fe8eb74-5520-4870-a069-d4f54b99d719___GCREC_Bact.Sp 6330_final_masked.jpg,Tomato___Bacterial_spot
dataset\Tomato___Bacterial_spot\ab089362-3c95-4c44-9f33-60f1fbdb15a1___GCREC_Bact.Sp 6288_final_masked.jpg,Tomato___Bacterial_spot
dataset\Tomato___Late_blight\e22dc874-f57d-4b17-bc6d-7d35bdbadc35___GHLB2 Leaf 8663_final_masked.jpg,Tomato___Late_blight
dataset\Tomato___Late_blight\a710379a-3b85-435c-8b46-7a177b42ff52___GHLB2 Leaf 8906_final_masked.jpg,Tomato___Late_blight
dataset\Tomato___Bacterial_spot\fb160354-fa8d-4833-8a3a-acd8507dd9de___GCREC_Bact.Sp 3334_final_masked.jpg,Tomato___Bacterial_spot
dataset\Tomato___Bacterial_spot\c42bf2e8-ccff-4c88-aa15-8f64e2577173___UF.GRC_BS_Lab Leaf 9073_final_masked.jpg,Tomato___Bacterial_spot
dataset\Tomato___Bacterial_spot\1c5d49ef-1d7e-4b76-b33a-da162fe99eb2___GCREC_Bact.Sp 3506_final_masked.jpg,Tomato___Bacterial_spot
dataset\Tomato___Bacterial_spot\4d02e3e4-c583-402a-adc0-b258c8a3384f___UF.GRC_BS_Lab Leaf 0287_final_masked.jpg,Tomato___Bacterial_spot
dataset\Tomato___Bacterial_spot\6c9e726b-8574-4f84-81c3-271e093f8bf2___GCREC_Bact.Sp 3350_final_masked.jpg,Tomato___Bacterial_spot
dataset\Tomato___Late_blight\3d89871d-557a-414e-b726-8f4ba18d30e4___GHLB2 Leaf 8922_final_masked.jpg,Tomato___Late_blight
dataset\Tomato___Early_blight\4e24576f-00c2-494f-b47b-b2b3885b4749___RS_Erly.B 8279_final_masked.jpg,Tomato___Early_blight
dataset\Tomato___Bacterial_spot\b0a3026d-9c2e-4615-9e1a-0f14c27632bb___GCREC_Bact.Sp 5902_final_masked.jpg,Tomato___Bacterial_spot
dataset\Tomato___Late_blight\9ec6c8fd-4dfe-4dc6-bc1f-72488053da67___GHLB Leaf 2.4 Day 12_final_masked.jpg,Tomato___Late_blight
dataset\Tomato___Bacterial_spot\8c3a26fe-2c28-4f55-9a5b-3d8b2be54502___GCREC_Bact.Sp 3682_final_masked.jpg,Tomato___Bacterial_spot
dataset\Tomato___Bacterial_spot\0ed6d8f5-dd9f-4f1d-a33d-2f556be12a27___UF.GRC_BS_Lab Leaf 0291_final_masked.jpg,Tomato___Bacterial_spot
dataset\Tomato___healthy\acdbf632-8d26-472d-874f-6d7df5cd0432___RS_HL 9897_final_masked.jpg,Tomato___healthy
dataset\Tomato___Early_blight\d7dd7c0b-8c0f-46e7-88df-18e6f4e01e0b___RS_Erly.B 7687_final_masked.jpg,Tomato___Early_blight
dataset\Tomato___Bacterial_spot\8c556686-072a-4d3a-aad6-4e5534611f03___GCREC_Bact.Sp 5825_final_masked.jpg,Tomato___Bacterial_spot
dataset\Tomato___healthy\3b87f866-1d80-4b22-99f8-108e315c9029___RS_HL 0394_final_masked.jpg,Tomato___healthy
dataset\Tomato___Late_blight\a86b02a2-3f97-4ce9-a9ff-1a77c36f9e4d___GHLB2 Leaf 8903_final_masked.jpg,Tomato___Late_blight
dataset\Tomato___Late_blight\382cc2c9-3ac9-444d-9638-72ab527ac1b9___RS_Late.B 6711_final_masked.jpg,Tomato___Late_blight
dataset\Tomato___Late_blight\f2c089b3-34a5-4300-848f-a0d6eebcb756___RS_Late.B 5174_final_masked.jpg,Tomato___Late_blight
dataset\Tomato___Late_blight\cd97ced1-2870-4f00-b7c7-37b8903378b9___RS_Late.B 6926_final_masked.jpg,Tomato___Late_blight
dataset\Tomato___Late_blight\15e1e8d7-e05a-4dc1-b872-364b15f004f0___RS_Late.B 4873_final_masked.jpg,Tomato___Late_blight
dataset\Tomato___Bacterial_spot\86e15a0a-ec2c-4fdc-8ffd-f11ddd200309___GCREC_Bact.Sp 3524_final_masked.jpg,Tomato___Bacterial_spot
dataset\Tomato___healthy\dd311971-e56c-4305-805e-a011ecebd38b___GH_HL Leaf 432_final_masked.jpg,Tomato___healthy
dataset\Tomato___Late_blight\4f47d31b-0890-49a7-ab33-8b5865cb8843___GHLB2 Leaf 80_final_masked.jpg,Tomato___Late_blight
dataset\Tomato___healthy\a154b0c0-ad46-47ec-b9f4-50a4ee625849___RS_HL 9827_final_masked.jpg,Tomato___healthy
dataset\Tomato___Late_blight\c8fbd03f-4935-4199-8f8d-7bc1cc9e024d___GHLB2 Leaf 8941_final_masked.jpg,Tomato___Late_blight
dataset\Tomato___healthy\d461b7c8-4c81-4309-8ccd-4400ddbb25aa___RS_HL 0586_final_masked.jpg,Tomato___healthy
dataset\Tomato___Late_blight\0a3f65fc-ef1c-4aed-b235-46bae4e5c0e7___GHLB2 Leaf 9065_final_masked.jpg,Tomato___Late_blight
dataset\Tomato___Bacterial_spot\fb25aff6-5c78-42d9-b9af-9181811ac18b___GCREC_Bact.Sp 5788_final_masked.jpg,Tomato___Bacterial_spot
dataset\Tomato___Bacterial_spot\a0be793f-3831-4101-9142-69986edb313e___UF.GRC_BS_Lab Leaf 0801_final_masked.jpg,Tomato___Bacterial_spot
dataset\Tomato___Late_blight\40de149e-4734-4d63-a34a-7ab34ace1ae5___RS_Late.B 6126_final_masked.jpg,Tomato___Late_blight
dataset\Tomato___Bacterial_spot\b2b3acc9-66f5-4451-9103-deaca3797430___GCREC_Bact.Sp 3446_final_masked.jpg,Tomato___Bacterial_spot
dataset\Tomato___healthy\b485c91b-36c7-42be-9572-69327a0ece88___RS_HL 9678_final_masked.jpg,Tomato___healthy
dataset\Tomato___Early_blight\3754ec0a-13b7-40c5-9839-b7499b6c365b___RS_Erly.B 7449_final_masked.jpg,Tomato___Early_blight
dataset\Tomato___Bacterial_spot\d56b1f3a-0840-4c5d-87bf-68476ec57b97___GCREC_Bact.Sp 5681_final_masked.jpg,Tomato___Bacterial_spot
dataset\Tomato___Bacterial_spot\9c3a4307-482e-4323-9a3d-00ebadb616d2___UF.GRC_BS_Lab Leaf 0751_final_masked.jpg,Tomato___Bacterial_spot
dataset\Tomato___Bacterial_spot\612a4230-6e25-4506-a91c-86854d203205___UF.GRC_BS_Lab Leaf 0756_final_masked.jpg,Tomato___Bacterial_spot
dataset\Tomato___Early_blight\e5266d06-0ba7-49c6-9bc6-c8351b56fc88___RS_Erly.B 8294_final_masked.jpg,Tomato___Early_blight
dataset\Tomato___Late_blight\76ca83b8-0695-470d-a715-2fcb9efb4fc4___RS_Late.B 5062_final_masked.jpg,Tomato___Late_blight
dataset\Tomato___Late_blight\6e45480a-127e-4173-9402-7b724728a139___RS_Late.B 4837_final_masked.jpg,Tomato___Late_blight
dataset\Tomato___healthy\2fb5c266-b7ec-4b31-91b4-3f2dc9b0cdcb___RS_HL 0147_final_masked.jpg,Tomato___healthy
dataset\Tomato___Bacterial_spot\589a6ce6-fa0d-4b2a-9f83-59f103aa8afa___GCREC_Bact.Sp 3146_final_masked.jpg,Tomato___Bacterial_spot
dataset\Tomato___healthy\b995ac55-e42d-4fb6-9b91-310a4d046c21___RS_HL 9668_final_masked.jpg,Tomato___healthy
dataset\Tomato___healthy\47362660-a262-4ffb-ae99-68b699b3ecb7___RS_HL 0006_final_masked.jpg,Tomato___healthy
dataset\Tomato___Bacterial_spot\6aa07949-08b2-4945-a535-3f8b49f86599___GCREC_Bact.Sp 6344_final_masked.jpg,Tomato___Bacterial_spot
dataset\Tomato___Late_blight\bf014d78-5f3a-4748-a026-dc80d95cbc3f___GHLB2 Leaf 164_final_masked.jpg,Tomato___Late_blight
dataset\Tomato___healthy\dbd289fc-1399-44fe-968d-39a5a4f16679___RS_HL 0495_final_masked.jpg,Tomato___healthy
dataset\Tomato___Bacterial_spot\bb72c8b2-9f96-4320-8062-e7b47839a39b___GCREC_Bact.Sp 3266_final_masked.jpg,Tomato___Bacterial_spot
dataset\Tomato___healthy\ae745e4a-eecc-40dd-b860-25bdee6729e3___GH_HL Leaf 417.2_final_masked.jpg,Tomato___healthy
dataset\Tomato___healthy\0f9a114d-1df8-442c-90e7-d14d2f6efb23___RS_HL 9964_final_masked.jpg,Tomato___healthy
dataset\Tomato___healthy\d5633146-eac5-49e6-a6b4-8562aa7d1a1f___GH_HL Leaf 283.1_final_masked.jpg,Tomato___healthy
dataset\Tomato___healthy\717a4bbc-52b1-42c1-a718-ca94744ff52d___RS_HL 9726_final_masked.jpg,Tomato___healthy
dataset\Tomato___Bacterial_spot\1eca836c-208e-40a8-a69c-fb7232d92368___GCREC_Bact.Sp 6110_final_masked.jpg,Tomato___Bacterial_spot
dataset\Tomato___healthy\4ce6844e-2a92-47aa-9115-0eb1a9a0611c___GH_HL Leaf 464.1_final_masked.jpg,Tomato___healthy
dataset\Tomato___Late_blight\fce57140-eb13-4c01-8a18-88dc5e8a75dc___RS_Late.B 4923_final_masked.jpg,Tomato___Late_blight
dataset\Tomato___Late_blight\d730c413-51de-4f47-86bd-e0763f5a5298___GHLB2 Leaf 8894_final_masked.jpg,Tomato___Late_blight
dataset\Tomato___Late_blight\2f5aefb2-4bdc-4a55-81e3-c19a6982b605___RS_Late.B 4856_final_masked.jpg,Tomato___Late_blight
dataset\Tomato___Bacterial_spot\759331b9-f9ad-4bb7-9870-6cd3a8b84913___GCREC_Bact.Sp 5561_final_masked.jpg,Tomato___Bacterial_spot
dataset\Tomato___Late_blight\f43df4fe-4544-4831-b9f9-a3c7b470b0e0___RS_Late.B 6801_final_masked.jpg,Tomato___Late_blight
dataset\Tomato___Bacterial_spot\9116dd54-7abc-4e0e-b477-c7f361b8def4___GCREC_Bact.Sp 5899_final_masked.jpg,Tomato___Bacterial_spot
dataset\Tomato___Bacterial_spot\5ec38b83-47c5-460d-a465-2b8b89e5ce55___GCREC_Bact.Sp 3231_final_masked.jpg,Tomato___Bacterial_spot
dataset\Tomato___Early_blight\8387d34a-777f-457f-82ed-24856d75f0cc___RS_Erly.B 6394_final_masked.jpg,Tomato___Early_blight
dataset\Tomato___Bacterial_spot\b921c832-358f-4a39-9e62-486d947aae2b___GCREC_Bact.Sp 5888_final_masked.jpg,Tomato___Bacterial_spot
dataset\Tomato___Early_blight\9d8aacaf-ef28-4f23-a18d-4035f59d92b1___RS_Erly.B 7565_final_masked.jpg,Tomato___Early_blight
dataset\Tomato___Late_blight\f37f0878-31f2-402b-81c6-dd1af6e15899___RS_Late.B 5222_final_masked.jpg,Tomato___Late_blight
dataset\Tomato___Early_blight\0abc57ec-7f3b-482a-8579-21f3b2fb780b___RS_Erly.B 7609_final_masked.jpg,Tomato___Early_blight
dataset\Tomato___healthy\f4d64977-50b0-4967-87cf-95f282f287d4___RS_HL 0554_final_masked.jpg,Tomato___healthy
dataset\Tomato___Bacterial_spot\5c438fb1-fb2e-4672-b035-2a1581efa729___GCREC_Bact.Sp 5550_final_masked.jpg,Tomato___Bacterial_spot
dataset\Tomato___Late_blight\94c26dee-30cd-4033-9009-4851daa1e00b___RS_Late.B 5068_final_masked.jpg,Tomato___Late_blight
dataset\Tomato___healthy\cd8d1ae6-2c8e-43ac-8314-77d88e1153c7___GH_HL Leaf 365_final_masked.jpg,Tomato___healthy
dataset\Tomato___Late_blight\bbe6db0b-868d-4ca4-b8c7-f274b89dd9c8___GHLB2 Leaf 68.1_final_masked.jpg,Tomato___Late_blight
dataset\Tomato___healthy\0a9986e6-b629-4ff5-8aab-7488ea9b935b___RS_HL 9704_final_masked.jpg,Tomato___healthy
dataset\Tomato___Late_blight\25bfd51b-6db7-42a5-9990-992f52a0c836___GHLB2 Leaf 61_final_masked.jpg,Tomato___Late_blight
dataset\Tomato___healthy\e0d4c623-8305-4ded-8164-d8fcd5bc2016___RS_HL 0448_final_masked.jpg,Tomato___healthy
dataset\Tomato___Bacterial_spot\8b4f1638-2795-4da0-8aa6-06792870bf86___GCREC_Bact.Sp 3591_final_masked.jpg,Tomato___Bacterial_spot
dataset\Tomato___Late_blight\53dfd9b5-4486-48c6-96c7-08cf93e0aff2___GHLB2 Leaf 9022_final_masked.jpg,Tomato___Late_blight
dataset\Tomato___healthy\e6fdaad9-b536-46c3-a819-faf414cfbf47___GH_HL Leaf 500.2_final_masked.jpg,Tomato___healthy
dataset\Tomato___healthy\b3813caa-82f2-4b9b-a5ef-a9f0db6f08bf___GH_HL Leaf 466_final_masked.jpg,Tomato___healthy
dataset\Tomato___healthy\b840b04b-5909-4e35-beb8-7f53098975b1___RS_HL 0324_final_masked.jpg,Tomato___healthy
dataset\Tomato___Early_blight\859a134c-51f7-4294-bd1a-78140d775bca___RS_Erly.B 8327_final_masked.jpg,Tomato___Early_blight
dataset\Tomato___Bacterial_spot\49c34c1b-08a8-4bdd-a933-0eb4daff5f97___GCREC_Bact.Sp 3501_final_masked.jpg,Tomato___Bacterial_spot
dataset\Tomato___Late_blight\b984cd6b-35cc-4f3d-824f-b663d08cae6b___GHLB2 Leaf 57_final_masked.jpg,Tomato___Late_blight
dataset\Tomato___Early_blight\ee7a6de8-1aca-4a55-8c12-69be6277c1c1___RS_Erly.B 9591_final_masked.jpg,Tomato___Early_blight
dataset\Tomato___Early_blight\e7d248e4-a5e5-431f-9061-6383c14d8526___RS_Erly.B 7426_final_masked.jpg,Tomato___Early_blight
dataset\Tomato___healthy\71c4512d-05ba-456f-ba4e-f2861b7e7837___RS_HL 0390_final_masked.jpg,Tomato___healthy
dataset\Tomato___Early_blight\dda45973-b7a1-4080-93a2-bd7cd3e3026f___RS_Erly.B 8407_final_masked.jpg,Tomato___Early_blight
dataset\Tomato___Bacterial_spot\f5ac235b-3d9c-46a8-9e0a-750423e067bb___GCREC_Bact.Sp 6291_final_masked.jpg,Tomato___Bacterial_spot
dataset\Tomato___Early_blight\801083ae-26f9-4a9a-9e9a-f73fb18b67e5___RS_Erly.B 7363_final_masked.jpg,Tomato___Early_blight
dataset\Tomato___Bacterial_spot\7140eec5-60f1-49bb-a0dd-4cea65897848___UF.GRC_BS_Lab Leaf 9310_final_masked.jpg,Tomato___Bacterial_spot
dataset\Tomato___Late_blight\5b71f955-289e-4279-896c-b79d69c8dd5e___RS_Late.B 6495_final_masked.jpg,Tomato___Late_blight
dataset\Tomato___healthy\1af0bfe1-4bcf-4b8b-be66-5d0953eb647e___GH_HL Leaf 482.2_final_masked.jpg,Tomato___healthy
dataset\Tomato___Bacterial_spot\bfe43257-51c4-40c9-8989-a193b19ee2ed___GCREC_Bact.Sp 6111_final_masked.jpg,Tomato___Bacterial_spot
dataset\Tomato___Late_blight\f25bcf32-3bf7-4137-9d9a-ab195d4f7d3f___GHLB2 Leaf 9049_final_masked.jpg,Tomato___Late_blight
dataset\Tomato___Late_blight\06a7cfd9-0992-4020-8a11-79249d657c0c___GHLB2 Leaf 131_final_masked.jpg,Tomato___Late_blight
dataset\Tomato___healthy\a45cff7d-8ae1-4de9-8479-cb0d2dfc6b0f___RS_HL 9863_final_masked.jpg,Tomato___healthy
dataset\Tomato___Late_blight\01a68044-9c5b-4658-a944-6108c6862ce7___GHLB Leaf 2.1 Day 16_final_masked.jpg,Tomato___Late_blight
dataset\Tomato___Early_blight\070679a9-27e1-4e6e-8072-29f3750d525b___RS_Erly.B 6439_final_masked.jpg,Tomato___Early_blight
dataset\Tomato___healthy\6c8f3087-94d6-4cfb-83cd-93a59f2a646a___RS_HL 0433_final_masked.jpg,Tomato___healthy
dataset\Tomato___Late_blight\4780302b-3329-4f1f-a697-67698af1d261___RS_Late.B 6319_final_masked.jpg,Tomato___Late_blight
dataset\Tomato___Late_blight\de272472-c653-4102-beac-6813da817d21___GHLB2 Leaf 153.2_final_masked.jpg,Tomato___Late_blight
dataset\Tomato___healthy\fd27de23-27cd-4f09-a962-df0b26899b07___RS_HL 0039_final_masked.jpg,Tomato___healthy
dataset\Tomato___healthy\1528d8ea-c972-4da3-8f66-b4a0de6ace90___RS_HL 0573_final_masked.jpg,Tomato___healthy
dataset\Tomato___Late_blight\f73231ab-afd2-4d01-acd2-7ba229349de6___RS_Late.B 6969_final_masked.jpg,Tomato___Late_blight
dataset\Tomato___healthy\e1517f9b-6bab-415b-b8f5-1f52dd544b2d___RS_HL 0203_final_masked.jpg,Tomato___healthy
dataset\Tomato___Late_blight\2f6eb969-db8b-48ae-954d-f716a61fce22___RS_Late.B 6555_final_masked.jpg,Tomato___Late_blight
dataset\Tomato___Bacterial_spot\e4dad7d3-b043-4dc9-9b41-0df12c1a6823___GCREC_Bact.Sp 5822_final_masked.jpg,Tomato___Bacterial_spot
dataset\Tomato___Bacterial_spot\3c7a5a88-18d4-4b74-ba9f-df25a5927c92___UF.GRC_BS_Lab Leaf 0371_final_masked.jpg,Tomato___Bacterial_spot
dataset\Tomato___Late_blight\afb626cf-c9bf-498f-bdf2-c0286d96f681___GHLB2 Leaf 147.1_final_masked.jpg,Tomato___Late_blight
dataset\Tomato___Bacterial_spot\01e079ba-939a-4681-8983-db663f4a859b___GCREC_Bact.Sp 3029_final_masked.jpg,Tomato___Bacterial_spot
dataset\Tomato___Late_blight\df13d0be-1ef9-4371-bf7f-bedb930fc190___RS_Late.B 4846_final_masked.jpg,Tomato___Late_blight
dataset\Tomato___healthy\3b05e678-aa3c-47c6-9ebd-0650efd82b16___GH_HL Leaf 399_final_masked.jpg,Tomato___healthy
dataset\Tomato___healthy\c7db2891-1bfa-4047-8864-66be6cc9e185___RS_HL 0162_final_masked.jpg,Tomato___healthy
dataset\Tomato___Early_blight\61f57acc-088f-45e0-b0b5-860120082ae9___RS_Erly.B 7388_final_masked.jpg,Tomato___Early_blight
dataset\Tomato___Bacterial_spot\6d223371-fa3d-496d-a583-cb521b7c203d___GCREC_Bact.Sp 3540_final_masked.jpg,Tomato___Bacterial_spot
dataset\Tomato___Late_blight\bb1be648-63dc-4973-8c88-f3de0dff30f4___RS_Late.B 6030_final_masked.jpg,Tomato___Late_blight
dataset\Tomato___Late_blight\ebe561c5-4d97-4008-a998-a7c02ed6d3d3___GHLB2 Leaf 87_final_masked.jpg,Tomato___Late_blight
dataset\Tomato___Late_blight\cd30b663-6808-4c13-9c04-c7aff5fae382___RS_Late.B 5310_final_masked.jpg,Tomato___Late_blight
dataset\Tomato___Early_blight\d418610e-e676-4722-b84a-6de973499fa9___RS_Erly.B 9425_final_masked.jpg,Tomato___Early_blight
dataset\Tomato___Bacterial_spot\608ca2c7-8302-4863-a04b-6919da642ae9___GCREC_Bact.Sp 3070_final_masked.jpg,Tomato___Bacterial_spot
dataset\Tomato___Late_blight\10bdda57-bfe5-4403-a4c6-a1211d4f348e___GHLB_PS Leaf 20 Day 8_final_masked.jpg,Tomato___Late_blight
dataset\Tomato___healthy\e1959167-b7b2-49e3-b5ce-4c5665022ada___RS_HL 0127_final_masked.jpg,Tomato___healthy
dataset\Tomato___Late_blight\9ed83599-49d6-479c-a69b-a133d9aee606___GHLB_PS Leaf 1.3 Day 13_final_masked.jpg,Tomato___Late_blight
dataset\Tomato___Late_blight\5c0dc87a-f671-4085-93c5-1454ee859caf___RS_Late.B 6271_final_masked.jpg,Tomato___Late_blight
dataset\Tomato___Late_blight\c2d71717-0650-4ab0-859e-a7390243b2bc___RS_Late.B 6443_final_masked.jpg,Tomato___Late_blight
dataset\Tomato___healthy\6246e722-c34f-46cf-b670-0f403456cea1___RS_HL 9969_final_masked.jpg,Tomato___healthy
dataset\Tomato___Late_blight\2dd36c99-7454-499f-8ff5-d25a01568d33___GHLB2 Leaf 99_final_masked.jpg,Tomato___Late_blight
dataset\Tomato___Bacterial_spot\f0765e3f-e21f-4b0f-ae02-0ac9de9cfb0e___GCREC_Bact.Sp 3825_final_masked.jpg,Tomato___Bacterial_spot
dataset\Tomato___Bacterial_spot\51d27c5f-eb9d-46c7-a91f-e83c3433b5d3___GCREC_Bact.Sp 3809_final_masked.jpg,Tomato___Bacterial_spot
dataset\Tomato___Bacterial_spot\5b2bff7b-208c-4ec6-adfd-b60b081916c1___GCREC_Bact.Sp 5955_final_masked.jpg,Tomato___Bacterial_spot
dataset\Tomato___Late_blight\cf2e943e-c8d7-43eb-a137-72f6b67b187a___RS_Late.B 7192_final_masked.jpg,Tomato___Late_blight
dataset\Tomato___healthy\199f4f32-6e91-4031-b861-bac1abe3452a___RS_HL 9763_final_masked.jpg,Tomato___healthy
dataset\Tomato___Bacterial_spot\94b68133-38b9-41e4-bb22-131f28bcba20___GCREC_Bact.Sp 6292_final_masked.jpg,Tomato___Bacterial_spot
dataset\Tomato___Bacterial_spot\69c8f994-3b9e-4629-9fb9-d06a9cca522e___GCREC_Bact.Sp 5875_final_masked.jpg,Tomato___Bacterial_spot
dataset\Tomato___Bacterial_spot\7e2d95d8-61e7-4b3f-8425-a6bfd53e8490___UF.GRC_BS_Lab Leaf 0402_final_masked.jpg,Tomato___Bacterial_spot
dataset\Tomato___Early_blight\4a063384-a4c0-4acc-a787-8236eb40a54e___RS_Erly.B 8281_final_masked.jpg,Tomato___Early_blight
dataset\Tomato___healthy\55bcfcce-70f4-4634-8107-0a8207da2b14___GH_HL Leaf 317.2_final_masked.jpg,Tomato___healthy
dataset\Tomato___Late_blight\2598e4ba-1e3c-43f7-bb7d-da6164209acf___RS_Late.B 4850_final_masked.jpg,Tomato___Late_blight
dataset\Tomato___Early_blight\9f496d43-f56d-4afa-99d9-7ac5fc9d9966___RS_Erly.B 9419_final_masked.jpg,Tomato___Early_blight
dataset\Tomato___Early_blight\bec8a4aa-dd9c-44db-815a-c760d49a8868___RS_Erly.B 7680_final_masked.jpg,Tomato___Early_blight
dataset\Tomato___Early_blight\f51330a5-e187-434f-add0-bd89f488eeee___RS_Erly.B 7699_final_masked.jpg,Tomato___Early_blight
dataset\Tomato___Late_blight\a202fc9d-50ed-43eb-9a75-348348549924___GHLB2 Leaf 8736_final_masked.jpg,Tomato___Late_blight
dataset\Tomato___Late_blight\b25eff13-2674-4954-a6b8-bbd05ebbe154___GHLB2 Leaf 114.3_final_masked.jpg,Tomato___Late_blight
dataset\Tomato___Bacterial_spot\d707ecc4-8ccf-4373-8d0f-ccf4a5f9fa2d___UF.GRC_BS_Lab Leaf 9171_final_masked.jpg,Tomato___Bacterial_spot
dataset\Tomato___Bacterial_spot\7f9db1b1-be27-463e-a47f-18e680239b3d___UF.GRC_BS_Lab Leaf 0616_final_masked.jpg,Tomato___Bacterial_spot
dataset\Tomato___Bacterial_spot\93fb2f61-879a-441a-a446-5789c81b4249___UF.GRC_BS_Lab Leaf 0432_final_masked.jpg,Tomato___Bacterial_spot
dataset\Tomato___Bacterial_spot\dc3f2b4a-e8ee-4934-8d79-cd1d1bc6a303___GCREC_Bact.Sp 3760_final_masked.jpg,Tomato___Bacterial_spot
dataset\Tomato___Late_blight\7aa199e5-4228-409c-84c2-8cd070af2b87___GHLB Leaf 2.1 Day 12_final_masked.jpg,Tomato___Late_blight
dataset\Tomato___Late_blight\7048f52e-7b68-43d2-81d7-a146d5a73407___GHLB2 Leaf 8708_final_masked.jpg,Tomato___Late_blight
dataset\Tomato___Late_blight\60196a6c-a134-4107-8178-d1bb47450cee___GHLB Leaf 23.1 Day 9_final_masked.jpg,Tomato___Late_blight
dataset\Tomato___Late_blight\d029a830-f39c-4668-b413-45b69e2b3640___RS_Late.B 4841_final_masked.jpg,Tomato___Late_blight
dataset\Tomato___healthy\293dddf9-f5e5-42de-ab68-f1cad0f69a43___GH_HL Leaf 232_final_masked.jpg,Tomato___healthy
dataset\Tomato___Early_blight\4d88d7a6-b49c-4927-81de-60b6b807c839___RS_Erly.B 7655_final_masked.jpg,Tomato___Early_blight
dataset\Tomato___Late_blight\2f08688f-f6ea-4772-bfa3-5a995e38988c___GHLB2 Leaf 8827_final_masked.jpg,Tomato___Late_blight
dataset\Tomato___Late_blight\1aa88c5b-384f-43cf-8046-0d32d26a1133___GHLB Leaf 24 Day 12_final_masked.jpg,Tomato___Late_blight
dataset\Tomato___Late_blight\d08bee32-4f76-4a08-9158-69fe55da2ddb___GHLB Leaf 23 Day 12_final_masked.jpg,Tomato___Late_blight
dataset\Tomato___Early_blight\3a2f31aa-b3e1-45a0-b0e6-2ffe3a2538b2___RS_Erly.B 9393_final_masked.jpg,Tomato___Early_blight
dataset\Tomato___Late_blight\9b75e0b6-342b-4409-a02d-598e661160a6___GHLB2 Leaf 75_final_masked.jpg,Tomato___Late_blight
dataset\Tomato___Late_blight\531d1dc7-d864-4464-b2ad-1fc76f825021___GHLB2 Leaf 8742_final_masked.jpg,Tomato___Late_blight
dataset\Tomato___Late_blight\1869d21d-5461-4378-bddb-8de766b836f7___GHLB Leaf 12 Day 6_final_masked.jpg,Tomato___Late_blight
dataset\Tomato___healthy\7ee078a8-218e-4ebf-8935-ec9f844ab744___GH_HL Leaf 212.9_final_masked.jpg,Tomato___healthy
dataset\Tomato___healthy\4916cbbb-a567-4263-a56d-521abadfb0b8___RS_HL 0480_final_masked.jpg,Tomato___healthy
dataset\Tomato___Late_blight\06913075-dad1-4047-b5a2-74fe680efa3b___RS_Late.B 6048_final_masked.jpg,Tomato___Late_blight
dataset\Tomato___Bacterial_spot\268422eb-2e4a-433b-bad2-d5e63a5e765d___GCREC_Bact.Sp 3466_final_masked.jpg,Tomato___Bacterial_spot
dataset\Tomato___Late_blight\b9e6992c-f73a-410e-8b06-a6ce96192c6a___GHLB2 Leaf 9077_final_masked.jpg,Tomato___Late_blight
dataset\Tomato___Late_blight\e03114a0-8053-460a-b653-eef873b1c531___RS_Late.B 5532_final_masked.jpg,Tomato___Late_blight
dataset\Tomato___Bacterial_spot\98f8190e-9d84-4962-a833-a48643a91d4d___GCREC_Bact.Sp 3753_final_masked.jpg,Tomato___Bacterial_spot
dataset\Tomato___Late_blight\366e33bd-7e1a-45b5-a473-374636bbcf02___GHLB2 Leaf 160_final_masked.jpg,Tomato___Late_blight
dataset\Tomato___Early_blight\765d8e2a-ebad-4fd5-a968-a9d21986268d___RS_Erly.B 6481_final_masked.jpg,Tomato___Early_blight
dataset\Tomato___Late_blight\5c5a2e9e-e460-403e-9d8a-f961b1f10935___RS_Late.B 5133_final_masked.jpg,Tomato___Late_blight
dataset\Tomato___Early_blight\2b5bebdd-3af4-41ca-b206-efc1a141e71d___RS_Erly.B 6363_final_masked.jpg,Tomato___Early_blight
dataset\Tomato___Bacterial_spot\9e7f767c-fdc0-4b28-9195-43ee57f8ecb1___GCREC_Bact.Sp 3356_final_masked.jpg,Tomato___Bacterial_spot
dataset\Tomato___healthy\7521718e-614b-4de0-ba94-f587b0113a69___RS_HL 0145_final_masked.jpg,Tomato___healthy
dataset\Tomato___Bacterial_spot\2dce98fb-99da-4f38-8ade-2a9c2dfe6599___GCREC_Bact.Sp 3482_final_masked.jpg,Tomato___Bacterial_spot
dataset\Tomato___Late_blight\231e8502-72a3-4717-9ab7-919d02f6be1b___GHLB_PS Leaf 27.4 Day 13_final_masked.jpg,Tomato___Late_blight
dataset\Tomato___healthy\0d3691ab-5413-4313-870e-9e5d2faf33ea___RS_HL 9958_final_masked.jpg,Tomato___healthy
dataset\Tomato___Early_blight\ee18e688-a12c-45aa-bd18-74df670c71bb___RS_Erly.B 7776_final_masked.jpg,Tomato___Early_blight
dataset\Tomato___healthy\3a1c6737-c9ff-44dc-9014-954753732160___GH_HL Leaf 406.1_final_masked.jpg,Tomato___healthy
dataset\Tomato___Late_blight\63184ff1-7a41-4cc3-9ff8-0ad46c45944a___GHLB2 Leaf 8614_final_masked.jpg,Tomato___Late_blight
dataset\Tomato___Late_blight\a72398fc-23d1-4cb5-9331-d06fb7a13c7f___GHLB2 Leaf 8978_final_masked.jpg,Tomato___Late_blight
dataset\Tomato___Early_blight\b06d301b-8cae-475a-9de3-80a42e908ae5___RS_Erly.B 9375_final_masked.jpg,Tomato___Early_blight
dataset\Tomato___healthy\d2a7358e-6ba9-46ed-b5fd-5ba0fd1175f4___GH_HL Leaf 307_final_masked.jpg,Tomato___healthy
dataset\Tomato___Late_blight\def2ded7-c610-404f-909f-83325dc4c85e___RS_Late.B 6854_final_masked.jpg,Tomato___Late_blight
dataset\Tomato___Late_blight\239111ba-7348-4075-bacb-e206d440ecc8___RS_Late.B 5389_final_masked.jpg,Tomato___Late_blight
dataset\Tomato___Bacterial_spot\df2cde45-b06c-421e-b0b9-955bf8b8f2e7___GCREC_Bact.Sp 2978_final_masked.jpg,Tomato___Bacterial_spot
dataset\Tomato___Bacterial_spot\7712359a-9f55-4d3a-8bb5-c123ebf1957e___GCREC_Bact.Sp 6022_final_masked.jpg,Tomato___Bacterial_spot
dataset\Tomato___Late_blight\8b2bb3d4-b5db-4772-8151-2689b7d52846___GHLB_PS Leaf 19.1 Day 8_final_masked.jpg,Tomato___Late_blight
dataset\Tomato___Bacterial_spot\116f4d08-405e-492c-a8b2-dd596b19b820___GCREC_Bact.Sp 3053_final_masked.jpg,Tomato___Bacterial_spot
dataset\Tomato___Bacterial_spot\b7b5399c-fbd6-4435-8523-80e9166f1d6a___GCREC_Bact.Sp 6001_final_masked.jpg,Tomato___Bacterial_spot
dataset\Tomato___Early_blight\9f77a006-11c0-4466-bdb3-9273b299450d___RS_Erly.B 7800_final_masked.jpg,Tomato___Early_blight
dataset\Tomato___Bacterial_spot\44ddc088-1234-4cc8-aa29-e695104a7d1b___GCREC_Bact.Sp 6162_final_masked.jpg,Tomato___Bacterial_spot
dataset\Tomato___Early_blight\2fa6cd46-eb76-481e-b15a-44c858f705b3___RS_Erly.B 9532_final_masked.jpg,Tomato___Early_blight
dataset\Tomato___Bacterial_spot\1b3ccbf3-c1e1-476e-b34a-6af0a6fbb349___GCREC_Bact.Sp 3735_final_masked.jpg,Tomato___Bacterial_spot
dataset\Tomato___Bacterial_spot\8bf28323-446a-4cdd-bb99-0920cda26e41___UF.GRC_BS_Lab Leaf 8907_final_masked.jpg,Tomato___Bacterial_spot
dataset\Tomato___Bacterial_spot\40688c11-791b-465a-9476-a5069e24a56f___GCREC_Bact.Sp 3064_final_masked.jpg,Tomato___Bacterial_spot
dataset\Tomato___healthy\d88e3218-6639-430b-a74b-6b7353b1b964___GH_HL Leaf 377_final_masked.jpg,Tomato___healthy
dataset\Tomato___Early_blight\2792287f-aa8e-4c03-aabe-479e75cdc0f8___RS_Erly.B 9584_final_masked.jpg,Tomato___Early_blight
dataset\Tomato___Early_blight\bb2586ff-9676-4100-89f7-200d9ce5ecd6___RS_Erly.B 9386_final_masked.jpg,Tomato___Early_blight
dataset\Tomato___healthy\7890f4dc-0c55-454b-ab23-3b25d3d973c4___GH_HL Leaf 366.1_final_masked.jpg,Tomato___healthy
dataset\Tomato___Bacterial_spot\78981c8c-0a81-45ed-8e6d-5413d7e2f01a___GCREC_Bact.Sp 3554_final_masked.jpg,Tomato___Bacterial_spot
dataset\Tomato___Late_blight\93c80433-e24f-4b39-9f44-10141243b588___GHLB2 Leaf 8940_final_masked.jpg,Tomato___Late_blight
dataset\Tomato___Early_blight\9a2960cc-21cf-470c-990e-e315699c2029___RS_Erly.B 9467_final_masked.jpg,Tomato___Early_blight
dataset\Tomato___Bacterial_spot\834e7256-4e64-41bf-93e6-60edba4a1e8a___UF.GRC_BS_Lab Leaf 0286_final_masked.jpg,Tomato___Bacterial_spot
dataset\Tomato___Early_blight\aca65de6-6464-4f8c-803d-b55f92f950f8___RS_Erly.B 6663_final_masked.jpg,Tomato___Early_blight
dataset\Tomato___Early_blight\64fade29-cabf-4ec2-a5cf-8c7aeca19eea___RS_Erly.B 6427_final_masked.jpg,Tomato___Early_blight
dataset\Tomato___Early_blight\77bd1b85-eaed-41f8-97b0-d6e91b6f953d___RS_Erly.B 8212_final_masked.jpg,Tomato___Early_blight
dataset\Tomato___Late_blight\9718ddc7-7afb-40e4-b94a-bf86c9e0beea___GHLB2 Leaf 8642_final_masked.jpg,Tomato___Late_blight
dataset\Tomato___healthy\49a59716-84d4-44bd-b1c7-4571def5be12___GH_HL Leaf 421_final_masked.jpg,Tomato___healthy
dataset\Tomato___Late_blight\c873c09b-f3b9-466c-bd1d-dc069eefde79___GHLB2 Leaf 9063_final_masked.jpg,Tomato___Late_blight
dataset\Tomato___Early_blight\375a4113-c296-4b3a-897b-da6f4ac660dc___RS_Erly.B 6408_final_masked.jpg,Tomato___Early_blight
dataset\Tomato___Bacterial_spot\919da9f4-c9aa-4c11-a383-17fdc98876c0___GCREC_Bact.Sp 5809_final_masked.jpg,Tomato___Bacterial_spot
dataset\Tomato___Bacterial_spot\e82d7b9f-9e5a-4d2c-9094-4b3961a062bd___GCREC_Bact.Sp 2976_final_masked.jpg,Tomato___Bacterial_spot
dataset\Tomato___Early_blight\d8bfc53d-7b22-48a7-a884-c808927dc149___RS_Erly.B 6349_final_masked.jpg,Tomato___Early_blight
dataset\Tomato___healthy\e6f3e3b6-8d73-4564-9e0b-771302aaa6ef___RS_HL 0626_final_masked.jpg,Tomato___healthy
dataset\Tomato___Early_blight\9cd2e960-3941-4b60-84fb-0ed227c26ed7___RS_Erly.B 7839_final_masked.jpg,Tomato___Early_blight
dataset\Tomato___Bacterial_spot\3d997709-70ca-4845-a4df-02995c20f5f0___GCREC_Bact.Sp 2987_final_masked.jpg,Tomato___Bacterial_spot
dataset\Tomato___healthy\ec1bfc74-550b-4478-95c0-d60c1379957a___RS_HL 9879_final_masked.jpg,Tomato___healthy
dataset\Tomato___Bacterial_spot\090e981e-4e75-48db-806d-c28c970f3c9a___UF.GRC_BS_Lab Leaf 9256_final_masked.jpg,Tomato___Bacterial_spot
dataset\Tomato___healthy\6516ac80-5103-4d40-8200-af7dbdc239e7___GH_HL Leaf 202.1_final_masked.jpg,Tomato___healthy
dataset\Tomato___healthy\8809940a-a097-4488-9e49-3ffdc10d8d9a___GH_HL Leaf 245_final_masked.jpg,Tomato___healthy
dataset\Tomato___Late_blight\41e1ea20-a4d0-4ef0-9362-b3756c8c06ec___GHLB2 Leaf 8755_final_masked.jpg,Tomato___Late_blight
dataset\Tomato___Late_blight\34bd18fa-d898-40d4-83ed-665caabed7d0___RS_Late.B 5113_final_masked.jpg,Tomato___Late_blight
dataset\Tomato___Bacterial_spot\954e415f-a2ae-42ba-ac21-fdd41da95ff2___GCREC_Bact.Sp 5935_final_masked.jpg,Tomato___Bacterial_spot
dataset\Tomato___healthy\1a02fa87-a194-482e-b4ac-8dec2064d793___RS_HL 0022_final_masked.jpg,Tomato___healthy
dataset\Tomato___Bacterial_spot\98a33963-bf05-4c93-a217-045c06047616___GCREC_Bact.Sp 5985_final_masked.jpg,Tomato___Bacterial_spot
dataset\Tomato___Early_blight\90b9c783-480b-4f9b-a97a-d632f60a8f24___RS_Erly.B 9566_final_masked.jpg,Tomato___Early_blight
dataset\Tomato___Late_blight\aae99313-6183-4d7d-832f-f5af6d1522fc___GHLB2 Leaf 8950_final_masked.jpg,Tomato___Late_blight
dataset\Tomato___Late_blight\0cdd34fe-e8f2-41a7-b634-475338233f87___GHLB2 Leaf 8801_final_masked.jpg,Tomato___Late_blight
dataset\Tomato___Late_blight\bf89b543-1d30-4648-8b4a-bb8d1f2f913a___GHLB2 Leaf 8606_final_masked.jpg,Tomato___Late_blight
dataset\Tomato___healthy\e110eaa3-3f80-477f-ad86-18b7e308b764___RS_HL 0349_final_masked.jpg,Tomato___healthy
dataset\Tomato___Early_blight\7b4b71f7-ba45-45b8-80c4-a80ae73b9d0f___RS_Erly.B 7611_final_masked.jpg,Tomato___Early_blight
dataset\Tomato___healthy\534e4d2c-e2cc-4448-9181-95b9af3ff56a___RS_HL 0198_final_masked.jpg,Tomato___healthy
dataset\Tomato___Bacterial_spot\2cafa053-4dd6-4528-bb4f-53e4afeecefe___GCREC_Bact.Sp 2968_final_masked.jpg,Tomato___Bacterial_spot
dataset\Tomato___Bacterial_spot\4f107108-ac41-4921-b933-4e041604de61___GCREC_Bact.Sp 5579_final_masked.jpg,Tomato___Bacterial_spot
dataset\Tomato___Bacterial_spot\91da720b-dc5c-4e35-8b74-50229a43f8be___GCREC_Bact.Sp 2956_final_masked.jpg,Tomato___Bacterial_spot
dataset\Tomato___Bacterial_spot\66dfa158-9918-43db-9c9f-5a34d66e86bc___GCREC_Bact.Sp 6005_final_masked.jpg,Tomato___Bacterial_spot
dataset\Tomato___Late_blight\0f67214c-eede-4292-b731-30ef1c47b7b6___RS_Late.B 4902_final_masked.jpg,Tomato___Late_blight
dataset\Tomato___Late_blight\960137a5-2b52-4349-8c33-cb8b7afed9eb___GHLB2 Leaf 8765_final_masked.jpg,Tomato___Late_blight
dataset\Tomato___healthy\bb06c1c7-3f4d-45d0-8882-b2eb8861b834___GH_HL Leaf 372_final_masked.jpg,Tomato___healthy
dataset\Tomato___Early_blight\3271f296-5264-4600-94e0-bde6cf1a2b42___RS_Erly.B 8300_final_masked.jpg,Tomato___Early_blight
dataset\Tomato___Late_blight\08593ca1-a595-44d1-8052-3d1430f305d3___GHLB2 Leaf 8579_final_masked.jpg,Tomato___Late_blight
dataset\Tomato___healthy\6f46242c-3654-4670-8587-91c6b74af742___RS_HL 9731_final_masked.jpg,Tomato___healthy
dataset\Tomato___healthy\df99e31e-11ab-49be-bd51-d1fda2667c76___GH_HL Leaf 458_final_masked.jpg,Tomato___healthy
dataset\Tomato___Bacterial_spot\2c0d4b4f-d53f-4acc-bc40-ae766236b526___UF.GRC_BS_Lab Leaf 9298_final_masked.jpg,Tomato___Bacterial_spot
dataset\Tomato___Bacterial_spot\e7b30707-3b57-49a1-ba38-ad82ca2c6cce___GCREC_Bact.Sp 5795_final_masked.jpg,Tomato___Bacterial_spot
dataset\Tomato___healthy\25cac927-fd33-4890-9948-8aa1e9a7af52___GH_HL Leaf 293.1_final_masked.jpg,Tomato___healthy
dataset\Tomato___Late_blight\58a1fb7e-5af6-42f1-8694-c76fd80ebf05___RS_Late.B 7108_final_masked.jpg,Tomato___Late_blight
dataset\Tomato___Late_blight\eb1ee57d-0468-4a6c-941d-342cb60ea600___RS_Late.B 5420_final_masked.jpg,Tomato___Late_blight
dataset\Tomato___Bacterial_spot\7cf98788-6726-455c-9b6b-0163e80d4c0d___GCREC_Bact.Sp 3733_final_masked.jpg,Tomato___Bacterial_spot
dataset\Tomato___healthy\5d3ceaec-e677-475f-b8ec-1efa66a6c84b___RS_HL 0237_final_masked.jpg,Tomato___healthy
dataset\Tomato___Bacterial_spot\bdb7245f-e54f-42d9-a60a-3122ee72a398___GCREC_Bact.Sp 3815_final_masked.jpg,Tomato___Bacterial_spot
dataset\Tomato___healthy\3d16ce8b-81ef-4be2-aec6-d1deab7282b4___RS_HL 0089_final_masked.jpg,Tomato___healthy
dataset\Tomato___Bacterial_spot\4f06a857-13bc-44c1-87fb-c3ccdaeeaacb___GCREC_Bact.Sp 5965_final_masked.jpg,Tomato___Bacterial_spot
dataset\Tomato___healthy\7141e8d1-1554-4030-85dc-be5e984eb6ef___GH_HL Leaf 471_final_masked.jpg,Tomato___healthy
dataset\Tomato___Late_blight\d69cda61-f13d-4d73-9a4b-ac0e7c386389___GHLB2 Leaf 98_final_masked.jpg,Tomato___Late_blight
dataset\Tomato___Early_blight\1c71757d-d351-4016-b5bb-06a63d0f2e24___RS_Erly.B 6388_final_masked.jpg,Tomato___Early_blight
dataset\Tomato___Early_blight\3dab5935-91ca-489d-b4f4-127300fc527e___RS_Erly.B 6342_final_masked.jpg,Tomato___Early_blight
dataset\Tomato___Bacterial_spot\a18d9608-18d6-4d61-bee8-bed85e479663___GCREC_Bact.Sp 3484_final_masked.jpg,Tomato___Bacterial_spot
dataset\Tomato___healthy\3247a6d7-a473-414f-af51-2d8de917ee82___RS_HL 9622_final_masked.jpg,Tomato___healthy
dataset\Tomato___Bacterial_spot\d8218386-5974-4ab6-b453-6d628317d82d___GCREC_Bact.Sp 6232_final_masked.jpg,Tomato___Bacterial_spot
dataset\Tomato___Late_blight\5e046b07-5da5-4cfd-a6f1-bb942eeef5f9___RS_Late.B 6216_final_masked.jpg,Tomato___Late_blight
dataset\Tomato___healthy\ab43ead0-0a4c-4069-8c29-43310eb145e1___GH_HL Leaf 419_final_masked.jpg,Tomato___healthy
dataset\Tomato___healthy\91a223de-d549-43cd-8ffe-81b650b28edd___RS_HL 0028_final_masked.jpg,Tomato___healthy
dataset\Tomato___Bacterial_spot\3a08d08d-9820-492b-a99f-eb19147724b7___GCREC_Bact.Sp 3288_final_masked.jpg,Tomato___Bacterial_spot
dataset\Tomato___Bacterial_spot\1fdbbbb4-fb2b-415b-a316-16688f21c4da___GCREC_Bact.Sp 3338_final_masked.jpg,Tomato___Bacterial_spot
dataset\Tomato___Early_blight\cdb26b0e-04b6-4ccf-855c-d85a106c1f95___RS_Erly.B 8387_final_masked.jpg,Tomato___Early_blight
dataset\Tomato___Early_blight\c3e85d27-e5e0-4897-a039-22640e696184___RS_Erly.B 9459_final_masked.jpg,Tomato___Early_blight
dataset\Tomato___Late_blight\8662590c-1a1e-450e-97fa-07fb26faf0c1___GHLB2 Leaf 8919_final_masked.jpg,Tomato___Late_blight
dataset\Tomato___Bacterial_spot\6cace5f6-3589-4fb9-bb64-bee6872b8467___UF.GRC_BS_Lab Leaf 0299_final_masked.jpg,Tomato___Bacterial_spot
dataset\Tomato___Late_blight\cedebb08-bf5c-434a-931e-63ce9621b77e___GHLB2 Leaf 9091_final_masked.jpg,Tomato___Late_blight
dataset\Tomato___healthy\9dcb8870-47cb-4816-bb88-a435b5844cf6___GH_HL Leaf 207_final_masked.jpg,Tomato___healthy
dataset\Tomato___Late_blight\41f6fe04-5205-4a08-a2a1-961080b5edef___GHLB2 Leaf 8703_final_masked.jpg,Tomato___Late_blight
dataset\Tomato___healthy\1fee5d1d-ab19-43ed-bef2-9547bbd1fdc9___RS_HL 0137_final_masked.jpg,Tomato___healthy
dataset\Tomato___Late_blight\44902d94-0273-4f60-ae20-d0ea4b202452___RS_Late.B 5587_final_masked.jpg,Tomato___Late_blight
dataset\Tomato___Bacterial_spot\af614af9-a200-4887-a394-13667ecbc8f7___GCREC_Bact.Sp 6000_final_masked.jpg,Tomato___Bacterial_spot
dataset\Tomato___Bacterial_spot\744d7841-7130-4c98-b20f-0f6581115783___GCREC_Bact.Sp 5618_final_masked.jpg,Tomato___Bacterial_spot
dataset\Tomato___Late_blight\aefc20fb-6226-4bb9-90e7-6619219ec15a___GHLB Leaf 23.2 Day 12_final_masked.jpg,Tomato___Late_blight
dataset\Tomato___Early_blight\04747279-48b2-4ce1-932b-e511424beb6b___RS_Erly.B 8240_final_masked.jpg,Tomato___Early_blight
dataset\Tomato___healthy\07cb5416-a029-467f-a306-252c2a64d2e6___RS_HL 0543_final_masked.jpg,Tomato___healthy
dataset\Tomato___Late_blight\e920998f-6980-4011-90f7-78fdc1c4eaad___RS_Late.B 6118_final_masked.jpg,Tomato___Late_blight
dataset\Tomato___Late_blight\5de6da85-f8c4-48c4-b463-3e6bd78884cc___GHLB_PS Leaf 24 Day 16_final_masked.jpg,Tomato___Late_blight
dataset\Tomato___Early_blight\ab1f0275-f2db-4dcf-befb-8921c6101b80___RS_Erly.B 7596_final_masked.jpg,Tomato___Early_blight
dataset\Tomato___Bacterial_spot\02fd4e60-db82-441c-87f6-08de768a4462___GCREC_Bact.Sp 5547_final_masked.jpg,Tomato___Bacterial_spot
dataset\Tomato___Early_blight\533debcd-c993-4c11-8515-9ec280cdc023___RS_Erly.B 7389_final_masked.jpg,Tomato___Early_blight
dataset\Tomato___healthy\5393abd2-b4e2-4af2-94d4-c52c919fc157___RS_HL 0322_final_masked.jpg,Tomato___healthy
dataset\Tomato___healthy\af83b40a-8cac-4467-a44b-1a129b25e4fc___GH_HL Leaf 362.1_final_masked.jpg,Tomato___healthy
dataset\Tomato___Bacterial_spot\140ee344-ae36-403a-ace1-21d45f67ce57___GCREC_Bact.Sp 2969_final_masked.jpg,Tomato___Bacterial_spot
dataset\Tomato___Bacterial_spot\ffcf0c9e-f932-4836-b160-47277fbe124c___GCREC_Bact.Sp 3776_final_masked.jpg,Tomato___Bacterial_spot
dataset\Tomato___healthy\136a69f1-2cf0-4fc6-bf40-8ed63bd3db94___RS_HL 9624_final_masked.jpg,Tomato___healthy
dataset\Tomato___Bacterial_spot\4fe65f68-958a-4d32-875a-6a25260f3b69___GCREC_Bact.Sp 5768_final_masked.jpg,Tomato___Bacterial_spot
dataset\Tomato___Bacterial_spot\a20c3f1b-0788-423d-a6dd-22e29b33a882___GCREC_Bact.Sp 6231_final_masked.jpg,Tomato___Bacterial_spot
dataset\Tomato___healthy\247e79d6-1874-4ce4-a777-a03a4f94edbf___GH_HL Leaf 211.1_final_masked.jpg,Tomato___healthy
dataset\Tomato___Bacterial_spot\d374d0c5-2a5c-4d5e-afc6-0410d91c9d55___GCREC_Bact.Sp 6321_final_masked.jpg,Tomato___Bacterial_spot
dataset\Tomato___Bacterial_spot\ff07f986-68db-49c2-9664-d154c2606228___UF.GRC_BS_Lab Leaf 0254_final_masked.jpg,Tomato___Bacterial_spot
dataset\Tomato___Late_blight\a7cee503-4a3e-42dc-963c-2ae166064f6a___RS_Late.B 5602_final_masked.jpg,Tomato___Late_blight
dataset\Tomato___healthy\1e1aa3d8-d12f-47e1-b316-b8656ab3f2b6___RS_HL 0075_final_masked.jpg,Tomato___healthy
dataset\Tomato___Bacterial_spot\ec7b4f39-0aff-4fdb-96cd-5c8cbaf3bf34___GCREC_Bact.Sp 2963_final_masked.jpg,Tomato___Bacterial_spot
dataset\Tomato___healthy\51c29eaf-bd3a-427b-8ff7-ef970131ba95___GH_HL Leaf 345_final_masked.jpg,Tomato___healthy
dataset\Tomato___Bacterial_spot\45b562f0-a975-4c93-a705-699d7cc977bc___GCREC_Bact.Sp 5733_final_masked.jpg,Tomato___Bacterial_spot
dataset\Tomato___healthy\3e204d0d-cfdb-41a2-a68b-c3168305d099___GH_HL Leaf 441.1_final_masked.jpg,Tomato___healthy
dataset\Tomato___Late_blight\302da4a0-3b99-46ad-80f6-16ae585abf24___GHLB_PS Leaf 2.1 Day 18_final_masked.jpg,Tomato___Late_blight
dataset\Tomato___Late_blight\46aabd9e-80c5-440b-924a-229f146b571c___GHLB2 Leaf 8955_final_masked.jpg,Tomato___Late_blight
dataset\Tomato___healthy\c7a532ff-1b42-4a36-8207-646f8d71d994___RS_HL 0202_final_masked.jpg,Tomato___healthy
dataset\Tomato___healthy\5eaf5201-8fc1-48ed-ae25-7570796044f9___RS_HL 9993_final_masked.jpg,Tomato___healthy
dataset\Tomato___Bacterial_spot\fe95468b-717b-4a28-ba8d-dfb156a93a0e___GCREC_Bact.Sp 6216_final_masked.jpg,Tomato___Bacterial_spot
dataset\Tomato___Early_blight\d8754b7f-53a4-4e69-8f54-1ec9f7581799___RS_Erly.B 6436_final_masked.jpg,Tomato___Early_blight
dataset\Tomato___Bacterial_spot\235073b6-d329-4ebe-9e1d-015108760d6f___GCREC_Bact.Sp 5907_final_masked.jpg,Tomato___Bacterial_spot
dataset\Tomato___Early_blight\2f3c483a-b18d-4571-8c00-fb24f166d328___RS_Erly.B 7667_final_masked.jpg,Tomato___Early_blight
dataset\Tomato___Early_blight\1e671658-3463-4a38-8b6a-e2867aeeda10___RS_Erly.B 6359_final_masked.jpg,Tomato___Early_blight
dataset\Tomato___Late_blight\2b37aa48-ff2a-461d-97db-bf92628edde1___RS_Late.B 7086_final_masked.jpg,Tomato___Late_blight
dataset\Tomato___healthy\a90b4d5b-86f9-48ae-9ede-ae3ac462f9bc___RS_HL 9872_final_masked.jpg,Tomato___healthy
dataset\Tomato___Late_blight\eed6f6bd-c665-4839-9c91-aa545bbbc202___RS_Late.B 5618_final_masked.jpg,Tomato___Late_blight
dataset\Tomato___Late_blight\29e924db-ef09-49f2-9db3-e3c548a444d5___GHLB_PS Leaf 17.1 Day 9_final_masked.jpg,Tomato___Late_blight
dataset\Tomato___Late_blight\e615ae3b-8526-42f0-9c0f-2678e0a50ad4___RS_Late.B 6145_final_masked.jpg,Tomato___Late_blight
dataset\Tomato___Bacterial_spot\9c25e7f8-d28f-4884-b1e4-293584fca4cb___GCREC_Bact.Sp 6199_final_masked.jpg,Tomato___Bacterial_spot
dataset\Tomato___Late_blight\03a15d38-e1b5-4586-b763-2bad2d268290___RS_Late.B 5207_final_masked.jpg,Tomato___Late_blight
dataset\Tomato___Bacterial_spot\28357fdb-17f9-49e4-a10f-a5dae53aa48f___GCREC_Bact.Sp 3294_final_masked.jpg,Tomato___Bacterial_spot
dataset\Tomato___Bacterial_spot\6b6aeb18-f29a-4e58-bd08-5cd1c2fdd598___GCREC_Bact.Sp 5796_final_masked.jpg,Tomato___Bacterial_spot
dataset\Tomato___Bacterial_spot\07957e12-d57c-45db-9243-731dd6b8caaa___GCREC_Bact.Sp 5878_final_masked.jpg,Tomato___Bacterial_spot
dataset\Tomato___Bacterial_spot\66b10743-4e3f-4c82-afb5-3b95d019d88d___GCREC_Bact.Sp 3392_final_masked.jpg,Tomato___Bacterial_spot
dataset\Tomato___Late_blight\def832df-c202-4e72-ae0a-0687e62c70ce___RS_Late.B 5071_final_masked.jpg,Tomato___Late_blight
dataset\Tomato___healthy\7acc2f36-b465-4131-9110-265965ccdb87___RS_HL 0150_final_masked.jpg,Tomato___healthy
dataset\Tomato___healthy\b67b2bfe-af4a-45ce-8df0-ab679ac9c559___RS_HL 9797_final_masked.jpg,Tomato___healthy
dataset\Tomato___Early_blight\64fd8cac-b985-45c1-9a5d-5f2f49381047___RS_Erly.B 9494_final_masked.jpg,Tomato___Early_blight
dataset\Tomato___Bacterial_spot\8227d24c-9e0f-4119-9324-8ba192ba9201___GCREC_Bact.Sp 3299_final_masked.jpg,Tomato___Bacterial_spot
dataset\Tomato___Late_blight\1159051e-1278-4b35-929c-e26b963d048f___GHLB_PS Leaf 8.1 Day 16_final_masked.jpg,Tomato___Late_blight
dataset\Tomato___Late_blight\bb058b97-a4b8-4a36-8179-2a8fa186085c___RS_Late.B 4927_final_masked.jpg,Tomato___Late_blight
dataset\Tomato___Bacterial_spot\d449e255-119a-44cb-844a-f187518e0fc2___GCREC_Bact.Sp 5701_final_masked.jpg,Tomato___Bacterial_spot
dataset\Tomato___Bacterial_spot\6855445b-ec04-42c0-bc12-ee8ff64420a0___GCREC_Bact.Sp 3268_final_masked.jpg,Tomato___Bacterial_spot
dataset\Tomato___healthy\3280ef48-8260-4a34-8e37-e079b74ed160___RS_HL 0392_final_masked.jpg,Tomato___healthy
dataset\Tomato___Late_blight\1c0bc46f-d72f-4826-9cb4-8879d80cac73___GHLB2 Leaf 9012_final_masked.jpg,Tomato___Late_blight
dataset\Tomato___Bacterial_spot\dfe0a874-9a6c-4121-9f20-b0e7a85a5996___GCREC_Bact.Sp 5684_final_masked.jpg,Tomato___Bacterial_spot
dataset\Tomato___Early_blight\518d8b79-c548-42e4-b78d-f2145eb1d6da___RS_Erly.B 7794_final_masked.jpg,Tomato___Early_blight
dataset\Tomato___Late_blight\bff5e162-e242-484d-ac72-96c0da9a39f7___RS_Late.B 6284_final_masked.jpg,Tomato___Late_blight
dataset\Tomato___Late_blight\1f38b254-2338-4e4a-b772-2a8e60ca8bc0___GHLB2 Leaf 121.3_final_masked.jpg,Tomato___Late_blight
dataset\Tomato___Late_blight\65d94a14-e372-4f4f-b955-c2144ebd3166___GHLB_PS Leaf 28 Day 13_final_masked.jpg,Tomato___Late_blight
dataset\Tomato___healthy\79debbff-9c0f-4a5c-a4c7-4b2bc97406dc___RS_HL 0244_final_masked.jpg,Tomato___healthy
dataset\Tomato___Bacterial_spot\a3666572-94a1-4cc7-8caa-f7e43a1d64a4___GCREC_Bact.Sp 5909_final_masked.jpg,Tomato___Bacterial_spot
dataset\Tomato___Bacterial_spot\e28da6e4-81ad-42ff-ad15-b7a60d9546f2___GCREC_Bact.Sp 6363_final_masked.jpg,Tomato___Bacterial_spot
dataset\Tomato___Late_blight\126e12d3-3d51-4ba6-861f-e6ed09ee951f___GHLB2 Leaf 9021_final_masked.jpg,Tomato___Late_blight
dataset\Tomato___Bacterial_spot\d8b6f17a-5189-47ae-904f-be4a09dce0ad___UF.GRC_BS_Lab Leaf 9009_final_masked.jpg,Tomato___Bacterial_spot
dataset\Tomato___Bacterial_spot\00b7e89a-e129-4576-b51f-48923888bff9___GCREC_Bact.Sp 6202_final_masked.jpg,Tomato___Bacterial_spot
dataset\Tomato___Late_blight\f8024ad7-ded1-42aa-ab6d-139f7069d10e___RS_Late.B 7157_final_masked.jpg,Tomato___Late_blight
dataset\Tomato___Bacterial_spot\e863a52c-337f-4534-9510-320980cc4303___GCREC_Bact.Sp 6159_final_masked.jpg,Tomato___Bacterial_spot
dataset\Tomato___Bacterial_spot\3fb742ed-4a71-47d2-9c40-60768bc01cd4___GCREC_Bact.Sp 5977_final_masked.jpg,Tomato___Bacterial_spot
dataset\Tomato___healthy\e9f45c75-db52-4a85-ab72-0b9adf1f047b___GH_HL Leaf 480.1_final_masked.jpg,Tomato___healthy
dataset\Tomato___Bacterial_spot\d20d7a01-ca5b-41ed-ade2-e62caf0ef543___GCREC_Bact.Sp 6003_final_masked.jpg,Tomato___Bacterial_spot
dataset\Tomato___Late_blight\3f389ac5-10ee-4623-98f2-76b0b479cf3e___RS_Late.B 6785_final_masked.jpg,Tomato___Late_blight
dataset\Tomato___Bacterial_spot\f1164b16-0b05-413e-be8d-79d85901e34b___GCREC_Bact.Sp 3443_final_masked.jpg,Tomato___Bacterial_spot
dataset\Tomato___Early_blight\70ef2f0f-3070-443d-b94f-983b87b41791___RS_Erly.B 9385_final_masked.jpg,Tomato___Early_blight
dataset\Tomato___Bacterial_spot\09ebe433-a21f-4ffe-9954-e3ce4347143f___UF.GRC_BS_Lab Leaf 1084_final_masked.jpg,Tomato___Bacterial_spot
dataset\Tomato___Late_blight\df64e1d3-7700-423e-983e-2b082ff4a36b___GHLB2 Leaf 9099_final_masked.jpg,Tomato___Late_blight
dataset\Tomato___Bacterial_spot\1f96aa30-b5fd-4730-a758-ca586cbcf59f___GCREC_Bact.Sp 3688_final_masked.jpg,Tomato___Bacterial_spot
dataset\Tomato___Late_blight\6ed45835-4863-4d95-9d71-8ec0f1b26f27___GHLB2 Leaf 8834_final_masked.jpg,Tomato___Late_blight
dataset\Tomato___healthy\399da916-8ffa-40f0-a7a6-62442f14067b___RS_HL 0088_final_masked.jpg,Tomato___healthy
dataset\Tomato___healthy\08c1c1e5-bb78-44d5-b46f-a86386c0ef3b___RS_HL 0063_final_masked.jpg,Tomato___healthy
dataset\Tomato___Bacterial_spot\dfc06cd2-243e-4704-ba23-a23a4ed02ca3___UF.GRC_BS_Lab Leaf 1035_final_masked.jpg,Tomato___Bacterial_spot
dataset\Tomato___Bacterial_spot\7218c0f5-1083-4b2d-b0da-4c32edb279de___GCREC_Bact.Sp 3286_final_masked.jpg,Tomato___Bacterial_spot
dataset\Tomato___Bacterial_spot\8282af2e-63e1-4522-afed-d9a5210d30ec___GCREC_Bact.Sp 5898_final_masked.jpg,Tomato___Bacterial_spot
dataset\Tomato___Early_blight\69ec13bc-48bf-4a91-adc0-acb4386979ac___RS_Erly.B 7732_final_masked.jpg,Tomato___Early_blight
dataset\Tomato___Early_blight\1873e09f-31fd-4612-920a-861fac1af687___RS_Erly.B 7797_final_masked.jpg,Tomato___Early_blight
dataset\Tomato___Late_blight\df95ecc8-c074-4d29-8571-0fae8d2a620a___RS_Late.B 7191_final_masked.jpg,Tomato___Late_blight
dataset\Tomato___healthy\8e117b61-5360-49c8-aa55-4e90f8fae129___GH_HL Leaf 261_final_masked.jpg,Tomato___healthy
dataset\Tomato___Early_blight\fe46f781-a40c-4c73-9e2c-50872f1ab370___RS_Erly.B 8348_final_masked.jpg,Tomato___Early_blight
dataset\Tomato___Bacterial_spot\990e1cbf-b978-478e-b332-d12b3855fd57___GCREC_Bact.Sp 6223_final_masked.jpg,Tomato___Bacterial_spot
dataset\Tomato___healthy\10126910-47a0-4b22-b3ee-ce9eb4d5d7b5___GH_HL Leaf 350_final_masked.jpg,Tomato___healthy
dataset\Tomato___Late_blight\97968e5a-b1d0-428c-842a-f77308212339___GHLB_PS Leaf 46.2 Day 18_final_masked.jpg,Tomato___Late_blight
dataset\Tomato___healthy\190a6af7-d7b1-4265-b05b-c126a7962c93___GH_HL Leaf 408_final_masked.jpg,Tomato___healthy
dataset\Tomato___Early_blight\9e92ea05-2e0f-42cb-be52-f58745ee9acc___RS_Erly.B 9476_final_masked.jpg,Tomato___Early_blight
dataset\Tomato___healthy\a7abffa7-2c5e-4bc2-ab36-450ef1129f37___RS_HL 9856_final_masked.jpg,Tomato___healthy
dataset\Tomato___Early_blight\7ea52c28-a4c6-4e12-a4d2-59fbb1c441d8___RS_Erly.B 7747_final_masked.jpg,Tomato___Early_blight
dataset\Tomato___Late_blight\12044cb0-2591-4696-8a85-3d3f319f4f6a___GHLB2 Leaf 8977_final_masked.jpg,Tomato___Late_blight
dataset\Tomato___Early_blight\5592a349-b19a-4fe8-a131-a89bbae8b655___RS_Erly.B 7474_final_masked.jpg,Tomato___Early_blight
dataset\Tomato___healthy\5b7b9824-0cdd-4c67-9377-136a0615d784___RS_HL 0056_final_masked.jpg,Tomato___healthy
dataset\Tomato___healthy\fe0e2d7f-3aee-4c36-8fe1-661b4eacc994___GH_HL Leaf 507.1_final_masked.jpg,Tomato___healthy
dataset\Tomato___Early_blight\3be94535-c405-4f67-99cb-6ffc5f596639___RS_Erly.B 7783_final_masked.jpg,Tomato___Early_blight
dataset\Tomato___Bacterial_spot\f3bbf9c8-06fd-4f1e-930a-f576c0fbc06d___GCREC_Bact.Sp 3717_final_masked.jpg,Tomato___Bacterial_spot
dataset\Tomato___Late_blight\5c2e8475-ec0a-4566-af20-a4dedf3dc1c0___GHLB Leaf 2 Day 1_final_masked.jpg,Tomato___Late_blight
dataset\Tomato___Bacterial_spot\d603ca14-5a43-4931-b046-a424eb4c0b96___GCREC_Bact.Sp 6240_final_masked.jpg,Tomato___Bacterial_spot
dataset\Tomato___healthy\6dde71bb-a416-41eb-a629-7b4541e85cfc___RS_HL 9734_final_masked.jpg,Tomato___healthy
dataset\Tomato___healthy\488feb1c-4b9f-44e7-8aa6-4103a9601f5f___GH_HL Leaf 434_final_masked.jpg,Tomato___healthy
dataset\Tomato___Late_blight\7d2ecdff-4eca-4f8e-b550-166d668498ba___GHLB2 Leaf 8602_final_masked.jpg,Tomato___Late_blight
dataset\Tomato___Early_blight\b2b63d7c-d8f7-44ff-b53e-6214ddbed5d9___RS_Erly.B 9509_final_masked.jpg,Tomato___Early_blight
dataset\Tomato___Bacterial_spot\355edec8-e1bd-4f57-afa3-cbf03c2f06b1___GCREC_Bact.Sp 3353_final_masked.jpg,Tomato___Bacterial_spot
dataset\Tomato___Late_blight\edab4e30-5e08-4bf9-92eb-695d4472add6___RS_Late.B 5582_final_masked.jpg,Tomato___Late_blight
dataset\Tomato___Bacterial_spot\53a586ef-8136-4f96-929e-f51c590a628c___UF.GRC_BS_Lab Leaf 0769_final_masked.jpg,Tomato___Bacterial_spot
dataset\Tomato___Early_blight\eaaea397-5e49-47e8-adad-f9a17e1cce65___RS_Erly.B 6487_final_masked.jpg,Tomato___Early_blight
dataset\Tomato___Late_blight\c4e95382-4bc7-4271-89ba-889f1dc55a2b___GHLB2 Leaf 9093_final_masked.jpg,Tomato___Late_blight
dataset\Tomato___healthy\0894c925-d193-412f-961d-d188b57ee337___GH_HL Leaf 393_final_masked.jpg,Tomato___healthy
dataset\Tomato___Bacterial_spot\4987b5ee-012c-4bcd-854d-7881a50757fd___GCREC_Bact.Sp 3209_final_masked.jpg,Tomato___Bacterial_spot
dataset\Tomato___Bacterial_spot\970bbfa4-226c-445c-9212-e3ad3c36138e___GCREC_Bact.Sp 3251_final_masked.jpg,Tomato___Bacterial_spot
dataset\Tomato___Bacterial_spot\729cacbb-9389-4edb-bf97-97095262cf96___GCREC_Bact.Sp 3456_final_masked.jpg,Tomato___Bacterial_spot
dataset\Tomato___Bacterial_spot\d3ed0545-45ca-474c-89a8-381733809c75___GCREC_Bact.Sp 5771_final_masked.jpg,Tomato___Bacterial_spot
dataset\Tomato___Late_blight\ac1fbb8a-2a44-4d70-8c93-fc3cc13a876d___GHLB_PS Leaf 17 Day 8_final_masked.jpg,Tomato___Late_blight
dataset\Tomato___Bacterial_spot\672e1fd7-2715-48a5-8266-c0c504870d16___GCREC_Bact.Sp 6212_final_masked.jpg,Tomato___Bacterial_spot
dataset\Tomato___Bacterial_spot\5cc48c5c-f74c-4e20-820f-e03f8bff3e3e___GCREC_Bact.Sp 6008_final_masked.jpg,Tomato___Bacterial_spot
dataset\Tomato___Bacterial_spot\5bac1e11-978e-457e-85c2-11a1b5c618ca___GCREC_Bact.Sp 5860_final_masked.jpg,Tomato___Bacterial_spot
dataset\Tomato___Early_blight\397ffe67-e784-44d5-ae1a-d1e2990c041b___RS_Erly.B 7637_final_masked.jpg,Tomato___Early_blight
dataset\Tomato___Bacterial_spot\8c5c248e-4262-407b-9933-4e08018433ea___GCREC_Bact.Sp 3140_final_masked.jpg,Tomato___Bacterial_spot
dataset\Tomato___Late_blight\e56bc72a-6c24-4746-bd53-741c470e1be2___RS_Late.B 4990_final_masked.jpg,Tomato___Late_blight
dataset\Tomato___Bacterial_spot\21f50927-9e52-4d6b-a3bd-8238cb23153a___GCREC_Bact.Sp 3271_final_masked.jpg,Tomato___Bacterial_spot
dataset\Tomato___Late_blight\a7049041-4ef3-4c55-b4bf-7721ca5630f4___RS_Late.B 5142_final_masked.jpg,Tomato___Late_blight
dataset\Tomato___Bacterial_spot\6f211a42-cdd8-4c5c-89b3-17e50f324621___GCREC_Bact.Sp 3569_final_masked.jpg,Tomato___Bacterial_spot
dataset\Tomato___Bacterial_spot\08b479e4-0063-41e5-b85d-279b9aedd38f___UF.GRC_BS_Lab Leaf 0485_final_masked.jpg,Tomato___Bacterial_spot
dataset\Tomato___Bacterial_spot\a2458c0c-9032-4843-ac16-e12559e382ea___GCREC_Bact.Sp 5765_final_masked.jpg,Tomato___Bacterial_spot
dataset\Tomato___Late_blight\06c6a302-ae34-4d38-9e4b-3a6acdd42d91___GHLB2 Leaf 9047_final_masked.jpg,Tomato___Late_blight
dataset\Tomato___Early_blight\2a64ed5f-6be9-463b-894f-e2953da0a974___RS_Erly.B 7520_final_masked.jpg,Tomato___Early_blight
dataset\Tomato___Late_blight\902aed86-4d96-4a9b-9742-f01ae845c22c___GHLB2 Leaf 9037_final_masked.jpg,Tomato___Late_blight
dataset\Tomato___Bacterial_spot\a75e41ac-5944-4698-876b-1d0716934982___GCREC_Bact.Sp 5970_final_masked.jpg,Tomato___Bacterial_spot
dataset\Tomato___Bacterial_spot\d34ab0c8-700c-4c3d-8d30-7b52ea715bc7___GCREC_Bact.Sp 6122_final_masked.jpg,Tomato___Bacterial_spot
dataset\Tomato___healthy\ff354b62-5981-43d1-8cfe-ac58bc20ca20___GH_HL Leaf 221_final_masked.jpg,Tomato___healthy
dataset\Tomato___Bacterial_spot\1406a6e5-8aab-44df-997a-6386c01dc086___GCREC_Bact.Sp 5974_final_masked.jpg,Tomato___Bacterial_spot
dataset\Tomato___Bacterial_spot\cd36ac93-df2b-41f4-b29e-dd0be47114b7___GCREC_Bact.Sp 3674_final_masked.jpg,Tomato___Bacterial_spot
dataset\Tomato___Bacterial_spot\6622ef60-ab1d-4225-9986-fbe2b201d43a___GCREC_Bact.Sp 3349_final_masked.jpg,Tomato___Bacterial_spot
dataset\Tomato___Bacterial_spot\fb255876-e618-43a7-ad17-7b200039dbde___UF.GRC_BS_Lab Leaf 0614_final_masked.jpg,Tomato___Bacterial_spot
dataset\Tomato___Bacterial_spot\6be0f74e-cc77-417d-9464-fca77edb8079___GCREC_Bact.Sp 3819_final_masked.jpg,Tomato___Bacterial_spot
dataset\Tomato___Late_blight\9a4627a2-053d-443b-9135-7c1a913b63c4___GHLB Leaf 25.1 Day 12_final_masked.jpg,Tomato___Late_blight
dataset\Tomato___healthy\f4ef07ac-f42d-44b3-8433-368b03b422d2___RS_HL 9743_final_masked.jpg,Tomato___healthy
dataset\Tomato___Late_blight\c73d4fb4-db6b-4f53-b15a-d739d9703b27___GHLB Leaf 23 Day 18_final_masked.jpg,Tomato___Late_blight
dataset\Tomato___healthy\8d4a3b2d-bcef-4861-a0a0-c3cb0a1990ce___GH_HL Leaf 204_final_masked.jpg,Tomato___healthy
dataset\Tomato___Late_blight\736cd652-e63d-4b01-a3c6-6859bc095fb9___GHLB_PS Leaf 39 Day 16_final_masked.jpg,Tomato___Late_blight
dataset\Tomato___Early_blight\1ba88993-c3f8-462d-bd1b-e10819b9c96f___RS_Erly.B 8396_final_masked.jpg,Tomato___Early_blight
dataset\Tomato___healthy\b65ccffe-a2fc-44d1-b56f-c8e97db5232e___RS_HL 0120_final_masked.jpg,Tomato___healthy
dataset\Tomato___Bacterial_spot\e898c21e-d118-4ab7-8c8a-c7e5810e2bc6___UF.GRC_BS_Lab Leaf 8693_final_masked.jpg,Tomato___Bacterial_spot
dataset\Tomato___Bacterial_spot\947b3e00-f128-48a1-b130-8170ef1d7ece___GCREC_Bact.Sp 3409_final_masked.jpg,Tomato___Bacterial_spot
dataset\Tomato___healthy\e1436a17-dca7-4687-a0ec-31a28389063e___RS_HL 0529_final_masked.jpg,Tomato___healthy
dataset\Tomato___healthy\ca15ccb7-1f30-4dd6-aa46-8494a41c3a9d___RS_HL 9757_final_masked.jpg,Tomato___healthy
dataset\Tomato___Bacterial_spot\4a2b419c-69a8-4eb0-9802-15d7feffe59f___GCREC_Bact.Sp 3821_final_masked.jpg,Tomato___Bacterial_spot
dataset\Tomato___Bacterial_spot\509c3853-b405-440f-bda3-59f1d7d238be___GCREC_Bact.Sp 3250_final_masked.jpg,Tomato___Bacterial_spot
dataset\Tomato___Late_blight\2e493726-b22f-4e98-a2e2-418a4425cafb___GHLB2 Leaf 8911_final_masked.jpg,Tomato___Late_blight
dataset\Tomato___healthy\8ad09f74-a565-413a-bcf5-21cf58a4db3a___RS_HL 0173_final_masked.jpg,Tomato___healthy
dataset\Tomato___Late_blight\c7eaa5c7-da88-4df5-bba2-f89c61c82c86___RS_Late.B 4929_final_masked.jpg,Tomato___Late_blight
dataset\Tomato___Late_blight\5600518d-5a2d-4155-a53b-cad312d7fbb1___GHLB_PS Leaf 26 Day 13_final_masked.jpg,Tomato___Late_blight
dataset\Tomato___Bacterial_spot\b8f38ecf-ef8d-47b5-90a3-e937a300a931___GCREC_Bact.Sp 5770_final_masked.jpg,Tomato___Bacterial_spot
dataset\Tomato___Early_blight\141bbdef-ba38-49ed-9d6f-fe8d9de38e6f___RS_Erly.B 9579_final_masked.jpg,Tomato___Early_blight
dataset\Tomato___Bacterial_spot\cb496f19-8673-40dd-abe1-bff32695b2ab___UF.GRC_BS_Lab Leaf 0468_final_masked.jpg,Tomato___Bacterial_spot
dataset\Tomato___Bacterial_spot\c50367a9-b3f6-46aa-91ab-9ff18c6a5ab5___GCREC_Bact.Sp 5939_final_masked.jpg,Tomato___Bacterial_spot
dataset\Tomato___Late_blight\8da9d06c-bc6c-45d1-abd5-e864a8293aae___RS_Late.B 4934_final_masked.jpg,Tomato___Late_blight
dataset\Tomato___healthy\7f5c8018-c4c3-4471-aa30-defe910ea3d9___GH_HL Leaf 444.1_final_masked.jpg,Tomato___healthy
dataset\Tomato___healthy\49d1f23f-f284-4397-a0a3-295f4eae4343___RS_HL 0067_final_masked.jpg,Tomato___healthy
dataset\Tomato___healthy\2e97e18f-8ae2-4d5d-b7fb-64baeead1ed4___GH_HL Leaf 221.1_final_masked.jpg,Tomato___healthy
dataset\Tomato___healthy\9f1704fc-28ae-4e27-a6f3-885811ea80e2___GH_HL Leaf 260_final_masked.jpg,Tomato___healthy
dataset\Tomato___Bacterial_spot\75f2019c-7bbb-4f1d-ba4f-26464aec3062___GCREC_Bact.Sp 3474_final_masked.jpg,Tomato___Bacterial_spot
dataset\Tomato___Late_blight\13668efa-2c92-4e5a-94e1-e0bc53aab6c6___RS_Late.B 6962_final_masked.jpg,Tomato___Late_blight
dataset\Tomato___Bacterial_spot\963e1eca-9916-4918-a2da-0f5feaef000a___UF.GRC_BS_Lab Leaf 0269_final_masked.jpg,Tomato___Bacterial_spot
dataset\Tomato___healthy\5dd2a498-7eff-4da7-9c0f-8c394103e52c___RS_HL 0611_final_masked.jpg,Tomato___healthy
dataset\Tomato___Early_blight\5bd6338a-0f10-457b-a7bd-69f2ee7c6504___RS_Erly.B 9534_final_masked.jpg,Tomato___Early_blight
dataset\Tomato___Bacterial_spot\b1ad1aff-89ac-47fb-ba0b-d88f1517a63f___UF.GRC_BS_Lab Leaf 8824_final_masked.jpg,Tomato___Bacterial_spot
dataset\Tomato___Late_blight\32482915-ead6-4e0e-8b3e-a14dd3546b0f___GHLB2 Leaf 8595_final_masked.jpg,Tomato___Late_blight
dataset\Tomato___Bacterial_spot\2faa1509-6ea7-4e78-90f8-67846ad62a1c___GCREC_Bact.Sp 6207_final_masked.jpg,Tomato___Bacterial_spot
dataset\Tomato___healthy\12f2989a-82c7-41d1-ae23-93a6e85bfd57___RS_HL 9798_final_masked.jpg,Tomato___healthy
dataset\Tomato___healthy\41dc5ea4-076f-4539-8cbb-6d4e53371c50___RS_HL 0472_final_masked.jpg,Tomato___healthy
dataset\Tomato___Early_blight\dfa9f6bb-92ac-4b41-ac6c-fd2a7ddd093a___RS_Erly.B 8276_final_masked.jpg,Tomato___Early_blight
dataset\Tomato___Bacterial_spot\602448f7-1b22-4675-a26a-3024bf147348___GCREC_Bact.Sp 6155_final_masked.jpg,Tomato___Bacterial_spot
dataset\Tomato___Late_blight\77cd23c3-22fe-4d04-babe-89db464dbddd___GHLB Leaf 6 Day 6_final_masked.jpg,Tomato___Late_blight
dataset\Tomato___Bacterial_spot\4126165c-f9e0-4a17-9d87-d41bf356afb9___GCREC_Bact.Sp 3517_final_masked.jpg,Tomato___Bacterial_spot
dataset\Tomato___Late_blight\45c8ee5d-1476-4306-a8c6-6a4cbd80f5cb___GHLB2 Leaf 8900_final_masked.jpg,Tomato___Late_blight
dataset\Tomato___Bacterial_spot\b26ccea5-3d59-45ad-9957-983c2547d915___GCREC_Bact.Sp 6131_final_masked.jpg,Tomato___Bacterial_spot
dataset\Tomato___Bacterial_spot\f53766e3-96bc-469d-b566-929bfd1ca4de___GCREC_Bact.Sp 3442_final_masked.jpg,Tomato___Bacterial_spot
dataset\Tomato___Bacterial_spot\90cbe307-2ec6-45f8-b62d-b6fb602466f4___UF.GRC_BS_Lab Leaf 8592_final_masked.jpg,Tomato___Bacterial_spot
dataset\Tomato___healthy\9a5d3900-8707-4088-8ec0-1fad45d8bd11___GH_HL Leaf 339_final_masked.jpg,Tomato___healthy
dataset\Tomato___Bacterial_spot\9de6c73c-49a3-4cd4-bc44-283a96b12328___GCREC_Bact.Sp 3574_final_masked.jpg,Tomato___Bacterial_spot
dataset\Tomato___Late_blight\ee137d7e-8e50-484b-aee0-e6de0a1ed4f7___RS_Late.B 6353_final_masked.jpg,Tomato___Late_blight
dataset\Tomato___Early_blight\0f065614-a53a-4c83-9d29-5d3e4ab5b41d___RS_Erly.B 7676_final_masked.jpg,Tomato___Early_blight
dataset\Tomato___Bacterial_spot\2f946796-28fd-458c-a2a1-93c7a946c829___GCREC_Bact.Sp 6090_final_masked.jpg,Tomato___Bacterial_spot
dataset\Tomato___Late_blight\f5261645-e84e-433a-8edb-ff53e8586646___GHLB2 Leaf 143.1_final_masked.jpg,Tomato___Late_blight
dataset\Tomato___Late_blight\23c5c930-6830-46c6-8353-616c0b34ae12___RS_Late.B 4947_final_masked.jpg,Tomato___Late_blight
dataset\Tomato___Bacterial_spot\d96166b8-e301-4613-adbb-66eb792a16b6___GCREC_Bact.Sp 3792_final_masked.jpg,Tomato___Bacterial_spot
dataset\Tomato___Late_blight\94610792-2d20-4889-9d10-f513c061a88d___RS_Late.B 5317_final_masked.jpg,Tomato___Late_blight
dataset\Tomato___healthy\2b815107-e4d1-4f97-b8eb-72a06b2198f3___RS_HL 0399_final_masked.jpg,Tomato___healthy
dataset\Tomato___Bacterial_spot\9e643ad9-f96c-4f1d-a980-2a82dc72945a___GCREC_Bact.Sp 3704_final_masked.jpg,Tomato___Bacterial_spot
dataset\Tomato___Early_blight\87b9735b-4018-4b28-b0b3-422a184a6716___RS_Erly.B 7509_final_masked.jpg,Tomato___Early_blight
dataset\Tomato___Late_blight\545d8b80-b6b1-45fe-8f3d-4d0a904730e9___GHLB2 Leaf 87.1_final_masked.jpg,Tomato___Late_blight
dataset\Tomato___healthy\1f43d81a-6889-4613-a727-f92a75cf9861___RS_HL 0297_final_masked.jpg,Tomato___healthy
dataset\Tomato___Bacterial_spot\93725854-5d37-48e9-872d-64c38f0462b1___UF.GRC_BS_Lab Leaf 0940_final_masked.jpg,Tomato___Bacterial_spot
dataset\Tomato___Bacterial_spot\b6f247db-9a19-429c-b665-36a0407b230c___GCREC_Bact.Sp 6373_final_masked.jpg,Tomato___Bacterial_spot
dataset\Tomato___Late_blight\ff3ddd95-9c84-42fb-aef3-eceb2d5b1110___RS_Late.B 4831_final_masked.jpg,Tomato___Late_blight
dataset\Tomato___healthy\347987eb-9aee-49c7-a8c9-346d18ee7227___GH_HL Leaf 229.1_final_masked.jpg,Tomato___healthy
dataset\Tomato___healthy\b4a648b8-4132-4bfa-9a7d-13c1a8696c9b___GH_HL Leaf 295.1_final_masked.jpg,Tomato___healthy
dataset\Tomato___Early_blight\eccf8abf-a178-464f-ba55-1d203f5f8a47___RS_Erly.B 6395_final_masked.jpg,Tomato___Early_blight
dataset\Tomato___healthy\410dea1e-836e-4d41-9039-9cfc2ec30c1e___GH_HL Leaf 318.1_final_masked.jpg,Tomato___healthy
dataset\Tomato___Late_blight\28130e0a-20fa-47bb-a995-74933946ff2f___GHLB_PS Leaf 24.4 Day 13_final_masked.jpg,Tomato___Late_blight
dataset\Tomato___Bacterial_spot\34ac5364-da6b-4a03-a37f-44fd1ad2144a___GCREC_Bact.Sp 2957_final_masked.jpg,Tomato___Bacterial_spot
dataset\Tomato___Early_blight\15fb19ad-8a5a-4e1b-8ed2-c8d48b006b1d___RS_Erly.B 7674_final_masked.jpg,Tomato___Early_blight
dataset\Tomato___Late_blight\8ad4d607-b0e5-4151-9455-66e8ece55ff7___GHLB2 Leaf 8774_final_masked.jpg,Tomato___Late_blight
dataset\Tomato___Bacterial_spot\23ee3cb6-dba9-479c-ae1e-ea34028f8066___GCREC_Bact.Sp 5753_final_masked.jpg,Tomato___Bacterial_spot
dataset\Tomato___Late_blight\5ce6294a-d163-48c0-b052-b7e11d10128b___GHLB2 Leaf 8633_final_masked.jpg,Tomato___Late_blight
dataset\Tomato___healthy\0a86ddc0-4950-4efc-9260-0f16d4db046b___RS_HL 0469_final_masked.jpg,Tomato___healthy
dataset\Tomato___Bacterial_spot\5aeedf79-4095-41e5-b743-ae2afb328940___GCREC_Bact.Sp 6078_final_masked.jpg,Tomato___Bacterial_spot
dataset\Tomato___Early_blight\0efaac13-1988-48db-aec3-f31df3045b95___RS_Erly.B 8342_final_masked.jpg,Tomato___Early_blight
dataset\Tomato___Early_blight\fe856320-407c-4390-9960-a6a539371182___RS_Erly.B 7624_final_masked.jpg,Tomato___Early_blight
dataset\Tomato___Late_blight\07672c2f-860a-455f-9fa4-f761f4bc090e___RS_Late.B 5017_final_masked.jpg,Tomato___Late_blight
dataset\Tomato___Early_blight\618b7af9-69ff-4a97-a738-984fec04f25b___RS_Erly.B 7527_final_masked.jpg,Tomato___Early_blight
dataset\Tomato___healthy\4c2c45b2-7e33-4b1d-9125-b14b5ccafedd___RS_HL 9991_final_masked.jpg,Tomato___healthy
dataset\Tomato___Bacterial_spot\a943ec3e-2105-4dac-9d53-8ccd1e8f6d7b___GCREC_Bact.Sp 5718_final_masked.jpg,Tomato___Bacterial_spot
dataset\Tomato___Bacterial_spot\9edd8354-16cf-4d2d-ae1a-7b274e31a665___GCREC_Bact.Sp 5869_final_masked.jpg,Tomato___Bacterial_spot
dataset\Tomato___healthy\0b5cfce2-38fd-4984-8926-2d2911c48490___RS_HL 9733_final_masked.jpg,Tomato___healthy
dataset\Tomato___Bacterial_spot\23cf28cd-1d94-4797-82ed-0f3c79a39200___GCREC_Bact.Sp 5702_final_masked.jpg,Tomato___Bacterial_spot
dataset\Tomato___Bacterial_spot\b042ebf8-61a8-4b00-a544-0704f299e96f___GCREC_Bact.Sp 5954_final_masked.jpg,Tomato___Bacterial_spot
dataset\Tomato___Bacterial_spot\c32b4ac0-1b2c-4f26-9cb7-ba400bc2614e___GCREC_Bact.Sp 3385_final_masked.jpg,Tomato___Bacterial_spot
dataset\Tomato___Bacterial_spot\a3f7725c-9df0-4bd0-9cad-7a209ed4a16d___GCREC_Bact.Sp 3465_final_masked.jpg,Tomato___Bacterial_spot
dataset\Tomato___Early_blight\603c6233-8cc0-4bb7-97f3-0e5db1614c63___RS_Erly.B 9398_final_masked.jpg,Tomato___Early_blight
dataset\Tomato___Bacterial_spot\fae0cb2c-797d-49d8-820a-52ccd350f8fd___UF.GRC_BS_Lab Leaf 0394_final_masked.jpg,Tomato___Bacterial_spot
dataset\Tomato___Late_blight\d6e9c42c-39cb-42a7-8d9b-a926fe21f926___RS_Late.B 6684_final_masked.jpg,Tomato___Late_blight
dataset\Tomato___healthy\c5f1eec0-35c2-43ce-8a14-575d86258f73___RS_HL 0337_final_masked.jpg,Tomato___healthy
dataset\Tomato___Early_blight\a2da7455-c116-4d02-b506-89183f817d78___RS_Erly.B 9371_final_masked.jpg,Tomato___Early_blight
dataset\Tomato___Late_blight\f336431f-8e79-4ff6-9afd-03bacf1bfaf2___RS_Late.B 5521_final_masked.jpg,Tomato___Late_blight
dataset\Tomato___healthy\f0cc7028-bf33-4ed4-8df0-7f1e80f42d15___GH_HL Leaf 266_final_masked.jpg,Tomato___healthy
dataset\Tomato___Early_blight\fe79c70c-0977-43f3-ad1b-3a1b4bceeceb___RS_Erly.B 7506_final_masked.jpg,Tomato___Early_blight
dataset\Tomato___Late_blight\27dcd39d-4a04-472c-ab97-84f2d57b6245___GHLB2 Leaf 83_final_masked.jpg,Tomato___Late_blight
dataset\Tomato___healthy\e55fc417-6c08-4150-913e-11e7c7e15eb7___RS_HL 0504_final_masked.jpg,Tomato___healthy
dataset\Tomato___Late_blight\0b137624-885b-4d9b-b9e6-330c6681de4b___GHLB2 Leaf 8848_final_masked.jpg,Tomato___Late_blight
dataset\Tomato___Late_blight\96ce8f49-e1e7-4264-9a3a-4c5075f8561d___GHLB2 Leaf 8622_final_masked.jpg,Tomato___Late_blight
dataset\Tomato___Bacterial_spot\2f1b0a5b-05ed-41b7-bd44-6f291f7ccc43___GCREC_Bact.Sp 3665_final_masked.jpg,Tomato___Bacterial_spot
dataset\Tomato___healthy\4f334ff5-0f0a-4d15-8760-448bebddd4f2___GH_HL Leaf 527_final_masked.jpg,Tomato___healthy
dataset\Tomato___Late_blight\4bf424a2-b275-4ac0-968c-fe229136f10d___GHLB_PS Leaf 2.5 Day 16_final_masked.jpg,Tomato___Late_blight
dataset\Tomato___Bacterial_spot\d504f56f-b000-438e-a81a-e95870d70bb0___GCREC_Bact.Sp 5668_final_masked.jpg,Tomato___Bacterial_spot
dataset\Tomato___Late_blight\97e49ab1-3159-4659-9954-518c94690a9e___RS_Late.B 5534_final_masked.jpg,Tomato___Late_blight
dataset\Tomato___healthy\40b7eb94-3f47-47b2-9734-2a95f6acd44e___RS_HL 0408_final_masked.jpg,Tomato___healthy
dataset\Tomato___Bacterial_spot\86f57694-e1ee-490a-a8c0-433674828fb7___GCREC_Bact.Sp 5940_final_masked.jpg,Tomato___Bacterial_spot
dataset\Tomato___Bacterial_spot\7b40e020-e33c-4e9f-8093-d7593b8340dc___GCREC_Bact.Sp 3348_final_masked.jpg,Tomato___Bacterial_spot
dataset\Tomato___Bacterial_spot\b7369ccc-8bb8-462f-a915-d0737d1c87c2___GCREC_Bact.Sp 5646_final_masked.jpg,Tomato___Bacterial_spot
dataset\Tomato___Early_blight\3daf2ed3-e39b-4b4d-a691-a7722ef8ed32___RS_Erly.B 7373_final_masked.jpg,Tomato___Early_blight
dataset\Tomato___Bacterial_spot\f2be2ee6-efba-4854-89b1-32eb0e7e6974___GCREC_Bact.Sp 5993_final_masked.jpg,Tomato___Bacterial_spot
dataset\Tomato___Late_blight\24c41335-1ad7-4b68-9756-577ed8cf3525___GHLB2 Leaf 144.1_final_masked.jpg,Tomato___Late_blight
dataset\Tomato___Late_blight\0b3c7107-cef9-455e-8fa0-30039b9fc206___RS_Late.B 5038_final_masked.jpg,Tomato___Late_blight
dataset\Tomato___Late_blight\049dbcab-de65-4f09-9b1b-e59886f56f2e___RS_Late.B 5141_final_masked.jpg,Tomato___Late_blight
dataset\Tomato___Late_blight\16b43113-cc8c-4082-a88f-648b79036e49___GHLB_PS Leaf 23.4 Day 13_final_masked.jpg,Tomato___Late_blight
dataset\Tomato___Early_blight\72e0c27a-891e-4864-a473-c44d578ad2ed___RS_Erly.B 7622_final_masked.jpg,Tomato___Early_blight
dataset\Tomato___healthy\fc22b565-e97b-454d-8792-fd945d1badc5___RS_HL 9880_final_masked.jpg,Tomato___healthy
dataset\Tomato___healthy\b5ff3a01-04bd-47d0-99c5-cb90ec1f9916___RS_HL 9804_final_masked.jpg,Tomato___healthy
dataset\Tomato___Late_blight\0a6203b9-ced0-4934-ae23-4a7d2e2e2fdd___RS_Late.B 6424_final_masked.jpg,Tomato___Late_blight
dataset\Tomato___Late_blight\e58ca54a-9a89-4a92-9869-dc3273e769d9___GHLB2 Leaf 113.2_final_masked.jpg,Tomato___Late_blight
dataset\Tomato___Bacterial_spot\4707268c-7dea-4327-9b13-a8da598c4356___GCREC_Bact.Sp 3643_final_masked.jpg,Tomato___Bacterial_spot
dataset\Tomato___healthy\16927ddc-fc87-4ff2-b450-1edc2b4c6191___RS_HL 0051_final_masked.jpg,Tomato___healthy
dataset\Tomato___Early_blight\b559ff8f-efd7-4897-8596-69447c2e6b89___RS_Erly.B 6409_final_masked.jpg,Tomato___Early_blight
dataset\Tomato___Late_blight\5cfd46ee-eb76-4bdb-83c7-04707116eaed___GHLB2 Leaf 91.1_final_masked.jpg,Tomato___Late_blight
dataset\Tomato___Early_blight\29645def-a571-4442-8f95-d7ebf71befde___RS_Erly.B 7751_final_masked.jpg,Tomato___Early_blight
dataset\Tomato___healthy\04141939-3a8c-47b2-a582-e8371ccc120f___RS_HL 0275_final_masked.jpg,Tomato___healthy
dataset\Tomato___healthy\dbbde73f-e630-4799-9a08-37bd5602f1b2___GH_HL Leaf 208_final_masked.jpg,Tomato___healthy
dataset\Tomato___Late_blight\0a39aa48-3f94-4696-9e43-ff4a93529dc3___RS_Late.B 5103_final_masked.jpg,Tomato___Late_blight
dataset\Tomato___Late_blight\e5d1a9ef-23a4-45ee-ae3d-62644b71d803___RS_Late.B 5412_final_masked.jpg,Tomato___Late_blight
dataset\Tomato___Bacterial_spot\d917a80d-e9b2-4c64-85ba-60014b11c757___GCREC_Bact.Sp 3588_final_masked.jpg,Tomato___Bacterial_spot
dataset\Tomato___Bacterial_spot\40889410-0558-4ac6-a92c-7b715a603329___GCREC_Bact.Sp 3847_final_masked.jpg,Tomato___Bacterial_spot
dataset\Tomato___Bacterial_spot\04210e47-ad95-4648-8f1e-dc183581157c___UF.GRC_BS_Lab Leaf 0320_final_masked.jpg,Tomato___Bacterial_spot
dataset\Tomato___healthy\cdf10741-0ed4-4a27-a2e9-8970e4426730___RS_HL 0356_final_masked.jpg,Tomato___healthy
dataset\Tomato___Late_blight\3a2a9048-35d3-411d-b4c7-357202cf69df___GHLB2 Leaf 9061_final_masked.jpg,Tomato___Late_blight
dataset\Tomato___Bacterial_spot\096c159e-7f45-404c-ba64-eecc7941ce23___GCREC_Bact.Sp 5675_final_masked.jpg,Tomato___Bacterial_spot
dataset\Tomato___Early_blight\011aa278-a39e-40b0-b6e4-2e2f835889f0___RS_Erly.B 8251_final_masked.jpg,Tomato___Early_blight
dataset\Tomato___healthy\d88b90c0-2850-425d-af82-7bfb0f6a9dd4___GH_HL Leaf 361_final_masked.jpg,Tomato___healthy
dataset\Tomato___Bacterial_spot\4ef7faee-a40b-4f02-9ecb-d660ed0fd708___GCREC_Bact.Sp 6322_final_masked.jpg,Tomato___Bacterial_spot
dataset\Tomato___Bacterial_spot\a1d009f1-ed05-40a3-a0c0-68c4a36c0ca2___GCREC_Bact.Sp 3381_final_masked.jpg,Tomato___Bacterial_spot
dataset\Tomato___Bacterial_spot\dea314b1-624c-492d-9eb0-965a34bf89c7___GCREC_Bact.Sp 3462_final_masked.jpg,Tomato___Bacterial_spot
dataset\Tomato___healthy\fc5d1b1e-a225-463a-ab66-ab8f3dbf1861___GH_HL Leaf 363_final_masked.jpg,Tomato___healthy
dataset\Tomato___Late_blight\5f21282c-e2ef-4c4a-ace1-b5701fe7effc___GHLB2 Leaf 8999_final_masked.jpg,Tomato___Late_blight
dataset\Tomato___Bacterial_spot\85b919f4-8fb1-45dc-9b78-71d89a65f4ac___GCREC_Bact.Sp 3849_final_masked.jpg,Tomato___Bacterial_spot
dataset\Tomato___Bacterial_spot\dfce64d1-9954-4922-8beb-2681e2e6b896___GCREC_Bact.Sp 2961_final_masked.jpg,Tomato___Bacterial_spot
dataset\Tomato___healthy\89c3d1ee-38dd-4a9c-a9e9-f1c1e6004eff___RS_HL 0393_final_masked.jpg,Tomato___healthy
dataset\Tomato___Early_blight\023fe2d4-6e1d-40ce-99ae-85ba90f436ff___RS_Erly.B 6354_final_masked.jpg,Tomato___Early_blight
dataset\Tomato___Bacterial_spot\0ab54691-ba9f-4c1f-a69b-ec0501df4401___GCREC_Bact.Sp 3170_final_masked.jpg,Tomato___Bacterial_spot
dataset\Tomato___Bacterial_spot\38de266d-bb02-4dea-b3d8-9c3dcefb44c0___GCREC_Bact.Sp 3756_final_masked.jpg,Tomato___Bacterial_spot
dataset\Tomato___Late_blight\ec3d3481-5b97-446c-a1e7-c97334166a50___RS_Late.B 7029_final_masked.jpg,Tomato___Late_blight
dataset\Tomato___Bacterial_spot\4adf8989-4cc7-4145-a1be-834e2e3ca9a8___GCREC_Bact.Sp 5671_final_masked.jpg,Tomato___Bacterial_spot
dataset\Tomato___Bacterial_spot\6bf84091-27ed-4be6-9ee1-f031e02ed719___GCREC_Bact.Sp 6343_final_masked.jpg,Tomato___Bacterial_spot
dataset\Tomato___Early_blight\090af0e4-75f2-495a-8bca-a3370c6dd2a6___RS_Erly.B 9562_final_masked.jpg,Tomato___Early_blight
dataset\Tomato___Early_blight\07324d80-17c5-4541-9702-62e9c744ac07___RS_Erly.B 7455_final_masked.jpg,Tomato___Early_blight
dataset\Tomato___Bacterial_spot\13bd3ff5-3ecf-4258-9f89-5892ebfa362f___GCREC_Bact.Sp 3080_final_masked.jpg,Tomato___Bacterial_spot
dataset\Tomato___healthy\2f9e1c60-06fc-41e9-af7d-a91c4a5e9f3d___GH_HL Leaf 504.1_final_masked.jpg,Tomato___healthy
dataset\Tomato___healthy\388aca21-8d73-460f-8f58-a876f294f98e___GH_HL Leaf 463_final_masked.jpg,Tomato___healthy
dataset\Tomato___healthy\9f959699-166c-4ac9-ba4a-a9e7d0c9e03b___RS_HL 0143_final_masked.jpg,Tomato___healthy
dataset\Tomato___Late_blight\80310e71-b197-444f-a31f-5f2e431c68bb___GHLB2 Leaf 8897_final_masked.jpg,Tomato___Late_blight
dataset\Tomato___Late_blight\3fae9c64-18f0-4a67-9f97-554248bb1bed___GHLB_PS Leaf 24 Day 16_final_masked.jpg,Tomato___Late_blight
dataset\Tomato___Bacterial_spot\e4e708ea-e69e-4e5c-9e52-1f21407f7568___GCREC_Bact.Sp 3813_final_masked.jpg,Tomato___Bacterial_spot
dataset\Tomato___Early_blight\fae08468-fe96-4604-9b86-bfe4c4f06999___RS_Erly.B 9530_final_masked.jpg,Tomato___Early_blight
dataset\Tomato___Late_blight\534dba84-d298-46bc-ac4a-c23e7c982ee4___RS_Late.B 4993_final_masked.jpg,Tomato___Late_blight
dataset\Tomato___Early_blight\671586ac-ff93-4825-b6a5-4b7bc7cbbff2___RS_Erly.B 9531_final_masked.jpg,Tomato___Early_blight
dataset\Tomato___healthy\24fe1921-3196-4125-8f96-d68edef32487___RS_HL 0109_final_masked.jpg,Tomato___healthy
dataset\Tomato___Bacterial_spot\c6b57820-5c54-4ee1-841c-07222804c1b7___GCREC_Bact.Sp 6383_final_masked.jpg,Tomato___Bacterial_spot
dataset\Tomato___Early_blight\a725f34d-c57c-4189-9ec8-6aeec7fb6a78___RS_Erly.B 6452_final_masked.jpg,Tomato___Early_blight
dataset\Tomato___Bacterial_spot\68a2eeb4-4fbd-43bc-ba7f-1721c3a544e3___GCREC_Bact.Sp 5713_final_masked.jpg,Tomato___Bacterial_spot
dataset\Tomato___Late_blight\25fa2bdf-15e3-4330-8e54-1cbf6b714d3d___GHLB2 Leaf 133_final_masked.jpg,Tomato___Late_blight
dataset\Tomato___healthy\d3d3e88a-265a-4d4d-8887-b2930272d549___RS_HL 9873_final_masked.jpg,Tomato___healthy
dataset\Tomato___Late_blight\9cfd45ac-fe8d-4962-90e8-b78a85908892___RS_Late.B 6221_final_masked.jpg,Tomato___Late_blight
dataset\Tomato___Bacterial_spot\52a7b480-2795-4a77-b301-1df31e4e4718___GCREC_Bact.Sp 6118_final_masked.jpg,Tomato___Bacterial_spot
dataset\Tomato___Bacterial_spot\3fd9d993-1ce7-4958-903a-ae99de1d5ad7___GCREC_Bact.Sp 5988_final_masked.jpg,Tomato___Bacterial_spot
dataset\Tomato___Late_blight\c6dd1b5a-316b-468a-837a-707071a1ff98___GHLB2 Leaf 8790_final_masked.jpg,Tomato___Late_blight
dataset\Tomato___Bacterial_spot\98e5ec0a-f392-4c23-8132-815e93c06e07___GCREC_Bact.Sp 3293_final_masked.jpg,Tomato___Bacterial_spot
dataset\Tomato___healthy\362f6311-e53a-4c35-80b4-8f865b662bd0___RS_HL 9649_final_masked.jpg,Tomato___healthy
dataset\Tomato___Bacterial_spot\7a7d2d5e-2d40-4db5-bd90-ffa09495c0fb___GCREC_Bact.Sp 3838_final_masked.jpg,Tomato___Bacterial_spot
dataset\Tomato___Late_blight\ed1a1e55-f2b9-46d3-ab88-8742f569e831___GHLB2 Leaf 8758_final_masked.jpg,Tomato___Late_blight
dataset\Tomato___Bacterial_spot\d2baf547-f447-4b60-b642-7e1008ac6187___GCREC_Bact.Sp 5920_final_masked.jpg,Tomato___Bacterial_spot
dataset\Tomato___healthy\621419a1-09f2-4a22-a569-6d8103895d1c___RS_HL 0023_final_masked.jpg,Tomato___healthy
dataset\Tomato___healthy\da36e4f1-58c4-456d-8ee3-b450e6619b2d___RS_HL 0475_final_masked.jpg,Tomato___healthy
dataset\Tomato___healthy\62e5933a-1405-4f56-b5c6-3bb6996465f5___RS_HL 0378_final_masked.jpg,Tomato___healthy
dataset\Tomato___Early_blight\bac9d43f-fc43-4b89-bc2a-b8ba4a040059___RS_Erly.B 7724_final_masked.jpg,Tomato___Early_blight
dataset\Tomato___Late_blight\aaf3ef60-bfd0-4a42-b558-7aef535db7fb___GHLB Leaf 2.5 Day 13_final_masked.jpg,Tomato___Late_blight
dataset\Tomato___Bacterial_spot\f5976cc5-521a-43c4-97ee-3abfdbb96ae9___GCREC_Bact.Sp 5725_final_masked.jpg,Tomato___Bacterial_spot
dataset\Tomato___Bacterial_spot\81bffde8-5cee-4cf4-9c5a-fee297a4ada8___GCREC_Bact.Sp 3221_final_masked.jpg,Tomato___Bacterial_spot
dataset\Tomato___Bacterial_spot\a7b44387-9845-46b5-b520-5a7420efee98___UF.GRC_BS_Lab Leaf 0763_final_masked.jpg,Tomato___Bacterial_spot
dataset\Tomato___Late_blight\2df8ffd2-e986-46cf-93bf-f271921701c2___RS_Late.B 5441_final_masked.jpg,Tomato___Late_blight
dataset\Tomato___healthy\81382c17-1a00-4597-87e4-2e674d38d6d2___GH_HL Leaf 269.1_final_masked.jpg,Tomato___healthy
dataset\Tomato___Bacterial_spot\ed72f0b8-cd69-41fd-99a8-ae792c6fa16f___GCREC_Bact.Sp 3186_final_masked.jpg,Tomato___Bacterial_spot
dataset\Tomato___Late_blight\35c64b94-b2f4-456d-b55f-a376827186c2___GHLB2 Leaf 129_final_masked.jpg,Tomato___Late_blight
dataset\Tomato___Bacterial_spot\56625acf-1d7d-4505-be30-49076b8bc2cf___GCREC_Bact.Sp 3673_final_masked.jpg,Tomato___Bacterial_spot
dataset\Tomato___healthy\ec59e000-1ee0-4998-a68f-abbfa6f6d009___RS_HL 0226_final_masked.jpg,Tomato___healthy
dataset\Tomato___healthy\aadb9f92-d885-4a69-a498-437b1edeab90___RS_HL 9959_final_masked.jpg,Tomato___healthy
dataset\Tomato___Bacterial_spot\045e9a8d-bed0-4700-8d27-7f8d0735223e___GCREC_Bact.Sp 3848_final_masked.jpg,Tomato___Bacterial_spot
dataset\Tomato___Late_blight\2353e9af-9267-4262-840e-1eb109fff56c___RS_Late.B 5135_final_masked.jpg,Tomato___Late_blight
dataset\Tomato___Late_blight\1b2756ef-4fa0-410a-8fe5-a8b699d3553e___GHLB2 Leaf 156.2_final_masked.jpg,Tomato___Late_blight
dataset\Tomato___Early_blight\801a593c-82f7-4433-8c30-9defa319bdb7___RS_Erly.B 9609_final_masked.jpg,Tomato___Early_blight
dataset\Tomato___healthy\8cc9bd20-8bc9-49c2-bef6-5d43644e7216___GH_HL Leaf 459_final_masked.jpg,Tomato___healthy
dataset\Tomato___healthy\2a859068-5042-4f74-82ac-29339c760cbb___GH_HL Leaf 436_final_masked.jpg,Tomato___healthy
dataset\Tomato___Bacterial_spot\21b0722c-abfd-4aab-88cb-646b6e284cbf___UF.GRC_BS_Lab Leaf 8683_final_masked.jpg,Tomato___Bacterial_spot
dataset\Tomato___Late_blight\15581dd8-f562-4301-856c-30be9302c470___GHLB2 Leaf 70.1_final_masked.jpg,Tomato___Late_blight
dataset\Tomato___Early_blight\9cb2abac-0c5b-4b49-ad84-d97805de271c___RS_Erly.B 7457_final_masked.jpg,Tomato___Early_blight
dataset\Tomato___Bacterial_spot\a421ed13-63ae-47a3-b245-8156716e4a77___GCREC_Bact.Sp 3685_final_masked.jpg,Tomato___Bacterial_spot
dataset\Tomato___Early_blight\21ad39db-c205-4220-a7e6-566042e70007___RS_Erly.B 7633_final_masked.jpg,Tomato___Early_blight
dataset\Tomato___Late_blight\cbad7bd4-3406-415b-b82c-bf4f995e8eec___GHLB2 Leaf 115.2_final_masked.jpg,Tomato___Late_blight
dataset\Tomato___Bacterial_spot\d03d8c3f-4929-4072-9a69-d4062c90a391___GCREC_Bact.Sp 6243_final_masked.jpg,Tomato___Bacterial_spot
dataset\Tomato___Late_blight\1b36d656-ee17-43a1-8f47-0d163c69f754___RS_Late.B 5605_final_masked.jpg,Tomato___Late_blight
dataset\Tomato___Late_blight\ee0c6d7f-7728-406b-b715-67ba31384954___RS_Late.B 5293_final_masked.jpg,Tomato___Late_blight
dataset\Tomato___Late_blight\804affe6-213e-4bcc-8736-e5034a31e454___GHLB2 Leaf 8659_final_masked.jpg,Tomato___Late_blight
dataset\Tomato___healthy\8c5dbb8f-90fb-4ec7-9563-11e54723687e___GH_HL Leaf 190_final_masked.jpg,Tomato___healthy
dataset\Tomato___Late_blight\f5538cfb-7556-4f4d-a680-6a15cc6283ab___RS_Late.B 4962_final_masked.jpg,Tomato___Late_blight
dataset\Tomato___Bacterial_spot\1fbc778e-9d12-4813-bba5-75a7275ab525___GCREC_Bact.Sp 5983_final_masked.jpg,Tomato___Bacterial_spot
dataset\Tomato___Early_blight\0e2abcfb-e62b-4c61-a24a-0800cad904a8___RS_Erly.B 7382_final_masked.jpg,Tomato___Early_blight
dataset\Tomato___healthy\cfd491d6-4af5-4728-8f0e-0d330a07174a___GH_HL Leaf 482.2_final_masked.jpg,Tomato___healthy
dataset\Tomato___Bacterial_spot\07de82e1-7258-4c8d-a595-cb2334f02fb4___UF.GRC_BS_Lab Leaf 0418_final_masked.jpg,Tomato___Bacterial_spot
dataset\Tomato___healthy\d3862da2-c8a4-4a40-98db-7148e5e7d2c9___RS_HL 9906_final_masked.jpg,Tomato___healthy
dataset\Tomato___Bacterial_spot\b3e6f770-c0fc-4bc1-9e81-81a73899b3a9___UF.GRC_BS_Lab Leaf 0212_final_masked.jpg,Tomato___Bacterial_spot
dataset\Tomato___healthy\bae543d4-d61d-45e6-aa0c-eaf45af53456___GH_HL Leaf 349_final_masked.jpg,Tomato___healthy
dataset\Tomato___healthy\6a74d0a9-4a5e-4dc2-9e14-aeade8b0c3b2___GH_HL Leaf 400.1_final_masked.jpg,Tomato___healthy
dataset\Tomato___healthy\41b01db4-dcc7-4f71-8d24-11a581577f71___RS_HL 9715_final_masked.jpg,Tomato___healthy
dataset\Tomato___Early_blight\c8412a1c-4e61-4a35-9538-c3d3a7c46cbe___RS_Erly.B 7383_final_masked.jpg,Tomato___Early_blight
dataset\Tomato___healthy\22e8c73b-41bf-4974-a244-d79730bcc5b1___RS_HL 0628_final_masked.jpg,Tomato___healthy
dataset\Tomato___Bacterial_spot\4399f133-0078-4099-9ddb-605bbb84cf8c___GCREC_Bact.Sp 3216_final_masked.jpg,Tomato___Bacterial_spot
dataset\Tomato___Bacterial_spot\fe217957-9c9c-4913-a78a-9d7928aa31f2___GCREC_Bact.Sp 3787_final_masked.jpg,Tomato___Bacterial_spot
dataset\Tomato___Late_blight\8e89b070-c8f0-47f5-a7c4-e28a92e0454b___GHLB2 Leaf 9097_final_masked.jpg,Tomato___Late_blight
dataset\Tomato___Bacterial_spot\666a5368-e53d-41f2-8fee-4a85f1257b8c___GCREC_Bact.Sp 3163_final_masked.jpg,Tomato___Bacterial_spot
dataset\Tomato___Late_blight\9f28c915-c41b-41d7-a9d4-f3620cd9360f___GHLB2 Leaf 8728_final_masked.jpg,Tomato___Late_blight
dataset\Tomato___Bacterial_spot\373f5689-ca40-4b44-836d-c9a343d984f5___UF.GRC_BS_Lab Leaf 9295_final_masked.jpg,Tomato___Bacterial_spot
dataset\Tomato___Late_blight\7973db5e-9bc6-4573-9173-f0ef7f1d62d6___GHLB Leaf 23.4 Day 18_final_masked.jpg,Tomato___Late_blight
dataset\Tomato___healthy\3eaf72d6-be20-4929-b6dc-58f6c9edf2bd___RS_HL 0031_final_masked.jpg,Tomato___healthy
dataset\Tomato___healthy\64796c19-d026-48ed-b433-0be64b859a7c___RS_HL 9892_final_masked.jpg,Tomato___healthy
dataset\Tomato___healthy\71967e69-6356-49c1-81ce-624792b4d964___GH_HL Leaf 315.1_final_masked.jpg,Tomato___healthy
dataset\Tomato___Early_blight\66c98dd1-2790-4977-91ee-1b10ca8c687b___RS_Erly.B 8418_final_masked.jpg,Tomato___Early_blight
dataset\Tomato___Late_blight\9f79bf03-7797-491c-98c8-e7fd2c49f435___RS_Late.B 5520_final_masked.jpg,Tomato___Late_blight
dataset\Tomato___healthy\b6185c0e-e2ea-4283-b808-c37ee374b776___RS_HL 0094_final_masked.jpg,Tomato___healthy
dataset\Tomato___Late_blight\a6b94272-9bb5-495e-bce4-2622d2ea34f5___GHLB Leaf 25.2 Day 12_final_masked.jpg,Tomato___Late_blight
dataset\Tomato___Bacterial_spot\606ad875-f0db-4725-8b4d-d046b6a1405f___GCREC_Bact.Sp 6228_final_masked.jpg,Tomato___Bacterial_spot
dataset\Tomato___Early_blight\38b7f839-7d01-4062-a858-a64b841b7996___RS_Erly.B 7390_final_masked.jpg,Tomato___Early_blight
dataset\Tomato___Late_blight\62aff181-7479-4134-bb2e-9acbbf062a3b___RS_Late.B 6449_final_masked.jpg,Tomato___Late_blight
dataset\Tomato___Bacterial_spot\369f1de1-1e18-435f-87f1-67b5ed852a0a___UF.GRC_BS_Lab Leaf 9030_final_masked.jpg,Tomato___Bacterial_spot
dataset\Tomato___Bacterial_spot\ee5192e5-c7fc-402f-ac78-6ae93fd85032___GCREC_Bact.Sp 3323_final_masked.jpg,Tomato___Bacterial_spot
dataset\Tomato___Late_blight\38121028-f6a2-44f7-be49-5c4b7c296d1e___GHLB2 Leaf 9108_final_masked.jpg,Tomato___Late_blight
dataset\Tomato___Early_blight\8405be22-ecbb-4cec-a87d-e0d454b9926d___RS_Erly.B 7847_final_masked.jpg,Tomato___Early_blight
dataset\Tomato___Late_blight\51c47d39-74a9-46d4-be22-05b9c5a16eae___RS_Late.B 5557_final_masked.jpg,Tomato___Late_blight
dataset\Tomato___Late_blight\4648b0c8-1c09-4cb9-b0dc-67515432d802___GHLB2ES Leaf 69.3_final_masked.jpg,Tomato___Late_blight
dataset\Tomato___Bacterial_spot\776ec720-7e48-4952-b3a4-d2a7b4d7d5f7___GCREC_Bact.Sp 5946_final_masked.jpg,Tomato___Bacterial_spot
dataset\Tomato___Bacterial_spot\8e7bdca5-a018-4553-9571-2f631eb5de6c___UF.GRC_BS_Lab Leaf 0417_final_masked.jpg,Tomato___Bacterial_spot
dataset\Tomato___Late_blight\bc99db20-93a1-4a18-b268-339be33c0c63___GHLB2 Leaf 9024_final_masked.jpg,Tomato___Late_blight
dataset\Tomato___Early_blight\66eef337-720e-4166-a1d0-a9d3ce7f96f3___RS_Erly.B 6422_final_masked.jpg,Tomato___Early_blight
dataset\Tomato___Early_blight\d529889a-662a-4321-9bd8-888244d50af8___RS_Erly.B 8381_final_masked.jpg,Tomato___Early_blight
dataset\Tomato___Bacterial_spot\69313469-d592-4877-a2a6-4d387988352e___GCREC_Bact.Sp 3855_final_masked.jpg,Tomato___Bacterial_spot
dataset\Tomato___Bacterial_spot\c1cede9c-e0fe-429e-a62a-31f075b1fe28___GCREC_Bact.Sp 3746_final_masked.jpg,Tomato___Bacterial_spot
dataset\Tomato___healthy\b842ca3c-1910-4ff3-8691-c7759830651a___RS_HL 9784_final_masked.jpg,Tomato___healthy
dataset\Tomato___healthy\674f82cb-c61c-4944-b8d6-1afb6212f96f___RS_HL 9646_final_masked.jpg,Tomato___healthy
dataset\Tomato___Bacterial_spot\dda6fd98-f44f-41fd-9e60-bd9e32117d5d___UF.GRC_BS_Lab Leaf 8652_final_masked.jpg,Tomato___Bacterial_spot
dataset\Tomato___Late_blight\19b2b71e-d648-46fb-921d-a7858a1c67c7___GHLB2 Leaf 9102_final_masked.jpg,Tomato___Late_blight
dataset\Tomato___healthy\cc69ca79-bef9-449b-892f-b1e76310aa60___RS_HL 9868_final_masked.jpg,Tomato___healthy
dataset\Tomato___healthy\96bf0aea-6bf2-4ad8-8fa9-bbbc30be4967___RS_HL 0200_final_masked.jpg,Tomato___healthy
dataset\Tomato___healthy\43c4b555-4bc4-470f-9150-ef0a7b515e00___RS_HL 9702_final_masked.jpg,Tomato___healthy
dataset\Tomato___Early_blight\6b9b4ddb-9ac0-4da5-9176-24c325bd6037___RS_Erly.B 7392_final_masked.jpg,Tomato___Early_blight
dataset\Tomato___Late_blight\736c244e-cbeb-406a-bd0e-9a86675b99fc___RS_Late.B 4972_final_masked.jpg,Tomato___Late_blight
dataset\Tomato___Late_blight\f2dba3c2-82b9-4a5a-9424-f24de8972266___GHLB2 Leaf 8901_final_masked.jpg,Tomato___Late_blight
dataset\Tomato___healthy\15daad17-78e9-45d2-9054-5a76221f6c1e___GH_HL Leaf 246_final_masked.jpg,Tomato___healthy
dataset\Tomato___Late_blight\7efeb8b7-9416-4b2b-bf24-acaf62918008___GHLB2 Leaf 124.1_final_masked.jpg,Tomato___Late_blight
dataset\Tomato___Bacterial_spot\6e8def24-a55a-464e-88a3-624075de0cf1___GCREC_Bact.Sp 2952_final_masked.jpg,Tomato___Bacterial_spot
dataset\Tomato___Bacterial_spot\35797a1e-c933-4ae3-817f-abc07775075d___GCREC_Bact.Sp 3204_final_masked.jpg,Tomato___Bacterial_spot
dataset\Tomato___healthy\256a65aa-690c-4e03-b426-21e84bb9b6dd___GH_HL Leaf 477.1_final_masked.jpg,Tomato___healthy
dataset\Tomato___Early_blight\583a02eb-f2f2-4a62-8455-f77e08fc19c4___RS_Erly.B 8266_final_masked.jpg,Tomato___Early_blight
dataset\Tomato___Early_blight\e2ce6add-93e2-4c1f-9ee3-2354d1542e8b___RS_Erly.B 7698_final_masked.jpg,Tomato___Early_blight
dataset\Tomato___healthy\7b246e09-0a8c-4078-9e0a-6207de8dc804___RS_HL 9809_final_masked.jpg,Tomato___healthy
dataset\Tomato___Bacterial_spot\30479f05-421c-4598-8e91-4e2c6722c450___UF.GRC_BS_Lab Leaf 0538_final_masked.jpg,Tomato___Bacterial_spot
dataset\Tomato___Late_blight\43018540-7022-4fcd-a240-e5f861914bbd___GHLB2 Leaf 84.5_final_masked.jpg,Tomato___Late_blight
dataset\Tomato___Bacterial_spot\a2e2a626-aafb-4383-8fa8-cc4d2071348a___GCREC_Bact.Sp 3125_final_masked.jpg,Tomato___Bacterial_spot
dataset\Tomato___Early_blight\18815a60-8297-46e0-922f-e6a0fea818ef___RS_Erly.B 7808_final_masked.jpg,Tomato___Early_blight
dataset\Tomato___Bacterial_spot\e4404de4-7958-4e77-a7ed-664dd0d7f2c9___GCREC_Bact.Sp 5906_final_masked.jpg,Tomato___Bacterial_spot
dataset\Tomato___healthy\310d6f93-5075-44a2-80e4-57463adff105___GH_HL Leaf 449.1_final_masked.jpg,Tomato___healthy
dataset\Tomato___Bacterial_spot\443242bf-ad63-440d-89bd-cb11c2fc1e51___UF.GRC_BS_Lab Leaf 0874_final_masked.jpg,Tomato___Bacterial_spot
dataset\Tomato___healthy\b427ec05-0b9a-45c6-8148-cbddad66e99d___GH_HL Leaf 516.3_final_masked.jpg,Tomato___healthy
dataset\Tomato___Late_blight\f9f5cfa8-79df-4ed7-ba61-e7610509b3a5___RS_Late.B 6496_final_masked.jpg,Tomato___Late_blight
dataset\Tomato___healthy\787fe2db-da4f-4655-bbb7-6fd8025feffe___RS_HL 9795_final_masked.jpg,Tomato___healthy
dataset\Tomato___Late_blight\ccbeb4a7-7a15-4246-9ffa-1807e58b3afc___RS_Late.B 4849_final_masked.jpg,Tomato___Late_blight
dataset\Tomato___Bacterial_spot\27ebdaaa-b432-4d4a-b404-a04e58a46f44___GCREC_Bact.Sp 6025_final_masked.jpg,Tomato___Bacterial_spot
dataset\Tomato___Early_blight\620df2cc-834d-48b9-b9a8-11da26395739___RS_Erly.B 9557_final_masked.jpg,Tomato___Early_blight
dataset\Tomato___healthy\4ed95a13-f09b-452e-84d0-b4b6a94a022d___RS_HL 9975_final_masked.jpg,Tomato___healthy
dataset\Tomato___Early_blight\b81b4276-e0c9-460a-ab94-79b6a5d0f2d6___RS_Erly.B 7538_final_masked.jpg,Tomato___Early_blight
dataset\Tomato___Late_blight\e0cf0b07-8ee9-406e-a7fb-5410ba7c84b7___GHLB2 Leaf 8630_final_masked.jpg,Tomato___Late_blight
dataset\Tomato___Late_blight\cdda8dae-ea06-49fd-bdc3-12852b4105b2___GHLB2 Leaf 8843_final_masked.jpg,Tomato___Late_blight
dataset\Tomato___Bacterial_spot\2c11cd9f-5a64-49eb-91ba-63a7188c8eb7___GCREC_Bact.Sp 5926_final_masked.jpg,Tomato___Bacterial_spot
dataset\Tomato___Bacterial_spot\84397079-5839-431e-97d1-9dfc144f1fff___UF.GRC_BS_Lab Leaf 0486_final_masked.jpg,Tomato___Bacterial_spot
dataset\Tomato___Early_blight\0ecc2ee7-fb66-41fa-a23b-9bdeaf31078a___RS_Erly.B 6381_final_masked.jpg,Tomato___Early_blight
dataset\Tomato___Bacterial_spot\b54854bf-7cc6-4ee4-8189-122c26e75122___GCREC_Bact.Sp 5912_final_masked.jpg,Tomato___Bacterial_spot
dataset\Tomato___Late_blight\dbedc9c1-d7f8-4eef-b4bf-d36689c57c60___GHLB Leaf 27 Day 12_final_masked.jpg,Tomato___Late_blight
dataset\Tomato___Bacterial_spot\b8eae33d-0b5a-45c0-a926-001512a72db1___UF.GRC_BS_Lab Leaf 0611_final_masked.jpg,Tomato___Bacterial_spot
dataset\Tomato___Late_blight\726a5ae7-e33b-4854-a872-71318ec3a493___RS_Late.B 5538_final_masked.jpg,Tomato___Late_blight
dataset\Tomato___Bacterial_spot\7e7479df-7aac-4b5f-9724-db28ca442a74___GCREC_Bact.Sp 3215_final_masked.jpg,Tomato___Bacterial_spot
dataset\Tomato___Late_blight\250823af-1631-4050-928d-029101ddc744___RS_Late.B 6197_final_masked.jpg,Tomato___Late_blight
dataset\Tomato___Early_blight\d3fd3d9c-60ba-432c-a4a7-049f014ecace___RS_Erly.B 7696_final_masked.jpg,Tomato___Early_blight
dataset\Tomato___Early_blight\cf2919ca-2b62-4f23-8a55-5dfa953db83c___RS_Erly.B 7352_final_masked.jpg,Tomato___Early_blight
dataset\Tomato___Bacterial_spot\777c6add-17fe-4630-8356-92526c155fe4___GCREC_Bact.Sp 3133_final_masked.jpg,Tomato___Bacterial_spot
dataset\Tomato___healthy\709ca1e9-9c0f-4ebb-a3c1-529675210010___GH_HL Leaf 310_final_masked.jpg,Tomato___healthy
dataset\Tomato___Early_blight\06339fe1-154f-4bcb-be91-a29e86e25929___RS_Erly.B 7440_final_masked.jpg,Tomato___Early_blight
dataset\Tomato___Bacterial_spot\5512c9ea-9177-4860-8035-c4f8b2025693___GCREC_Bact.Sp 5651_final_masked.jpg,Tomato___Bacterial_spot
dataset\Tomato___Late_blight\e93721af-a478-4021-8d9a-bffdc1ba7c45___RS_Late.B 5050_final_masked.jpg,Tomato___Late_blight
dataset\Tomato___Early_blight\26e2e7aa-800c-421b-92e8-3e20c5f5757e___RS_Erly.B 7656_final_masked.jpg,Tomato___Early_blight
dataset\Tomato___Late_blight\2e6fd489-d873-4fc6-a908-467765017508___GHLB2 Leaf 151_final_masked.jpg,Tomato___Late_blight
dataset\Tomato___Late_blight\2a49b85e-6b7a-4a55-82c3-f596ed09f82d___GHLB2 Leaf 133.1_final_masked.jpg,Tomato___Late_blight
dataset\Tomato___healthy\6555b55c-78bc-4391-88ed-65b596fc7e76___GH_HL Leaf 441_final_masked.jpg,Tomato___healthy
dataset\Tomato___healthy\b6256250-7248-410b-b369-08cb07166099___GH_HL Leaf 452_final_masked.jpg,Tomato___healthy
dataset\Tomato___healthy\846276ae-4ccd-45ba-9a46-f913d04a9456___RS_HL 0012_final_masked.jpg,Tomato___healthy
dataset\Tomato___Early_blight\d59a0542-4c2a-441b-8566-e1f741e917d4___RS_Erly.B 6437_final_masked.jpg,Tomato___Early_blight
dataset\Tomato___healthy\da3e3bf7-80da-479b-99f1-f86f18d8a264___GH_HL Leaf 511.1_final_masked.jpg,Tomato___healthy
dataset\Tomato___healthy\c4237d59-bfd9-476a-93c1-c0c3c3fef4ef___RS_HL 0068_final_masked.jpg,Tomato___healthy
dataset\Tomato___healthy\e95c13d4-9ba6-452e-b53c-03007f575401___GH_HL Leaf 320_final_masked.jpg,Tomato___healthy
dataset\Tomato___healthy\50ac802c-b814-4faf-b0d5-a7bc012747eb___GH_HL Leaf 315_final_masked.jpg,Tomato___healthy
dataset\Tomato___Bacterial_spot\b1dd4d7d-40ab-40bc-8246-5dabfac9dbd9___GCREC_Bact.Sp 3488_final_masked.jpg,Tomato___Bacterial_spot
dataset\Tomato___Late_blight\9ec534c9-70e3-43de-876e-3bfd87ef324c___RS_Late.B 5163_final_masked.jpg,Tomato___Late_blight
dataset\Tomato___Bacterial_spot\1cdfa566-3dc1-4be4-8ec9-91fd300ac06d___GCREC_Bact.Sp 3468_final_masked.jpg,Tomato___Bacterial_spot
dataset\Tomato___Bacterial_spot\076ef17d-dfd3-4dbc-a351-a14eff1aecdb___UF.GRC_BS_Lab Leaf 8980_final_masked.jpg,Tomato___Bacterial_spot
dataset\Tomato___Bacterial_spot\31ebf507-8a9d-42ac-89fa-54cbc98cc1d9___GCREC_Bact.Sp 6388_final_masked.jpg,Tomato___Bacterial_spot
dataset\Tomato___Late_blight\aa5e6a40-afc1-47e5-80a3-e41fb9e5a40b___GHLB2 Leaf 9085_final_masked.jpg,Tomato___Late_blight
dataset\Tomato___healthy\c56b4a9c-dd6f-48ac-ac94-c4fbf6194031___GH_HL Leaf 364.1_final_masked.jpg,Tomato___healthy
dataset\Tomato___healthy\8b94be33-e461-4004-8891-0a69598cea6b___GH_HL Leaf 223.1_final_masked.jpg,Tomato___healthy
dataset\Tomato___Bacterial_spot\2d9b4cc9-3b21-4e0c-830f-b97ed7bfb397___GCREC_Bact.Sp 3444_final_masked.jpg,Tomato___Bacterial_spot
dataset\Tomato___Late_blight\e3c902d2-2086-4025-9a8a-de26b1682cb2___RS_Late.B 5186_final_masked.jpg,Tomato___Late_blight
dataset\Tomato___healthy\d30f0e3c-7246-455d-959c-6221eac22dfd___GH_HL Leaf 202_final_masked.jpg,Tomato___healthy
dataset\Tomato___Bacterial_spot\3cd5b241-d5f1-4ae7-92ea-447613dac98a___GCREC_Bact.Sp 3561_final_masked.jpg,Tomato___Bacterial_spot
dataset\Tomato___Bacterial_spot\e33fbdfb-6511-47b7-9dc2-afa294f3ba0e___UF.GRC_BS_Lab Leaf 1045_final_masked.jpg,Tomato___Bacterial_spot
dataset\Tomato___Late_blight\c991e311-e10c-4505-a01a-3ad7c92d3e3b___RS_Late.B 7194_final_masked.jpg,Tomato___Late_blight
dataset\Tomato___Late_blight\b58ce413-a81c-488f-9207-bab53d34d1c4___GHLB2 Leaf 8744_final_masked.jpg,Tomato___Late_blight
dataset\Tomato___Late_blight\69c6df3c-ce76-4bac-a4be-d3efee364c10___GHLB2 Leaf 8929_final_masked.jpg,Tomato___Late_blight
dataset\Tomato___Bacterial_spot\ad52d457-9701-4260-84d9-5a7acfa8cab8___GCREC_Bact.Sp 3739_final_masked.jpg,Tomato___Bacterial_spot
dataset\Tomato___Bacterial_spot\7e045ecc-bab1-43c8-9b4d-2d7697b20847___GCREC_Bact.Sp 6165_final_masked.jpg,Tomato___Bacterial_spot
dataset\Tomato___Early_blight\fcf8557f-890e-441b-9dc1-c8854f694f2e___RS_Erly.B 9505_final_masked.jpg,Tomato___Early_blight
dataset\Tomato___Early_blight\68f9f67d-e84a-4551-871c-7b56aab9defc___RS_Erly.B 7693_final_masked.jpg,Tomato___Early_blight
dataset\Tomato___Bacterial_spot\2ef1523a-213c-4c36-af0a-8473fb932452___UF.GRC_BS_Lab Leaf 0364_final_masked.jpg,Tomato___Bacterial_spot
dataset\Tomato___Late_blight\f84a91cc-ad11-409e-9115-1af741e5726d___RS_Late.B 5166_final_masked.jpg,Tomato___Late_blight
dataset\Tomato___Early_blight\ff83852f-65e0-4981-8c66-6b86d34b32c2___RS_Erly.B 9582_final_masked.jpg,Tomato___Early_blight
dataset\Tomato___Early_blight\3d9a4538-4797-45fe-8cff-104237e19368___RS_Erly.B 7729_final_masked.jpg,Tomato___Early_blight
dataset\Tomato___Late_blight\3b9a0c9e-353a-48c0-9b39-90c4ed35dcb7___RS_Late.B 6289_final_masked.jpg,Tomato___Late_blight
dataset\Tomato___Bacterial_spot\b66ad55a-0bf2-4819-90f2-10d4206122e6___GCREC_Bact.Sp 3771_final_masked.jpg,Tomato___Bacterial_spot
dataset\Tomato___Bacterial_spot\666a4e4a-47d7-45fe-b381-5cfbb9720045___GCREC_Bact.Sp 6391_final_masked.jpg,Tomato___Bacterial_spot
dataset\Tomato___healthy\a6e38349-62a4-43e6-bf92-84bc17e6d8eb___GH_HL Leaf 485.1_final_masked.jpg,Tomato___healthy
dataset\Tomato___Bacterial_spot\bc7d9e9e-f2d3-4693-a574-d9486f43b0da___GCREC_Bact.Sp 3593_final_masked.jpg,Tomato___Bacterial_spot
dataset\Tomato___Bacterial_spot\569caa32-079d-49bd-bb70-212e71f1de31___GCREC_Bact.Sp 5787_final_masked.jpg,Tomato___Bacterial_spot
dataset\Tomato___healthy\5fdf7f4f-4847-4492-bda8-01995d192e75___GH_HL Leaf 405_final_masked.jpg,Tomato___healthy
dataset\Tomato___Bacterial_spot\53d941ee-48e5-4669-8cf4-7a04fb68e808___GCREC_Bact.Sp 5893_final_masked.jpg,Tomato___Bacterial_spot
dataset\Tomato___Bacterial_spot\8bd2f1ec-3094-479f-9210-f7fba270922d___GCREC_Bact.Sp 6256_final_masked.jpg,Tomato___Bacterial_spot
dataset\Tomato___healthy\c40b106b-14bf-4af2-88b5-51182169d548___RS_HL 0298_final_masked.jpg,Tomato___healthy
dataset\Tomato___Late_blight\b2fb784b-5601-4b75-93b0-8dcaa7eaca6e___RS_Late.B 6419_final_masked.jpg,Tomato___Late_blight
dataset\Tomato___healthy\a2118ec3-8434-4e93-8a4a-aa93262dfa76___RS_HL 0551_final_masked.jpg,Tomato___healthy
dataset\Tomato___Early_blight\389a93c4-2ea1-4df5-94c6-01ea8ad856db___RS_Erly.B 7720_final_masked.jpg,Tomato___Early_blight
dataset\Tomato___healthy\4a077dcb-30be-4f8d-9dc9-00f3874b1676___GH_HL Leaf 465_final_masked.jpg,Tomato___healthy
dataset\Tomato___healthy\9b5c0a85-5a16-4589-ae76-ef4247e78663___RS_HL 0281_final_masked.jpg,Tomato___healthy
dataset\Tomato___Early_blight\dfd261ab-30ad-456c-93b3-874a4ebaeaaf___RS_Erly.B 8451_final_masked.jpg,Tomato___Early_blight
dataset\Tomato___healthy\236971d6-725b-4685-9336-550dd522d62a___RS_HL 0640_final_masked.jpg,Tomato___healthy
dataset\Tomato___healthy\b5142952-d782-4b4a-bf1b-db96da849191___RS_HL 0081_final_masked.jpg,Tomato___healthy
dataset\Tomato___Late_blight\d6dde2e1-097a-4d45-b646-0110aaa06107___GHLB2 Leaf 8816_final_masked.jpg,Tomato___Late_blight
dataset\Tomato___Bacterial_spot\a0b883b2-3c90-41f0-a3fa-b47eac1f5812___UF.GRC_BS_Lab Leaf 9013_final_masked.jpg,Tomato___Bacterial_spot
dataset\Tomato___healthy\202825fe-3d0b-4c86-aea3-15604e2efed4___RS_HL 9694_final_masked.jpg,Tomato___healthy
dataset\Tomato___Bacterial_spot\1d2bcd85-fdb7-4294-ba11-eb58373b4474___GCREC_Bact.Sp 3092_final_masked.jpg,Tomato___Bacterial_spot
dataset\Tomato___Late_blight\2d63d91d-5366-4f88-83e1-cc5ce4b16d2e___GHLB2 Leaf 156.1_final_masked.jpg,Tomato___Late_blight
dataset\Tomato___Late_blight\8f96e29c-d210-47a7-bdcb-e87821bb66c8___RS_Late.B 6872_final_masked.jpg,Tomato___Late_blight
dataset\Tomato___Early_blight\0c865fa4-b0bf-4e69-b39a-d97b068cef84___RS_Erly.B 7477_final_masked.jpg,Tomato___Early_blight
dataset\Tomato___Late_blight\8afb4f4f-cc42-45fb-b3bb-6d6a4b358d8b___GHLB2 Leaf 8574_final_masked.jpg,Tomato___Late_blight
dataset\Tomato___Bacterial_spot\90658246-1e73-4771-942c-17722d5e4634___GCREC_Bact.Sp 2967_final_masked.jpg,Tomato___Bacterial_spot
dataset\Tomato___Bacterial_spot\c3f278c8-3bf4-4837-91f1-2723a99a22d8___GCREC_Bact.Sp 6359_final_masked.jpg,Tomato___Bacterial_spot
dataset\Tomato___Bacterial_spot\1a067cc9-cf70-41a5-a51c-aa0f6b8a936d___UF.GRC_BS_Lab Leaf 0327_final_masked.jpg,Tomato___Bacterial_spot
dataset\Tomato___healthy\d75f7a19-059a-4b25-a265-5c3f74e279a3___RS_HL 0030_final_masked.jpg,Tomato___healthy
dataset\Tomato___healthy\da10b674-6bd2-4e1f-ba50-f08caac7a2ec___RS_HL 9742_final_masked.jpg,Tomato___healthy
dataset\Tomato___Bacterial_spot\ad7c1b29-cdb8-413e-a726-fe3111ba2ca8___GCREC_Bact.Sp 3675_final_masked.jpg,Tomato___Bacterial_spot
dataset\Tomato___Bacterial_spot\655639ad-cd0d-457a-b53a-8e25886e4f55___GCREC_Bact.Sp 3099_final_masked.jpg,Tomato___Bacterial_spot
dataset\Tomato___Early_blight\3a8ed6b0-1566-4ab1-b0e2-6a670dfca65a___RS_Erly.B 7653_final_masked.jpg,Tomato___Early_blight
dataset\Tomato___Early_blight\3a634ad7-1119-4ea1-9268-bedc8308fdc8___RS_Erly.B 7841_final_masked.jpg,Tomato___Early_blight
dataset\Tomato___healthy\20d823a4-0be3-4b8a-acdc-6efd1236e7f0___GH_HL Leaf 254.2_final_masked.jpg,Tomato___healthy
dataset\Tomato___Bacterial_spot\833f13d8-0efb-4138-9d76-953ba4a88553___GCREC_Bact.Sp 5962_final_masked.jpg,Tomato___Bacterial_spot
dataset\Tomato___Bacterial_spot\c3fbdba4-a285-463b-a3fd-26d0d4a4d936___GCREC_Bact.Sp 3677_final_masked.jpg,Tomato___Bacterial_spot
dataset\Tomato___Late_blight\781e93a9-2059-42de-8075-658033a6abf7___RS_Late.B 6075_final_masked.jpg,Tomato___Late_blight
dataset\Tomato___healthy\71d75a62-1278-4092-aec5-5749c737eaa2___GH_HL Leaf 513.1_final_masked.jpg,Tomato___healthy
dataset\Tomato___Late_blight\8cb8fc56-d6b5-4032-b5f4-aebe52af18a3___GHLB2 Leaf 8945_final_masked.jpg,Tomato___Late_blight
dataset\Tomato___Early_blight\0012b9d2-2130-4a06-a834-b1f3af34f57e___RS_Erly.B 8389_final_masked.jpg,Tomato___Early_blight
dataset\Tomato___Early_blight\8714986a-ae97-489a-8259-67411bfa2379___RS_Erly.B 9400_final_masked.jpg,Tomato___Early_blight
dataset\Tomato___Bacterial_spot\49b9840f-d9f1-42cc-92ad-96bbbd8bf9b2___GCREC_Bact.Sp 6379_final_masked.jpg,Tomato___Bacterial_spot
dataset\Tomato___Early_blight\422802e1-cee5-43b7-b735-7f90b5e5d4e2___RS_Erly.B 7349_final_masked.jpg,Tomato___Early_blight
dataset\Tomato___Early_blight\4a352896-5a0f-4e42-aba1-f06045d5b531___RS_Erly.B 7765_final_masked.jpg,Tomato___Early_blight
dataset\Tomato___Early_blight\a9a349e8-bf20-4495-8db5-70ca9293608d___RS_Erly.B 7367_final_masked.jpg,Tomato___Early_blight
dataset\Tomato___Bacterial_spot\057e3333-e63f-4259-888e-12869cc457c7___GCREC_Bact.Sp 3317_final_masked.jpg,Tomato___Bacterial_spot
dataset\Tomato___Late_blight\65773c21-d788-4c22-84b4-91257a603e74___GHLB_PS Leaf 13 Day 7_final_masked.jpg,Tomato___Late_blight
dataset\Tomato___Late_blight\2482cadb-d097-4091-8b10-099abca71a72___RS_Late.B 5078_final_masked.jpg,Tomato___Late_blight
dataset\Tomato___Early_blight\0e39c18a-9e04-4f6b-b557-dc0e944d22e5___RS_Erly.B 9501_final_masked.jpg,Tomato___Early_blight
dataset\Tomato___healthy\e74a7250-6e1c-48e8-bef4-deb2724c7b5a___RS_HL 0091_final_masked.jpg,Tomato___healthy
dataset\Tomato___healthy\02b4afdf-e1de-4c0e-a38d-3f19afeb9ea9___RS_HL 0493_final_masked.jpg,Tomato___healthy
dataset\Tomato___Early_blight\784f629e-77a3-4d3b-b83c-9ef67b646234___RS_Erly.B 7371_final_masked.jpg,Tomato___Early_blight
dataset\Tomato___Bacterial_spot\1359bde0-60d2-497b-8a90-d59f9efb5fc1___GCREC_Bact.Sp 3278_final_masked.jpg,Tomato___Bacterial_spot
dataset\Tomato___Late_blight\e20107e7-137f-400e-817f-5dc4c58e5d70___GHLB2 Leaf 8677_final_masked.jpg,Tomato___Late_blight
dataset\Tomato___healthy\bc5416cb-a48f-4ed0-ab8e-0ffd7ef25f12___RS_HL 9992_final_masked.jpg,Tomato___healthy
dataset\Tomato___Bacterial_spot\631fcec5-39db-474a-a929-097718ad2162___GCREC_Bact.Sp 3327_final_masked.jpg,Tomato___Bacterial_spot
dataset\Tomato___healthy\8f009cfa-d6f0-4e8b-8950-71638f04d2c1___RS_HL 0582_final_masked.jpg,Tomato___healthy
dataset\Tomato___healthy\d6128bab-2cc4-4005-9184-2b7303773682___RS_HL 9828_final_masked.jpg,Tomato___healthy
dataset\Tomato___Late_blight\5c63799e-98ee-4f57-9f01-8695b60243de___RS_Late.B 5144_final_masked.jpg,Tomato___Late_blight
dataset\Tomato___Late_blight\e14dc5d0-5671-43e0-9d32-a8331c9455a4___RS_Late.B 6123_final_masked.jpg,Tomato___Late_blight
dataset\Tomato___healthy\2c22b17b-e914-453a-a379-15b29fe294b0___RS_HL 9720_final_masked.jpg,Tomato___healthy
dataset\Tomato___healthy\e7ab090d-f32a-46c2-b3a2-919d76437fee___RS_HL 0207_final_masked.jpg,Tomato___healthy
dataset\Tomato___healthy\62fa284f-8fc8-46b7-a74d-71bada562464___RS_HL 0303_final_masked.jpg,Tomato___healthy
dataset\Tomato___Early_blight\8b2de2f4-1f12-46a7-ae3c-85fe9bd6ab6e___RS_Erly.B 7574_final_masked.jpg,Tomato___Early_blight
dataset\Tomato___Early_blight\53c47cc3-e958-4e9a-811a-e19e99ef0a8c___RS_Erly.B 6373_final_masked.jpg,Tomato___Early_blight
dataset\Tomato___healthy\19787f8b-a78e-4cf2-8fb2-3aae59b20c47___RS_HL 0456_final_masked.jpg,Tomato___healthy
dataset\Tomato___Bacterial_spot\254a2a42-f270-49e9-ac38-b5bb2ab653f9___GCREC_Bact.Sp 6107_final_masked.jpg,Tomato___Bacterial_spot
dataset\Tomato___Bacterial_spot\c787ded5-7722-4419-a5d9-8f4404f68ee4___GCREC_Bact.Sp 3800_final_masked.jpg,Tomato___Bacterial_spot
dataset\Tomato___Late_blight\04da342d-5952-4f2f-b19c-14cdc7fcb07b___GHLB2 Leaf 8716_final_masked.jpg,Tomato___Late_blight
dataset\Tomato___Late_blight\5c25c249-5433-47b9-be00-6cd2d31f48c1___GHLB2 Leaf 8753_final_masked.jpg,Tomato___Late_blight
dataset\Tomato___Late_blight\1847f41b-f412-46a2-90c1-21ba9aac6246___RS_Late.B 6816_final_masked.jpg,Tomato___Late_blight
dataset\Tomato___healthy\87d30769-5aea-4648-8105-788267115242___GH_HL Leaf 414.1_final_masked.jpg,Tomato___healthy
dataset\Tomato___Bacterial_spot\abf9d7f0-be8e-4294-bf19-d60270e3a50d___GCREC_Bact.Sp 5573_final_masked.jpg,Tomato___Bacterial_spot
dataset\Tomato___Early_blight\f62b2695-c850-47d4-9e42-e35e5596e729___RS_Erly.B 7777_final_masked.jpg,Tomato___Early_blight
dataset\Tomato___Early_blight\c27f6ed4-7ae2-4187-8e96-edafd886f123___RS_Erly.B 7618_final_masked.jpg,Tomato___Early_blight
dataset\Tomato___Early_blight\b0f9d534-0c29-4185-bdd1-43b83dc586f8___RS_Erly.B 6453_final_masked.jpg,Tomato___Early_blight
dataset\Tomato___Bacterial_spot\fc6a1ebf-65e5-45f1-be33-1f2bd3dc4d71___GCREC_Bact.Sp 3511_final_masked.jpg,Tomato___Bacterial_spot
dataset\Tomato___Bacterial_spot\e8e7edd6-4791-41f4-a110-41af6fb1e124___GCREC_Bact.Sp 3651_final_masked.jpg,Tomato___Bacterial_spot
dataset\Tomato___Late_blight\021a9808-21f7-464a-8df2-2eda5ed98eda___RS_Late.B 5356_final_masked.jpg,Tomato___Late_blight
dataset\Tomato___Early_blight\fb2aaea3-f1cd-49c3-aa02-b640c62e59f5___RS_Erly.B 9389_final_masked.jpg,Tomato___Early_blight
dataset\Tomato___healthy\c1413079-dfb4-41c5-b129-bc5b6b419e0e___RS_HL 0133_final_masked.jpg,Tomato___healthy
dataset\Tomato___Bacterial_spot\dbabca53-fd46-46e9-91c0-64232aac8c25___GCREC_Bact.Sp 3816_final_masked.jpg,Tomato___Bacterial_spot
dataset\Tomato___Late_blight\1058d7d2-1b7d-40cc-ab26-95b2da23198b___RS_Late.B 4964_final_masked.jpg,Tomato___Late_blight
dataset\Tomato___Late_blight\ee85b4a0-f9ee-40a6-b612-66dd11414929___RS_Late.B 5069_final_masked.jpg,Tomato___Late_blight
dataset\Tomato___Bacterial_spot\f0793e2c-2033-4511-ba00-dbd2c42ce3c1___GCREC_Bact.Sp 3226_final_masked.jpg,Tomato___Bacterial_spot
dataset\Tomato___Early_blight\7b7780c0-f1b2-4095-924c-f3d7777b427e___RS_Erly.B 9613_final_masked.jpg,Tomato___Early_blight
dataset\Tomato___healthy\e8ccc10e-1991-4cd9-8419-fc3857f96867___RS_HL 0550_final_masked.jpg,Tomato___healthy
dataset\Tomato___Bacterial_spot\8ea20132-2bfb-4beb-bda6-88f1f4bb8936___GCREC_Bact.Sp 3103_final_masked.jpg,Tomato___Bacterial_spot
dataset\Tomato___Bacterial_spot\7ee48c64-f951-4234-b514-380673bd7648___GCREC_Bact.Sp 6023_final_masked.jpg,Tomato___Bacterial_spot
dataset\Tomato___Late_blight\90eb1ec4-efb0-426e-b84a-1ad097741da9___GHLB Leaf 23 Day 13_final_masked.jpg,Tomato___Late_blight
dataset\Tomato___Bacterial_spot\f5d65946-2c64-4de0-8769-ec32c6d8ee0c___GCREC_Bact.Sp 6168_final_masked.jpg,Tomato___Bacterial_spot
dataset\Tomato___Early_blight\265940d8-b4e9-446f-b977-3cbd9ee4f789___RS_Erly.B 9595_final_masked.jpg,Tomato___Early_blight
dataset\Tomato___Early_blight\cfe67544-6d8c-48e5-af01-51732c571cb5___RS_Erly.B 8291_final_masked.jpg,Tomato___Early_blight
dataset\Tomato___healthy\eb047146-6e86-44bf-a9b5-f668cb2f301b___GH_HL Leaf 225.1_final_masked.jpg,Tomato___healthy
dataset\Tomato___Bacterial_spot\dbee8b94-3efc-4e09-9710-a95517728d28___GCREC_Bact.Sp 3737_final_masked.jpg,Tomato___Bacterial_spot
dataset\Tomato___Bacterial_spot\9fbe6dac-da52-419e-9a57-b56f94d5c910___GCREC_Bact.Sp 5837_final_masked.jpg,Tomato___Bacterial_spot
dataset\Tomato___Late_blight\74219bb8-17cf-4bf5-9289-5a23151a317b___GHLB2 Leaf 8882_final_masked.jpg,Tomato___Late_blight
dataset\Tomato___healthy\0cabff41-b00b-4692-98af-6b8b0aeba7aa___RS_HL 9774_final_masked.jpg,Tomato___healthy
dataset\Tomato___Late_blight\dee4e35c-5c87-4922-9a1f-b97dcc40e7f1___GHLB2 Leaf 8690_final_masked.jpg,Tomato___Late_blight
dataset\Tomato___Late_blight\e09b337d-7ad9-42c8-9ca4-8c782ff942b1___RS_Late.B 5575_final_masked.jpg,Tomato___Late_blight
dataset\Tomato___Late_blight\f2dd9615-908e-4504-b38d-542765ae4f48___GHLB Leaf 8.3 Day 13_final_masked.jpg,Tomato___Late_blight
dataset\Tomato___healthy\017a4026-813a-4983-887a-4052bb78c397___RS_HL 0218_final_masked.jpg,Tomato___healthy
dataset\Tomato___Early_blight\db4241a0-d3ee-44c8-aebb-ba1783e47609___RS_Erly.B 7547_final_masked.jpg,Tomato___Early_blight
dataset\Tomato___healthy\f5252d99-6752-457b-b430-965d545d3b41___RS_HL 0412_final_masked.jpg,Tomato___healthy
dataset\Tomato___healthy\ec1137c0-ec94-4d00-aabd-97bb603f94c4___GH_HL Leaf 407_final_masked.jpg,Tomato___healthy
dataset\Tomato___Bacterial_spot\d6f28d37-30ea-4b05-997b-88c5b4c62856___GCREC_Bact.Sp 6297_final_masked.jpg,Tomato___Bacterial_spot
dataset\Tomato___healthy\85305af1-0d24-4eba-a750-f74c0e6657f4___RS_HL 9635_final_masked.jpg,Tomato___healthy
dataset\Tomato___healthy\ba6d8256-1d1e-4642-b7f1-8e0f220fb0a4___GH_HL Leaf 359_final_masked.jpg,Tomato___healthy
dataset\Tomato___Late_blight\c7871a80-0d29-40ab-b117-344808cb3485___GHLB_PS Leaf 33 Day 13_final_masked.jpg,Tomato___Late_blight
dataset\Tomato___Late_blight\d6ccb948-fdd5-4357-bb6a-c3df838ea465___GHLB_PS Leaf 8.1 Day 8_final_masked.jpg,Tomato___Late_blight
dataset\Tomato___Late_blight\1ea54b98-1f87-4da7-9bc2-f6460f18b376___RS_Late.B 6713_final_masked.jpg,Tomato___Late_blight
dataset\Tomato___healthy\43851153-bb56-46c3-b61c-b4e84baf0516___RS_HL 9935_final_masked.jpg,Tomato___healthy
dataset\Tomato___healthy\6e583c78-1f36-4d5e-bc0e-24f3c76a2c1d___RS_HL 0284_final_masked.jpg,Tomato___healthy
dataset\Tomato___Bacterial_spot\c69ce12c-9c20-4313-9726-bd09f537392b___GCREC_Bact.Sp 3840_final_masked.jpg,Tomato___Bacterial_spot
dataset\Tomato___healthy\058ade43-2361-4039-bbe5-0ac661828c01___GH_HL Leaf 325.1_final_masked.jpg,Tomato___healthy
dataset\Tomato___Late_blight\2c666dfe-4499-48cf-926c-ecdea7864087___GHLB2 Leaf 8947_final_masked.jpg,Tomato___Late_blight
dataset\Tomato___healthy\b8b8bef0-e86c-47ae-ba47-7912b10beffe___GH_HL Leaf 302_final_masked.jpg,Tomato___healthy
dataset\Tomato___healthy\3c8fb1de-5acf-4194-8a8c-5349067cbaf8___RS_HL 0351_final_masked.jpg,Tomato___healthy
dataset\Tomato___Late_blight\2ec39ffa-c356-4d31-8153-f2e4bc9a1449___RS_Late.B 5164_final_masked.jpg,Tomato___Late_blight
dataset\Tomato___Bacterial_spot\5ad7730a-d2fc-435b-afff-4e2138eb9aa2___GCREC_Bact.Sp 5588_final_masked.jpg,Tomato___Bacterial_spot
dataset\Tomato___Early_blight\b4d37218-1f10-4232-8eeb-dd4106f0f1af___RS_Erly.B 7702_final_masked.jpg,Tomato___Early_blight
dataset\Tomato___healthy\757dc01f-63b5-47aa-b15d-37cbb3f8e76c___GH_HL Leaf 184.1_final_masked.jpg,Tomato___healthy
dataset\Tomato___healthy\6c46af84-675e-4e35-8309-169c20ae8b62___RS_HL 0383_final_masked.jpg,Tomato___healthy
dataset\Tomato___Late_blight\39c5ef21-730a-4e51-9eb0-a7639295c116___RS_Late.B 5157_final_masked.jpg,Tomato___Late_blight
dataset\Tomato___Early_blight\4ee9cff7-9693-4d51-821b-da31e5df240c___RS_Erly.B 7427_final_masked.jpg,Tomato___Early_blight
dataset\Tomato___healthy\1b477a6a-aa09-4c12-ad17-fbbc08cd76da___GH_HL Leaf 386_final_masked.jpg,Tomato___healthy
dataset\Tomato___Bacterial_spot\098b62a4-f92b-4c0d-9ab9-a6061a9d1625___GCREC_Bact.Sp 2955_final_masked.jpg,Tomato___Bacterial_spot
dataset\Tomato___Early_blight\f0763973-1898-4ae6-9350-c9b61976c600___RS_Erly.B 6456_final_masked.jpg,Tomato___Early_blight
dataset\Tomato___Bacterial_spot\9579c6c6-2bd1-4bd9-ba38-22791662a30e___GCREC_Bact.Sp 3544_final_masked.jpg,Tomato___Bacterial_spot
dataset\Tomato___Late_blight\0fca6d09-1931-4767-a195-1dd2b7cd10b7___GHLB Leaf 8 Day 12_final_masked.jpg,Tomato___Late_blight
dataset\Tomato___Early_blight\de57a88b-7170-4eca-93f6-330df50fa8b5___RS_Erly.B 9541_final_masked.jpg,Tomato___Early_blight
dataset\Tomato___Late_blight\d2b12108-4222-4653-85f2-9d59c5929c1e___RS_Late.B 6360_final_masked.jpg,Tomato___Late_blight
dataset\Tomato___healthy\6d1dc982-e62e-448b-85bc-63b0d8363fa0___GH_HL Leaf 328.1_final_masked.jpg,Tomato___healthy
dataset\Tomato___Late_blight\07cca2ca-6b0f-4322-8779-beb94bc219b0___RS_Late.B 6037_final_masked.jpg,Tomato___Late_blight
dataset\Tomato___Late_blight\b7f7a13f-b7c0-4923-aaba-c270ce583b66___RS_Late.B 6686_final_masked.jpg,Tomato___Late_blight
dataset\Tomato___healthy\870b4923-2db1-4e01-827b-fbea6ed404cb___RS_HL 0164_final_masked.jpg,Tomato___healthy
dataset\Tomato___healthy\1e5e6f9d-6d14-4ea7-9c36-c6a559e567d7___RS_HL 9780_final_masked.jpg,Tomato___healthy
dataset\Tomato___Early_blight\65bc0e3e-39a0-4fde-a9b3-65d2dd7dd63e___RS_Erly.B 7485_final_masked.jpg,Tomato___Early_blight
dataset\Tomato___healthy\c273003c-f52b-4a40-92f5-c1b8e9da53b7___RS_HL 0372_final_masked.jpg,Tomato___healthy
dataset\Tomato___Bacterial_spot\24cd9e39-f7d2-4dd3-9681-b3a8e35cd3db___GCREC_Bact.Sp 3048_final_masked.jpg,Tomato___Bacterial_spot
dataset\Tomato___Bacterial_spot\8296a61a-d33d-43a8-bfc9-c094b69f7666___GCREC_Bact.Sp 3784_final_masked.jpg,Tomato___Bacterial_spot
dataset\Tomato___Early_blight\75128610-8633-4000-8f74-17b6cff222d7___RS_Erly.B 6341_final_masked.jpg,Tomato___Early_blight
dataset\Tomato___Early_blight\268590f4-68f6-4de9-968e-a7465b377db4___RS_Erly.B 7614_final_masked.jpg,Tomato___Early_blight
dataset\Tomato___Bacterial_spot\1f8c98e1-b5ff-48eb-b676-7c51e99a1329___GCREC_Bact.Sp 5919_final_masked.jpg,Tomato___Bacterial_spot
dataset\Tomato___Late_blight\b3971b7c-ae24-4f4f-b426-3368096afeab___RS_Late.B 7079_final_masked.jpg,Tomato___Late_blight
dataset\Tomato___Bacterial_spot\bd214fe7-7ed1-428e-ac09-c3ee84a9ba24___GCREC_Bact.Sp 5699_final_masked.jpg,Tomato___Bacterial_spot
dataset\Tomato___Late_blight\cc5c76c0-2858-483e-8f1e-4e472116725b___RS_Late.B 5629_final_masked.jpg,Tomato___Late_blight
dataset\Tomato___healthy\973c9431-f521-462d-82fa-442196087ca8___GH_HL Leaf 204.1_final_masked.jpg,Tomato___healthy
dataset\Tomato___Bacterial_spot\463b2ce4-28ac-416d-9a43-2e494e649fbf___GCREC_Bact.Sp 6146_final_masked.jpg,Tomato___Bacterial_spot
dataset\Tomato___Bacterial_spot\0740bf94-09c3-4718-8375-6ceed7db97a3___GCREC_Bact.Sp 3628_final_masked.jpg,Tomato___Bacterial_spot
dataset\Tomato___Bacterial_spot\71bbf536-8d96-427e-8dd5-1f330b24aff9___GCREC_Bact.Sp 2982_final_masked.jpg,Tomato___Bacterial_spot
dataset\Tomato___Bacterial_spot\158e6da7-6371-4575-b2e2-a42be9b0beed___GCREC_Bact.Sp 3042_final_masked.jpg,Tomato___Bacterial_spot
dataset\Tomato___healthy\61db52ae-d868-4ba0-bac0-b2c9dc539cd8___RS_HL 0140_final_masked.jpg,Tomato___healthy
dataset\Tomato___Late_blight\18568211-18d7-453f-84a4-d22e2088ec33___RS_Late.B 5239_final_masked.jpg,Tomato___Late_blight
dataset\Tomato___Late_blight\f68ecc9a-4ac2-4dde-b2bb-97f2c438ffd8___GHLB2 Leaf 8964_final_masked.jpg,Tomato___Late_blight
dataset\Tomato___Late_blight\278c79c0-ebab-4c54-b573-d94a936e63e4___GHLB Leaf 2.3 Day 13_final_masked.jpg,Tomato___Late_blight
dataset\Tomato___healthy\5104e988-bef6-45fe-9677-095a045239ad___GH_HL Leaf 449_final_masked.jpg,Tomato___healthy
dataset\Tomato___Late_blight\0566e4e3-675b-4289-9e36-ad199448975b___GHLB2 Leaf 161.2_final_masked.jpg,Tomato___Late_blight
dataset\Tomato___healthy\adeea527-67a9-4426-8b18-221fe085fe87___RS_HL 0008_final_masked.jpg,Tomato___healthy
dataset\Tomato___Late_blight\e03a5780-cd8e-431e-8497-4d1233c793d2___GHLB_PS Leaf 28.1 Day 13_final_masked.jpg,Tomato___Late_blight
dataset\Tomato___Early_blight\591ec786-c9bb-4054-be3a-055f0dbecbd2___RS_Erly.B 7416_final_masked.jpg,Tomato___Early_blight
dataset\Tomato___Bacterial_spot\e39108c9-61e6-405a-bad1-84f0d1fbb25b___GCREC_Bact.Sp 5915_final_masked.jpg,Tomato___Bacterial_spot
dataset\Tomato___Late_blight\ff03c1b7-ae44-4b97-b0c8-ec2c6ca7f4e5___GHLB2ES Leaf 63.1_final_masked.jpg,Tomato___Late_blight
dataset\Tomato___Early_blight\c410d512-4708-49dd-ba8f-efce2796a3f5___RS_Erly.B 7602_final_masked.jpg,Tomato___Early_blight
dataset\Tomato___healthy\9d447b38-bd33-46f0-880b-324481fbae19___RS_HL 0366_final_masked.jpg,Tomato___healthy
dataset\Tomato___Early_blight\d4e4bce8-d7ca-492b-8dda-69f3e95f4e5a___RS_Erly.B 6418_final_masked.jpg,Tomato___Early_blight
dataset\Tomato___healthy\a0aac34b-e9c8-4c9e-84b5-8f9ee4cf1502___RS_HL 0622_final_masked.jpg,Tomato___healthy
dataset\Tomato___Bacterial_spot\10fb9d55-efe1-4b52-9c19-23e7031c4cb6___GCREC_Bact.Sp 5559_final_masked.jpg,Tomato___Bacterial_spot
dataset\Tomato___Late_blight\fe20bf11-9be6-480c-8c99-b7b391ac9653___GHLB_PS Leaf 44.2 Day 18_final_masked.jpg,Tomato___Late_blight
dataset\Tomato___Bacterial_spot\f103eb02-d5b1-4601-8de4-674286ee8a6c___GCREC_Bact.Sp 6129_final_masked.jpg,Tomato___Bacterial_spot
dataset\Tomato___healthy\1e4aef32-09c5-4af8-8948-dc86bd8ef2e7___GH_HL Leaf 215.1_final_masked.jpg,Tomato___healthy
dataset\Tomato___Late_blight\8f268f79-0230-4dfb-a7e9-e68bb506798e___GHLB2 Leaf 8739_final_masked.jpg,Tomato___Late_blight
dataset\Tomato___Late_blight\a5a9303d-5e02-4fcb-89be-86c5466d8a04___RS_Late.B 6084_final_masked.jpg,Tomato___Late_blight
dataset\Tomato___Bacterial_spot\5b65716f-ed7d-42cc-b9b6-c7712782f366___UF.GRC_BS_Lab Leaf 9230_final_masked.jpg,Tomato___Bacterial_spot
dataset\Tomato___Late_blight\1def69ef-c2f3-4052-8f02-b397428c7580___GHLB2 Leaf 8627_final_masked.jpg,Tomato___Late_blight
dataset\Tomato___healthy\d578b8cd-9a1c-434b-9507-17ced7dffb34___GH_HL Leaf 249_final_masked.jpg,Tomato___healthy
dataset\Tomato___Bacterial_spot\062e43fa-d640-4e2a-b57f-6d819632235f___UF.GRC_BS_Lab Leaf 8853_final_masked.jpg,Tomato___Bacterial_spot
dataset\Tomato___Bacterial_spot\928c16b7-3be2-4646-b108-73c669974a7c___GCREC_Bact.Sp 3603_final_masked.jpg,Tomato___Bacterial_spot
dataset\Tomato___Bacterial_spot\94096d9a-28b6-48b8-a7c4-8b4fa2885561___UF.GRC_BS_Lab Leaf 0213_final_masked.jpg,Tomato___Bacterial_spot
dataset\Tomato___Early_blight\ec5d1d0a-2909-4c2d-81d5-4bbed298167b___RS_Erly.B 6340_final_masked.jpg,Tomato___Early_blight
dataset\Tomato___Early_blight\f79134d0-8c6a-43ad-ba78-9323f9a9f84f___RS_Erly.B 9427_final_masked.jpg,Tomato___Early_blight
dataset\Tomato___Bacterial_spot\9a9f7f17-5af2-4b88-95f4-6d5e1776dd18___UF.GRC_BS_Lab Leaf 0267_final_masked.jpg,Tomato___Bacterial_spot
dataset\Tomato___Bacterial_spot\51f50a63-acca-45b3-866a-95e339e08e91___GCREC_Bact.Sp 3319_final_masked.jpg,Tomato___Bacterial_spot
dataset\Tomato___healthy\003944fc-3b99-4a0f-9ed4-0e07352fd8b3___RS_HL 9844_final_masked.jpg,Tomato___healthy
dataset\Tomato___Late_blight\29587a7b-a64d-4d2e-8fab-d0ec587e8ecd___GHLB2 Leaf 9081_final_masked.jpg,Tomato___Late_blight
dataset\Tomato___Late_blight\f28e0d02-2e81-4b32-92c7-7d08ce9e40d7___GHLB2 Leaf 9001_final_masked.jpg,Tomato___Late_blight
dataset\Tomato___Early_blight\9744fa97-16b3-4a16-afc0-c86ac0397759___RS_Erly.B 6411_final_masked.jpg,Tomato___Early_blight
dataset\Tomato___healthy\32a852af-ca60-4235-806a-21940281ed8b___RS_HL 0625_final_masked.jpg,Tomato___healthy
dataset\Tomato___Early_blight\611a3c58-8a99-401e-9745-592b55bddb85___RS_Erly.B 7679_final_masked.jpg,Tomato___Early_blight
dataset\Tomato___Early_blight\d7f1e802-0b8e-4cba-88b4-e61328322cac___RS_Erly.B 8222_final_masked.jpg,Tomato___Early_blight
dataset\Tomato___Early_blight\1cebc4a1-5fb6-4168-8e18-e2973ef6d18f___RS_Erly.B 9552_final_masked.jpg,Tomato___Early_blight
dataset\Tomato___Early_blight\43e84adf-0897-47dc-97a4-94ef0e83eef5___RS_Erly.B 6399_final_masked.jpg,Tomato___Early_blight
dataset\Tomato___healthy\3a211a87-cac9-4393-84ca-51e240e1b043___RS_HL 0210_final_masked.jpg,Tomato___healthy
dataset\Tomato___healthy\d38fc068-8503-4868-9c57-8fba55a7892d___RS_HL 0293_final_masked.jpg,Tomato___healthy
dataset\Tomato___Late_blight\e377be2b-1780-4789-a082-3ec683942ca2___GHLB2 Leaf 60_final_masked.jpg,Tomato___Late_blight
dataset\Tomato___Late_blight\cd71e099-6bee-45ab-8de3-08be107939af___RS_Late.B 5040_final_masked.jpg,Tomato___Late_blight
dataset\Tomato___Late_blight\33e05db1-0a59-49f4-b4e3-52b52ca31a14___GHLB2 Leaf 155.1_final_masked.jpg,Tomato___Late_blight
dataset\Tomato___healthy\902d49e5-febf-4970-b0fb-99a57e8e284b___GH_HL Leaf 179_final_masked.jpg,Tomato___healthy
dataset\Tomato___Late_blight\021ca736-df21-458a-9010-fab4803f08fe___RS_Late.B 7010_final_masked.jpg,Tomato___Late_blight
dataset\Tomato___Early_blight\72c6a88e-87d8-45cb-8001-3dd67f90d46c___RS_Erly.B 8245_final_masked.jpg,Tomato___Early_blight
dataset\Tomato___Late_blight\5330d941-df3e-4d0b-bb9a-defe32ff9ce2___RS_Late.B 4920_final_masked.jpg,Tomato___Late_blight
dataset\Tomato___Late_blight\92487391-6fdf-47bb-ae35-b0a48bed62fd___GHLB2 Leaf 9095_final_masked.jpg,Tomato___Late_blight
dataset\Tomato___Bacterial_spot\7882b2d6-96d2-43db-968c-5790a9dddc18___GCREC_Bact.Sp 6280_final_masked.jpg,Tomato___Bacterial_spot
dataset\Tomato___Late_blight\6c0403af-46da-424a-bb2e-98610e1b11b1___GHLB_PS Leaf 38 Day 16_final_masked.jpg,Tomato___Late_blight
dataset\Tomato___healthy\92c06519-cec4-4091-9ae1-5ea8b56c89cd___GH_HL Leaf 525_final_masked.jpg,Tomato___healthy
dataset\Tomato___Early_blight\17d051ce-efe1-486e-b5ed-b71b1317a9f0___RS_Erly.B 9614_final_masked.jpg,Tomato___Early_blight
dataset\Tomato___Late_blight\a6b6fba1-bd00-4934-9029-ed51c46ed962___RS_Late.B 4894_final_masked.jpg,Tomato___Late_blight
dataset\Tomato___healthy\ef21da16-050f-4be8-a91f-e1fa13ce3991___RS_HL 0242_final_masked.jpg,Tomato___healthy
dataset\Tomato___Early_blight\197fa869-c124-436e-b3cd-bced95f52a8e___RS_Erly.B 7834_final_masked.jpg,Tomato___Early_blight
dataset\Tomato___Bacterial_spot\965f8fae-c0d9-44a1-a203-3335b5f1fb74___GCREC_Bact.Sp 3391_final_masked.jpg,Tomato___Bacterial_spot
dataset\Tomato___Bacterial_spot\ef238437-be93-46f4-a67d-124949f847f6___GCREC_Bact.Sp 3798_final_masked.jpg,Tomato___Bacterial_spot
dataset\Tomato___Late_blight\59cf2a70-1658-4f1d-b35c-dfe02630a28a___GHLB2 Leaf 8938_final_masked.jpg,Tomato___Late_blight
dataset\Tomato___Late_blight\22c36fa3-849f-4918-8790-99a8bda1e527___RS_Late.B 5987_final_masked.jpg,Tomato___Late_blight
dataset\Tomato___Late_blight\703b175a-b3e2-4629-9569-9b4caf185589___RS_Late.B 5098_final_masked.jpg,Tomato___Late_blight
dataset\Tomato___Bacterial_spot\d2e4bb70-7fa8-4ff3-87d7-77b10e0727bc___GCREC_Bact.Sp 3306_final_masked.jpg,Tomato___Bacterial_spot
dataset\Tomato___Late_blight\36df35a3-3099-48c0-a9c4-e16c1bcb0573___RS_Late.B 6401_final_masked.jpg,Tomato___Late_blight
dataset\Tomato___Early_blight\3c5e2faa-3bca-4d88-8841-fa06cf7388f1___RS_Erly.B 9599_final_masked.jpg,Tomato___Early_blight
dataset\Tomato___healthy\d9bb47b1-fa25-49fb-9b30-df7a7db48f8d___GH_HL Leaf 290_final_masked.jpg,Tomato___healthy
dataset\Tomato___Bacterial_spot\ae59ca2a-8b8f-490e-af40-a2a1e1963126___GCREC_Bact.Sp 6116_final_masked.jpg,Tomato___Bacterial_spot
dataset\Tomato___Bacterial_spot\f88ed2e0-d8ed-475e-b96a-09b22cf56684___GCREC_Bact.Sp 3357_final_masked.jpg,Tomato___Bacterial_spot
dataset\Tomato___healthy\01c1da17-8d9f-4d69-8a1e-58d37453d3c3___RS_HL 9641_final_masked.jpg,Tomato___healthy
dataset\Tomato___Bacterial_spot\7fa9aeec-445b-4211-9a30-862070925330___GCREC_Bact.Sp 6396_final_masked.jpg,Tomato___Bacterial_spot
dataset\Tomato___healthy\b212b78d-286a-4eec-b5b2-194ce2511695___GH_HL Leaf 345.1_final_masked.jpg,Tomato___healthy
dataset\Tomato___Late_blight\9a1a1ad7-f715-40a5-b136-0e0d1618ef60___RS_Late.B 6120_final_masked.jpg,Tomato___Late_blight
dataset\Tomato___Late_blight\5c5142ea-6b6b-4ea5-bd9c-b2da28bfadfa___RS_Late.B 5634_final_masked.jpg,Tomato___Late_blight
dataset\Tomato___Bacterial_spot\a3e27be0-e5c9-48dd-8305-dc2725c52ebd___GCREC_Bact.Sp 3853_final_masked.jpg,Tomato___Bacterial_spot
dataset\Tomato___healthy\da1015eb-5c8e-436d-b367-d1f98a034e44___RS_HL 0382_final_masked.jpg,Tomato___healthy
dataset\Tomato___healthy\d442075f-73bb-47a0-9545-9b36bca9300b___GH_HL Leaf 210_final_masked.jpg,Tomato___healthy
dataset\Tomato___healthy\3b247bc2-44d4-4fea-ae3e-aef886d27e45___RS_HL 0584_final_masked.jpg,Tomato___healthy
dataset\Tomato___Early_blight\7984dac1-acc8-466a-bbee-7377ea702462___RS_Erly.B 8386_final_masked.jpg,Tomato___Early_blight
dataset\Tomato___healthy\b59425a2-e983-49c8-a9fd-61da8f38e7f3___RS_HL 0537_final_masked.jpg,Tomato___healthy
dataset\Tomato___healthy\4b9bc37a-a9af-4e3f-a4e4-1e6cfb79c673___RS_HL 0262_final_masked.jpg,Tomato___healthy
dataset\Tomato___Bacterial_spot\c89a5319-7f76-4e6e-ad4e-808a4af55891___GCREC_Bact.Sp 3210_final_masked.jpg,Tomato___Bacterial_spot
dataset\Tomato___Late_blight\98191f19-1c33-45bd-bfe6-b768174460ef___GHLB2 Leaf 8794_final_masked.jpg,Tomato___Late_blight
dataset\Tomato___Bacterial_spot\d5b68019-d730-432d-80b5-dcd87b39742d___UF.GRC_BS_Lab Leaf 1200_final_masked.jpg,Tomato___Bacterial_spot
dataset\Tomato___Early_blight\a20bd77c-4ecf-473c-89aa-329b1719fbe1___RS_Erly.B 7639_final_masked.jpg,Tomato___Early_blight
dataset\Tomato___healthy\ef23fd72-1367-41c5-820f-c89533ad258e___GH_HL Leaf 303.1_final_masked.jpg,Tomato___healthy
dataset\Tomato___Late_blight\81dc45ec-9ce3-4887-90b5-b091276a9245___RS_Late.B 4957_final_masked.jpg,Tomato___Late_blight
dataset\Tomato___Bacterial_spot\9bfadeb9-dc2c-45fb-b687-7ae6f3dcc906___UF.GRC_BS_Lab Leaf 8789_final_masked.jpg,Tomato___Bacterial_spot
dataset\Tomato___Bacterial_spot\0db0e663-b580-45b3-bd20-bc8a7f3d8b34___GCREC_Bact.Sp 6189_final_masked.jpg,Tomato___Bacterial_spot
dataset\Tomato___healthy\3f1beda2-534d-4970-b33e-99c43c1ee930___GH_HL Leaf 219.1_final_masked.jpg,Tomato___healthy
dataset\Tomato___healthy\9721c76f-52cc-4a63-a465-4cc32974806c___GH_HL Leaf 431.1_final_masked.jpg,Tomato___healthy
dataset\Tomato___Bacterial_spot\06d98f32-c416-4a79-81df-8e64f8bb7779___GCREC_Bact.Sp 3083_final_masked.jpg,Tomato___Bacterial_spot
dataset\Tomato___Bacterial_spot\075caa8d-0748-441c-a365-754b43a5b538___GCREC_Bact.Sp 5625_final_masked.jpg,Tomato___Bacterial_spot
dataset\Tomato___Bacterial_spot\3813824a-787e-437a-bdd2-2bd99f57edb6___GCREC_Bact.Sp 3416_final_masked.jpg,Tomato___Bacterial_spot
dataset\Tomato___healthy\86a7487a-e9a1-413c-b8ad-6dfacf9c0b2a___GH_HL Leaf 413.1_final_masked.jpg,Tomato___healthy
dataset\Tomato___Late_blight\280cae12-7330-4202-b5cb-236fc869907c___GHLB2 Leaf 8821_final_masked.jpg,Tomato___Late_blight
dataset\Tomato___Late_blight\a59f35a2-f548-4e6f-8784-c106af003c33___GHLB_PS Leaf 25.1 Day 16_final_masked.jpg,Tomato___Late_blight
dataset\Tomato___Bacterial_spot\1addf690-441a-40c5-b1e7-c618a8af1f40___GCREC_Bact.Sp 3744_final_masked.jpg,Tomato___Bacterial_spot
dataset\Tomato___Late_blight\389ecffc-2ab0-4c7e-9f03-d6d4695d4f6a___RS_Late.B 5117_final_masked.jpg,Tomato___Late_blight
dataset\Tomato___Bacterial_spot\760d6620-5a8a-4566-92bf-8a3b5a8d81b2___GCREC_Bact.Sp 6188_final_masked.jpg,Tomato___Bacterial_spot
dataset\Tomato___Bacterial_spot\86f8c248-65a7-49a5-9374-9710a7082005___GCREC_Bact.Sp 5634_final_masked.jpg,Tomato___Bacterial_spot
dataset\Tomato___Early_blight\cc60f915-6dc1-42f2-8e12-aedaef4bc70c___RS_Erly.B 6468_final_masked.jpg,Tomato___Early_blight
dataset\Tomato___Late_blight\54ead8ea-8e27-4c67-b683-7420d5c6ae3e___RS_Late.B 6061_final_masked.jpg,Tomato___Late_blight
dataset\Tomato___Late_blight\35baedd2-975e-4a48-b468-5b7203bab631___GHLB2 Leaf 8936_final_masked.jpg,Tomato___Late_blight
dataset\Tomato___Bacterial_spot\475758ba-01a6-41f7-abe4-81f2fff399b4___UF.GRC_BS_Lab Leaf 9185_final_masked.jpg,Tomato___Bacterial_spot
dataset\Tomato___Late_blight\64e8fe57-b397-413c-a365-1158b9adb6cb___RS_Late.B 5328_final_masked.jpg,Tomato___Late_blight
dataset\Tomato___Bacterial_spot\641aa012-41e5-4e85-bac4-1d81bd67be58___GCREC_Bact.Sp 5665_final_masked.jpg,Tomato___Bacterial_spot
dataset\Tomato___Bacterial_spot\39585b95-2167-4dac-9993-f75aac8d38bc___GCREC_Bact.Sp 3538_final_masked.jpg,Tomato___Bacterial_spot
dataset\Tomato___healthy\4b7deb4f-5bce-4915-ba64-7e75c66624c2___RS_HL 0153_final_masked.jpg,Tomato___healthy
dataset\Tomato___Late_blight\5e590575-5588-422f-96a7-5e8c920fc7e2___GHLB2 Leaf 8671_final_masked.jpg,Tomato___Late_blight
dataset\Tomato___Late_blight\a757db7b-6d0e-4be8-ab0c-5a851b6879ea___RS_Late.B 6498_final_masked.jpg,Tomato___Late_blight
dataset\Tomato___Early_blight\db228bdf-309f-4dd5-a3c7-d77af0acadb8___RS_Erly.B 7584_final_masked.jpg,Tomato___Early_blight
dataset\Tomato___healthy\ac022a2b-764c-4507-8dd9-4470b75763e4___RS_HL 9937_final_masked.jpg,Tomato___healthy
dataset\Tomato___Late_blight\75774583-0a9d-4eb0-8c31-9fe3ef6703f5___RS_Late.B 5569_final_masked.jpg,Tomato___Late_blight
dataset\Tomato___Bacterial_spot\8e2b3e53-24b7-4817-a50f-c5e972b9ae83___GCREC_Bact.Sp 5856_final_masked.jpg,Tomato___Bacterial_spot
dataset\Tomato___Bacterial_spot\d5c25507-51c8-4565-9c4f-2e991cf83721___GCREC_Bact.Sp 6112_final_masked.jpg,Tomato___Bacterial_spot
dataset\Tomato___Early_blight\5870b25f-914c-4dae-aaf5-88d48cb90803___RS_Erly.B 7774_final_masked.jpg,Tomato___Early_blight
dataset\Tomato___Bacterial_spot\d903df67-fe54-4892-be62-1db1a8bbe6d2___GCREC_Bact.Sp 5942_final_masked.jpg,Tomato___Bacterial_spot
dataset\Tomato___Bacterial_spot\9db59731-040c-48ae-9a88-87c427ba120d___GCREC_Bact.Sp 3668_final_masked.jpg,Tomato___Bacterial_spot
dataset\Tomato___Late_blight\fbd28294-04c7-4f8a-8576-f523856c46d9___RS_Late.B 6640_final_masked.jpg,Tomato___Late_blight
dataset\Tomato___Early_blight\5e10503d-8b4e-4215-9128-b92b48fce53d___RS_Erly.B 7559_final_masked.jpg,Tomato___Early_blight
dataset\Tomato___Late_blight\d82b634e-9a19-497b-b698-aaf100d622a1___GHLB_PS Leaf 24 Day 13_final_masked.jpg,Tomato___Late_blight
dataset\Tomato___Bacterial_spot\01f13167-f508-4ef2-8720-4e973438f8fc___GCREC_Bact.Sp 5892_final_masked.jpg,Tomato___Bacterial_spot
dataset\Tomato___Late_blight\b58ed525-764b-471e-adc6-c9986674a812___GHLB2 Leaf 101.1_final_masked.jpg,Tomato___Late_blight
dataset\Tomato___healthy\741595d0-322d-4711-9005-b1e39b9567c1___RS_HL 0491_final_masked.jpg,Tomato___healthy
dataset\Tomato___Early_blight\ed8eb85d-c4fa-4403-8b97-148ec0ac0661___RS_Erly.B 7642_final_masked.jpg,Tomato___Early_blight
dataset\Tomato___Bacterial_spot\1a570997-ffc2-4166-a436-8f6a7facd3fc___GCREC_Bact.Sp 3227_final_masked.jpg,Tomato___Bacterial_spot
dataset\Tomato___Late_blight\e678adf4-2b13-4027-91e8-e997c6362de0___GHLB2 Leaf 8714_final_masked.jpg,Tomato___Late_blight
dataset\Tomato___Early_blight\f525cb66-09b6-4f96-93dd-d6bc936f5645___RS_Erly.B 7700_final_masked.jpg,Tomato___Early_blight
dataset\Tomato___healthy\0de16216-510d-48c1-9ef0-78ce39328ff2___GH_HL Leaf 240_final_masked.jpg,Tomato___healthy
dataset\Tomato___healthy\bd4111eb-69bf-44b7-b02c-13477b5dc8e1___GH_HL Leaf 357_final_masked.jpg,Tomato___healthy
dataset\Tomato___Bacterial_spot\599ab934-d68b-44ad-a922-872765d6f82f___GCREC_Bact.Sp 3152_final_masked.jpg,Tomato___Bacterial_spot
dataset\Tomato___Bacterial_spot\da1c5c94-2f61-4f4e-b773-f7e421d46b34___GCREC_Bact.Sp 3752_final_masked.jpg,Tomato___Bacterial_spot
dataset\Tomato___Early_blight\5f96c793-8015-458b-b3fe-7e718b673b1b___RS_Erly.B 7813_final_masked.jpg,Tomato___Early_blight
dataset\Tomato___Bacterial_spot\3b4b04a8-171b-4ebe-9dec-d1e476605354___GCREC_Bact.Sp 5855_final_masked.jpg,Tomato___Bacterial_spot
dataset\Tomato___Bacterial_spot\1917515d-7e2f-479c-afec-95b4d3ae07e8___GCREC_Bact.Sp 5607_final_masked.jpg,Tomato___Bacterial_spot
dataset\Tomato___Late_blight\5a701380-2b9d-4dc4-9376-56ff0361a1dd___GHLB2 Leaf 8871_final_masked.jpg,Tomato___Late_blight
dataset\Tomato___Early_blight\74c531fc-c39c-429c-b285-909272c4238b___RS_Erly.B 9550_final_masked.jpg,Tomato___Early_blight
dataset\Tomato___Bacterial_spot\b7db70a8-ca63-409e-9e60-47dce0ac5164___UF.GRC_BS_Lab Leaf 0646_final_masked.jpg,Tomato___Bacterial_spot
dataset\Tomato___Early_blight\a54e9f9d-e56b-4097-83c2-b137f9111edf___RS_Erly.B 9411_final_masked.jpg,Tomato___Early_blight
dataset\Tomato___Bacterial_spot\aabc0838-428f-46d6-b869-fabfc687cb16___GCREC_Bact.Sp 5630_final_masked.jpg,Tomato___Bacterial_spot
dataset\Tomato___Late_blight\c2180e2a-653d-4f7d-b2a0-10208ff7829f___RS_Late.B 6368_final_masked.jpg,Tomato___Late_blight
dataset\Tomato___Late_blight\ea9e87df-efa8-4be3-8181-59a4b24dc3b7___RS_Late.B 6279_final_masked.jpg,Tomato___Late_blight
dataset\Tomato___healthy\c586e5df-8410-4690-aee8-25e9ef9df9a5___GH_HL Leaf 178.1_final_masked.jpg,Tomato___healthy
dataset\Tomato___Bacterial_spot\070228e2-ba4e-4de8-813b-074e51ed6f5a___UF.GRC_BS_Lab Leaf 0661_final_masked.jpg,Tomato___Bacterial_spot
dataset\Tomato___healthy\13688c77-f2ad-4f7c-972c-99d70652fac6___RS_HL 0458_final_masked.jpg,Tomato___healthy
dataset\Tomato___healthy\d7f9efa9-5684-42f4-b183-958a83d3ebcd___RS_HL 9923_final_masked.jpg,Tomato___healthy
dataset\Tomato___Bacterial_spot\0a1655ed-797c-4d1d-ba35-dc255d68a2ee___GCREC_Bact.Sp 3560_final_masked.jpg,Tomato___Bacterial_spot
dataset\Tomato___Bacterial_spot\371929a8-17b8-4077-94f4-cfb6963d9285___UF.GRC_BS_Lab Leaf 8624_final_masked.jpg,Tomato___Bacterial_spot
dataset\Tomato___Early_blight\203d84bc-4acc-4cad-b4f9-f659ae641876___RS_Erly.B 7615_final_masked.jpg,Tomato___Early_blight
dataset\Tomato___healthy\83917dc9-aad9-4362-840e-24daab278519___RS_HL 0354_final_masked.jpg,Tomato___healthy
dataset\Tomato___healthy\7f80c0af-c88f-40ec-be87-14d7595248d8___RS_HL 9721_final_masked.jpg,Tomato___healthy
dataset\Tomato___healthy\8940094d-3432-4690-b2b7-9a5996a82f86___RS_HL 0426_final_masked.jpg,Tomato___healthy
dataset\Tomato___Late_blight\27ffa018-265a-4ae7-9c3d-66586f28f342___GHLB2 Leaf 9044_final_masked.jpg,Tomato___Late_blight
dataset\Tomato___Early_blight\16d79bd2-5c70-4e6b-a52a-0c578b501d04___RS_Erly.B 6446_final_masked.jpg,Tomato___Early_blight
dataset\Tomato___Bacterial_spot\f24c87bb-3965-435e-b189-0f9c924f9015___GCREC_Bact.Sp 3741_final_masked.jpg,Tomato___Bacterial_spot
dataset\Tomato___Late_blight\843d28c8-6dc1-4048-94fc-8064ee8ff394___RS_Late.B 6746_final_masked.jpg,Tomato___Late_blight
dataset\Tomato___Late_blight\03e8a2f9-6a7e-43dd-8a1b-3eb7cf99b89b___RS_Late.B 5034_final_masked.jpg,Tomato___Late_blight
dataset\Tomato___Late_blight\74fd0cc8-43c7-4659-94ef-b4c55919f677___RS_Late.B 6052_final_masked.jpg,Tomato___Late_blight
dataset\Tomato___Early_blight\06d0298e-18e5-4bf5-8d33-8feef6600f15___RS_Erly.B 7573_final_masked.jpg,Tomato___Early_blight
dataset\Tomato___Late_blight\de8d11a4-24da-489d-9c88-0d7cf5344cdc___GHLB_PS Leaf 2.3 Day 16_final_masked.jpg,Tomato___Late_blight
dataset\Tomato___Bacterial_spot\fad2f68e-4496-4c7b-9c87-20b2aa8c53f7___UF.GRC_BS_Lab Leaf 0530_final_masked.jpg,Tomato___Bacterial_spot
dataset\Tomato___Bacterial_spot\f2f807a2-8777-4a1f-a33b-d1826d9d36c8___GCREC_Bact.Sp 3786_final_masked.jpg,Tomato___Bacterial_spot
dataset\Tomato___Bacterial_spot\c04f4774-dbfd-4ab0-98fd-437759b1b7f7___UF.GRC_BS_Lab Leaf 9114_final_masked.jpg,Tomato___Bacterial_spot
dataset\Tomato___Bacterial_spot\9b7a21d9-f997-4313-ac5d-9b82e74c6773___UF.GRC_BS_Lab Leaf 9194_final_masked.jpg,Tomato___Bacterial_spot
dataset\Tomato___healthy\922d8646-efa3-4101-b943-d3568c9760e9___RS_HL 0029_final_masked.jpg,Tomato___healthy
dataset\Tomato___Late_blight\7872b2c5-2b59-4f28-aab0-f9346486c83a___RS_Late.B 5332_final_masked.jpg,Tomato___Late_blight
dataset\Tomato___Bacterial_spot\24408a22-6358-438e-99a1-729ea90726ad___GCREC_Bact.Sp 3645_final_masked.jpg,Tomato___Bacterial_spot
dataset\Tomato___Late_blight\563dc24f-a75e-4bde-8667-135ba74541e6___RS_Late.B 5319_final_masked.jpg,Tomato___Late_blight
dataset\Tomato___healthy\82a343d3-1a57-4190-b0d7-8e8c88e832a7___GH_HL Leaf 306_final_masked.jpg,Tomato___healthy
dataset\Tomato___healthy\68955a6d-9454-49ba-8924-a5ed69dcd820___GH_HL Leaf 276_final_masked.jpg,Tomato___healthy
dataset\Tomato___healthy\9268e1da-3fc4-49b1-8fcb-3f0d8957114a___GH_HL Leaf 277.1_final_masked.jpg,Tomato___healthy
dataset\Tomato___healthy\4629608b-5ac4-49d9-a8ff-ca1548fd4710___GH_HL Leaf 375_final_masked.jpg,Tomato___healthy
dataset\Tomato___Bacterial_spot\56665469-ee3d-4a16-8891-0e1a59634ffc___GCREC_Bact.Sp 3647_final_masked.jpg,Tomato___Bacterial_spot
dataset\Tomato___Late_blight\fd99b211-340e-4ac0-9c33-b59e9c594ba2___GHLB2 Leaf 93_final_masked.jpg,Tomato___Late_blight
dataset\Tomato___Bacterial_spot\4f617600-4d99-4f96-98c6-27a08425dbda___GCREC_Bact.Sp 6251_final_masked.jpg,Tomato___Bacterial_spot
dataset\Tomato___Bacterial_spot\d0ce6851-bf97-4410-94f3-ccdcddd2a0fe___GCREC_Bact.Sp 3424_final_masked.jpg,Tomato___Bacterial_spot
dataset\Tomato___Late_blight\379e967d-88c2-422e-9f5f-e4b671fd4511___RS_Late.B 6253_final_masked.jpg,Tomato___Late_blight
dataset\Tomato___healthy\991e779d-ffcb-4f55-98f6-20575d202757___RS_HL 0166_final_masked.jpg,Tomato___healthy
dataset\Tomato___healthy\9ed00c97-7867-4e6f-a274-f2bad77ecfaf___GH_HL Leaf 515.1_final_masked.jpg,Tomato___healthy
dataset\Tomato___Early_blight\d41e78aa-0020-457b-a17d-736d426adad5___RS_Erly.B 7755_final_masked.jpg,Tomato___Early_blight
dataset\Tomato___healthy\8ee7fa28-296c-4cf0-970b-d2015b1b75e8___GH_HL Leaf 327_final_masked.jpg,Tomato___healthy
dataset\Tomato___Early_blight\01f87f04-ff38-4aba-b7d1-587aa06e5282___RS_Erly.B 7851_final_masked.jpg,Tomato___Early_blight
dataset\Tomato___Bacterial_spot\deafaefa-dc4f-40ab-b26a-f462d334e8b2___GCREC_Bact.Sp 3300_final_masked.jpg,Tomato___Bacterial_spot
dataset\Tomato___Bacterial_spot\6744d76c-c446-4b9c-bef7-796c0600fa40___GCREC_Bact.Sp 3719_final_masked.jpg,Tomato___Bacterial_spot
dataset\Tomato___Early_blight\eb2537b2-d6fa-4c70-b919-f90bbe2c65f2___RS_Erly.B 7605_final_masked.jpg,Tomato___Early_blight
dataset\Tomato___Late_blight\41060f54-6ae7-4225-8c38-54490be4705d___RS_Late.B 7097_final_masked.jpg,Tomato___Late_blight
dataset\Tomato___Late_blight\123c4b62-8641-4d88-b8cd-1c2e24a6c3a5___GHLB_PS Leaf 26.2 Day 13_final_masked.jpg,Tomato___Late_blight
dataset\Tomato___Bacterial_spot\c2a9f434-879d-49f4-9491-0b5a970e43b5___GCREC_Bact.Sp 5934_final_masked.jpg,Tomato___Bacterial_spot
dataset\Tomato___Early_blight\a3611dae-1359-41af-b506-0b012c37a451___RS_Erly.B 7368_final_masked.jpg,Tomato___Early_blight
dataset\Tomato___healthy\0922314c-48ce-4a7b-a042-68fecb43a228___RS_HL 0260_final_masked.jpg,Tomato___healthy
dataset\Tomato___Bacterial_spot\581cabbe-38dc-4694-8180-e7ffb4786102___GCREC_Bact.Sp 3691_final_masked.jpg,Tomato___Bacterial_spot
dataset\Tomato___Bacterial_spot\ba08cd52-37f7-4d42-be7e-9bd8db9d1d66___GCREC_Bact.Sp 3661_final_masked.jpg,Tomato___Bacterial_spot
dataset\Tomato___healthy\409c349a-7738-41fc-8a3a-844cd33cfcae___RS_HL 9825_final_masked.jpg,Tomato___healthy
dataset\Tomato___Late_blight\cc31ca99-6a1c-4e62-bc6b-044c99ba2c62___RS_Late.B 6775_final_masked.jpg,Tomato___Late_blight
dataset\Tomato___Late_blight\cd3a1b72-2538-4ed0-9b04-6485b4f0ab0c___RS_Late.B 7149_final_masked.jpg,Tomato___Late_blight
dataset\Tomato___Late_blight\3e7acc8a-73b1-4c21-bc67-bb6e65c4d373___GHLB Leaf 8.1 Day 12_final_masked.jpg,Tomato___Late_blight
dataset\Tomato___Bacterial_spot\e98fdfc0-1871-4b7d-b32a-35731e973289___GCREC_Bact.Sp 5834_final_masked.jpg,Tomato___Bacterial_spot
dataset\Tomato___healthy\9be696de-84ac-4275-b9b0-a6a54e8a1813___GH_HL Leaf 244_final_masked.jpg,Tomato___healthy
dataset\Tomato___healthy\8398397b-eae0-4e7b-83ee-44c42c67a79c___RS_HL 0631_final_masked.jpg,Tomato___healthy
dataset\Tomato___Bacterial_spot\7791a7b8-52b2-42fa-8aee-71fcae8d9ee4___GCREC_Bact.Sp 6374_final_masked.jpg,Tomato___Bacterial_spot
dataset\Tomato___Bacterial_spot\d43111af-cbb9-47ee-be8e-9ce663146371___GCREC_Bact.Sp 6264_final_masked.jpg,Tomato___Bacterial_spot
dataset\Tomato___Late_blight\7e10e4ed-19e9-4e89-a936-4b2bb30d4e90___GHLB_PS Leaf 1 Day 13_final_masked.jpg,Tomato___Late_blight
dataset\Tomato___Early_blight\0401adc0-0998-4d8e-90de-4eae8caf4248___RS_Erly.B 8446_final_masked.jpg,Tomato___Early_blight
dataset\Tomato___Bacterial_spot\d91864c6-22e4-4dea-b10f-e64061a300a3___GCREC_Bact.Sp 3572_final_masked.jpg,Tomato___Bacterial_spot
dataset\Tomato___healthy\49291f4a-e689-4a59-8f40-60ee9f1aac26___RS_HL 9820_final_masked.jpg,Tomato___healthy
dataset\Tomato___healthy\81453f31-6152-44e0-bfaf-fcd1336fc064___GH_HL Leaf 479_final_masked.jpg,Tomato___healthy
dataset\Tomato___Late_blight\5f473bdb-1899-4877-8d8f-df2e94996d1f___RS_Late.B 6266_final_masked.jpg,Tomato___Late_blight
dataset\Tomato___Late_blight\5c6dfda8-1d4e-4ad0-92b1-5c6ffc790ea1___RS_Late.B 6223_final_masked.jpg,Tomato___Late_blight
dataset\Tomato___Late_blight\d730e978-5e96-4a43-878b-33ffc5b635c4___GHLB2 Leaf 8972_final_masked.jpg,Tomato___Late_blight
dataset\Tomato___Bacterial_spot\086880d1-73c4-40d3-99ea-d446c2299692___GCREC_Bact.Sp 3333_final_masked.jpg,Tomato___Bacterial_spot
dataset\Tomato___healthy\87043cab-5827-4968-a099-4f5ce2dba313___RS_HL 9867_final_masked.jpg,Tomato___healthy
dataset\Tomato___Bacterial_spot\98abbc97-8dd1-4e70-af78-d88b0c26aaf9___GCREC_Bact.Sp 5922_final_masked.jpg,Tomato___Bacterial_spot
dataset\Tomato___Late_blight\cf724383-bfe7-454a-9f22-bb59072d56ae___RS_Late.B 5442_final_masked.jpg,Tomato___Late_blight
dataset\Tomato___Late_blight\1329e768-8331-4853-8d35-c03f5586c645___GHLB2 Leaf 8867_final_masked.jpg,Tomato___Late_blight
dataset\Tomato___Bacterial_spot\7c8aaf34-cae5-4699-aba0-088002b7dd29___GCREC_Bact.Sp 6339_final_masked.jpg,Tomato___Bacterial_spot
dataset\Tomato___Late_blight\014eee0c-8000-4762-b4b8-63ecc2fadc13___GHLB2ES Leaf 69.1_final_masked.jpg,Tomato___Late_blight
dataset\Tomato___Bacterial_spot\a207f1b6-9f64-4d3c-80ca-db47faa91c97___GCREC_Bact.Sp 2951_final_masked.jpg,Tomato___Bacterial_spot
dataset\Tomato___Bacterial_spot\6df85e24-1b90-4305-96d8-9831116e8cdb___GCREC_Bact.Sp 6221_final_masked.jpg,Tomato___Bacterial_spot
dataset\Tomato___Bacterial_spot\f14c5648-4fde-4e6c-8937-6fb2e33aa95f___GCREC_Bact.Sp 5666_final_masked.jpg,Tomato___Bacterial_spot
dataset\Tomato___healthy\da5c938a-1baf-46cb-b1e6-c3bfef99b816___RS_HL 9981_final_masked.jpg,Tomato___healthy
dataset\Tomato___healthy\74463e4f-524e-4dad-a936-b167d6846bcf___RS_HL 9971_final_masked.jpg,Tomato___healthy
dataset\Tomato___Bacterial_spot\191ae7fa-8ca5-4654-a01d-c4f497bb7377___UF.GRC_BS_Lab Leaf 0615_final_masked.jpg,Tomato___Bacterial_spot
dataset\Tomato___Bacterial_spot\6a63c776-470d-41a4-b94d-3b90dfd12f0e___GCREC_Bact.Sp 3505_final_masked.jpg,Tomato___Bacterial_spot
dataset\Tomato___Bacterial_spot\7ce15eb0-95ec-4196-a8c0-efa2905523a5___GCREC_Bact.Sp 3193_final_masked.jpg,Tomato___Bacterial_spot
dataset\Tomato___Bacterial_spot\7f374252-2fcd-4dd2-8f48-a1c96bc0e760___GCREC_Bact.Sp 3745_final_masked.jpg,Tomato___Bacterial_spot
dataset\Tomato___Late_blight\a46c23d8-f06e-4abd-9ab8-fb75540fa820___GHLB2 Leaf 8615_final_masked.jpg,Tomato___Late_blight
dataset\Tomato___Early_blight\250f6c43-1800-4c21-9d73-cc51fe144bbc___RS_Erly.B 6356_final_masked.jpg,Tomato___Early_blight
dataset\Tomato___healthy\ed76421e-84e4-408b-a1b3-c6164867b3d2___RS_HL 0560_final_masked.jpg,Tomato___healthy
dataset\Tomato___healthy\09e0f4bb-e933-4969-8097-58cf47065790___RS_HL 0387_final_masked.jpg,Tomato___healthy
dataset\Tomato___Bacterial_spot\02dfe58f-0ad1-4bf6-838a-e145978b1eed___GCREC_Bact.Sp 5841_final_masked.jpg,Tomato___Bacterial_spot
dataset\Tomato___Bacterial_spot\1ec8d580-f7b5-481f-85af-f2370a29a330___GCREC_Bact.Sp 5620_final_masked.jpg,Tomato___Bacterial_spot
dataset\Tomato___healthy\48ffe8ac-3cd7-4d15-a928-6775f657ddae___GH_HL Leaf 264.1_final_masked.jpg,Tomato___healthy
dataset\Tomato___Late_blight\2dab6657-8b94-41ea-b610-74895532efe0___RS_Late.B 5567_final_masked.jpg,Tomato___Late_blight
dataset\Tomato___healthy\0f93b04b-73fc-4c5c-98d6-35842cafdd25___RS_HL 0278_final_masked.jpg,Tomato___healthy
dataset\Tomato___Bacterial_spot\37f07271-2a51-4ebd-8346-d9703f725998___GCREC_Bact.Sp 3238_final_masked.jpg,Tomato___Bacterial_spot
dataset\Tomato___Late_blight\eb6ec9fb-d564-4736-a18c-bd77cddd0c2a___RS_Late.B 5385_final_masked.jpg,Tomato___Late_blight
dataset\Tomato___Early_blight\bc894aa4-76ca-427e-a964-e86236fc0217___RS_Erly.B 7526_final_masked.jpg,Tomato___Early_blight
dataset\Tomato___healthy\4af641e9-7960-4c73-a32c-6373d1f341d0___GH_HL Leaf 489_final_masked.jpg,Tomato___healthy
dataset\Tomato___healthy\e28f30cb-755a-459b-b653-96d44b3b01b5___RS_HL 9926_final_masked.jpg,Tomato___healthy
dataset\Tomato___Late_blight\f6114b61-d9c7-43fb-abb4-5a79501a624b___RS_Late.B 6715_final_masked.jpg,Tomato___Late_blight
dataset\Tomato___Late_blight\e242de40-3f89-46e9-b490-d42378965c9f___RS_Late.B 5595_final_masked.jpg,Tomato___Late_blight
dataset\Tomato___Bacterial_spot\1ff93f22-ad6e-4c74-a677-90e88d1b93df___GCREC_Bact.Sp 3532_final_masked.jpg,Tomato___Bacterial_spot
dataset\Tomato___healthy\c5db6d9e-4821-4b05-8b44-80ba702a8401___GH_HL Leaf 373_final_masked.jpg,Tomato___healthy
dataset\Tomato___Bacterial_spot\088a515b-7dd2-469a-b921-6a7de9edb7db___GCREC_Bact.Sp 3365_final_masked.jpg,Tomato___Bacterial_spot
dataset\Tomato___Bacterial_spot\d55c36fd-0ecb-49d9-a2c0-a5039f83b393___GCREC_Bact.Sp 3410_final_masked.jpg,Tomato___Bacterial_spot
dataset\Tomato___healthy\ccfba9c3-41a5-40de-b71a-980bc3336ae7___GH_HL Leaf 522.2_final_masked.jpg,Tomato___healthy
dataset\Tomato___Early_blight\01861c93-ea8b-4820-aaa8-cc6003b3e75b___RS_Erly.B 7855_final_masked.jpg,Tomato___Early_blight
dataset\Tomato___Early_blight\59fbd532-f75e-4c09-be68-3707d1323868___RS_Erly.B 7863_final_masked.jpg,Tomato___Early_blight
dataset\Tomato___Early_blight\386b2d80-35c1-4fa5-98b6-f78c1c9cfb36___RS_Erly.B 6470_final_masked.jpg,Tomato___Early_blight
dataset\Tomato___Bacterial_spot\3dde2c0b-a6d1-49f7-bcdc-3a615ea9d0c0___GCREC_Bact.Sp 5731_final_masked.jpg,Tomato___Bacterial_spot
dataset\Tomato___Early_blight\eaf0d111-089a-4808-a34c-dd40e3bb4db4___RS_Erly.B 8393_final_masked.jpg,Tomato___Early_blight
dataset\Tomato___Bacterial_spot\0ad66523-0fca-464d-a6e9-ca2d629e8058___GCREC_Bact.Sp 5945_final_masked.jpg,Tomato___Bacterial_spot
dataset\Tomato___Late_blight\993ba935-925c-411c-887f-b06670d884c6___GHLB2 Leaf 100.1_final_masked.jpg,Tomato___Late_blight
dataset\Tomato___Bacterial_spot\26cabbbf-57e1-42a5-9fdc-e819b4b02d39___GCREC_Bact.Sp 3437_final_masked.jpg,Tomato___Bacterial_spot
dataset\Tomato___Bacterial_spot\0afe3bbd-b18b-4c70-8fbd-072844e742a2___GCREC_Bact.Sp 3434_final_masked.jpg,Tomato___Bacterial_spot
dataset\Tomato___Early_blight\3c5b8470-8596-44bf-baa3-164a03e1c818___RS_Erly.B 9611_final_masked.jpg,Tomato___Early_blight
dataset\Tomato___Late_blight\04d8f472-b6ba-4bf7-82eb-a643937af9aa___GHLB2 Leaf 113.3_final_masked.jpg,Tomato___Late_blight
dataset\Tomato___Late_blight\127f2df5-4da2-40ef-ba65-91a732f2498e___GHLB_PS Leaf 40.1 Day 18_final_masked.jpg,Tomato___Late_blight
dataset\Tomato___Early_blight\48dd3efc-400d-4b81-a569-13a51083df58___RS_Erly.B 7718_final_masked.jpg,Tomato___Early_blight
dataset\Tomato___Early_blight\2ef629c7-3366-41b5-a1b7-0e3bcb3ac28c___RS_Erly.B 9395_final_masked.jpg,Tomato___Early_blight
dataset\Tomato___healthy\5c00f8ca-ad19-4df3-a1ac-8b6aefc0ddd5___RS_HL 0319_final_masked.jpg,Tomato___healthy
dataset\Tomato___Bacterial_spot\2622ba72-7a9b-4aa6-98c8-c35f2f186476___GCREC_Bact.Sp 5569_final_masked.jpg,Tomato___Bacterial_spot
dataset\Tomato___Late_blight\8d786c11-5426-4af6-96a0-0c0d9ec804d7___RS_Late.B 5009_final_masked.jpg,Tomato___Late_blight
dataset\Tomato___Bacterial_spot\b788b9e7-1567-47d1-9e34-1c653a8d03a1___UF.GRC_BS_Lab Leaf 0861_final_masked.jpg,Tomato___Bacterial_spot
dataset\Tomato___healthy\feda8fd2-1d18-443e-a7d9-15bd6bf8ce66___RS_HL 0332_final_masked.jpg,Tomato___healthy
dataset\Tomato___Late_blight\4d6314e5-b280-4872-8eb6-cf4632934ae3___GHLB2 Leaf 81_final_masked.jpg,Tomato___Late_blight
dataset\Tomato___Bacterial_spot\d20bb7c6-23ec-4daf-b94a-92a9459da99c___GCREC_Bact.Sp 3617_final_masked.jpg,Tomato___Bacterial_spot
dataset\Tomato___Late_blight\be22c9d7-82af-4062-89c3-24cc59d461dd___GHLB Leaf 1.6 Day 12_final_masked.jpg,Tomato___Late_blight
dataset\Tomato___Late_blight\00ce4c63-9913-4b16-898c-29f99acf0dc3___RS_Late.B 4982_final_masked.jpg,Tomato___Late_blight
dataset\Tomato___healthy\dea347a1-4303-48e1-8db0-997d084e6bd0___RS_HL 9724_final_masked.jpg,Tomato___healthy
dataset\Tomato___Late_blight\239c7429-bf86-4ee3-9271-74314374ba35___RS_Late.B 6616_final_masked.jpg,Tomato___Late_blight
dataset\Tomato___Bacterial_spot\f9ca8392-73cf-4045-96f4-5fe481418df1___GCREC_Bact.Sp 3165_final_masked.jpg,Tomato___Bacterial_spot
dataset\Tomato___Bacterial_spot\53da5b0e-3f9c-41a6-9b64-9b63ddf3e340___GCREC_Bact.Sp 6236_final_masked.jpg,Tomato___Bacterial_spot
dataset\Tomato___Bacterial_spot\0cbaca0d-e422-438f-89df-344b493888b8___GCREC_Bact.Sp 5832_final_masked.jpg,Tomato___Bacterial_spot
dataset\Tomato___healthy\4e690960-f6bb-43f6-b2e7-6ff3aaf81452___RS_HL 9823_final_masked.jpg,Tomato___healthy
dataset\Tomato___healthy\70097a25-88b2-4c9a-800b-5a978cdf4c7c___GH_HL Leaf 384.1_final_masked.jpg,Tomato___healthy
dataset\Tomato___Late_blight\15dc06c9-506a-470b-a015-14dcb585389f___GHLB_PS Leaf 15 Day 8_final_masked.jpg,Tomato___Late_blight
dataset\Tomato___Late_blight\69fff432-3c80-4202-8e8a-7fed08ec0baa___RS_Late.B 6825_final_masked.jpg,Tomato___Late_blight
dataset\Tomato___Bacterial_spot\ffabbe39-4939-414b-af91-825f80fa4d4a___UF.GRC_BS_Lab Leaf 0870_final_masked.jpg,Tomato___Bacterial_spot
dataset\Tomato___Late_blight\ffe3f6a8-75bb-4584-8c7b-d92c814b5342___GHLB2 Leaf 81.1_final_masked.jpg,Tomato___Late_blight
dataset\Tomato___healthy\8d3c1a28-27a6-4376-9390-2372dadb7264___GH_HL Leaf 395_final_masked.jpg,Tomato___healthy
dataset\Tomato___healthy\6a8b21cc-35c6-4e5e-8f9d-a4a3591cc665___RS_HL 9961_final_masked.jpg,Tomato___healthy
dataset\Tomato___Late_blight\87f47869-cd63-494b-813d-4355a11c01d5___RS_Late.B 6629_final_masked.jpg,Tomato___Late_blight
dataset\Tomato___Late_blight\666f07e1-b030-4ba4-8111-9a1024763a1b___RS_Late.B 6932_final_masked.jpg,Tomato___Late_blight
dataset\Tomato___Late_blight\869168d7-a45c-40e6-888b-ad5ba94a657e___RS_Late.B 6193_final_masked.jpg,Tomato___Late_blight
dataset\Tomato___Late_blight\b7f7e1e7-f535-4428-8f00-74b8fecb3740___RS_Late.B 6779_final_masked.jpg,Tomato___Late_blight
dataset\Tomato___Early_blight\28d03063-a772-4136-80fd-3bbff0fffa41___RS_Erly.B 7370_final_masked.jpg,Tomato___Early_blight
dataset\Tomato___Bacterial_spot\e2c80b64-2520-49c4-bedc-a604355be09b___GCREC_Bact.Sp 3609_final_masked.jpg,Tomato___Bacterial_spot
dataset\Tomato___Late_blight\0b988f87-fdce-40ba-aa09-7e6c9e1d6d30___GHLB_PS Leaf 21 Day 8_final_masked.jpg,Tomato___Late_blight
dataset\Tomato___Bacterial_spot\cda5f764-3abe-4d1f-8fa3-b317f08bf012___GCREC_Bact.Sp 3618_final_masked.jpg,Tomato___Bacterial_spot
dataset\Tomato___healthy\bad3b814-de59-4c37-8f47-00ed153f7e4f___RS_HL 0214_final_masked.jpg,Tomato___healthy
dataset\Tomato___healthy\c11a3cf1-de74-421e-89d0-11ea1508673d___RS_HL 0185_final_masked.jpg,Tomato___healthy
dataset\Tomato___Early_blight\4e3c2c95-69ca-41d4-9b08-4e0bb7f425eb___RS_Erly.B 7469_final_masked.jpg,Tomato___Early_blight
dataset\Tomato___Early_blight\52232f20-1d2d-4545-9a5c-76ed0f608bd2___RS_Erly.B 6445_final_masked.jpg,Tomato___Early_blight
dataset\Tomato___Bacterial_spot\166a69a7-cae0-4e6e-ac75-bc207a5335f4___GCREC_Bact.Sp 5705_final_masked.jpg,Tomato___Bacterial_spot
dataset\Tomato___healthy\c30a18fe-8a24-4f0e-9c33-ed8632eead8e___RS_HL 9965_final_masked.jpg,Tomato___healthy
dataset\Tomato___Late_blight\46edfbcd-876e-4310-bba7-bae2b8fcc773___GHLB2 Leaf 9069_final_masked.jpg,Tomato___Late_blight
dataset\Tomato___Late_blight\57b4f2ba-3537-4505-8d7c-e5a3ae7511d9___RS_Late.B 5122_final_masked.jpg,Tomato___Late_blight
dataset\Tomato___Bacterial_spot\47798da0-ff59-497e-a2bb-e169c9138a7e___GCREC_Bact.Sp 3120_final_masked.jpg,Tomato___Bacterial_spot
dataset\Tomato___Early_blight\258e6e39-d791-482c-921d-65048753770a___RS_Erly.B 9422_final_masked.jpg,Tomato___Early_blight
dataset\Tomato___Late_blight\d6027b84-ede4-4b4a-b76b-3fa65f4e663c___RS_Late.B 5198_final_masked.jpg,Tomato___Late_blight
dataset\Tomato___Late_blight\62ba6c10-2e36-48ed-9f8b-f26cd5884666___GHLB2 Leaf 8828_final_masked.jpg,Tomato___Late_blight
dataset\Tomato___Early_blight\62b8d81a-906b-4885-8b2d-e317d7bdd705___RS_Erly.B 7832_final_masked.jpg,Tomato___Early_blight
dataset\Tomato___Late_blight\92286a65-7836-4a51-9e6a-ada347bd2cbf___RS_Late.B 5398_final_masked.jpg,Tomato___Late_blight
dataset\Tomato___Bacterial_spot\9f3bb55d-b52d-4be3-b89b-e7c8cbe8e131___GCREC_Bact.Sp 3112_final_masked.jpg,Tomato___Bacterial_spot
dataset\Tomato___Late_blight\08f6ed0a-4cd0-4bd3-8983-469002cad2d9___GHLB2 Leaf 9078_final_masked.jpg,Tomato___Late_blight
dataset\Tomato___Late_blight\85550b3b-28a6-4489-ae91-63ea771622ae___RS_Late.B 5539_final_masked.jpg,Tomato___Late_blight
dataset\Tomato___Bacterial_spot\7c6b8e90-fd14-4f00-b1cc-1f3e9406fd6d___GCREC_Bact.Sp 5764_final_masked.jpg,Tomato___Bacterial_spot
dataset\Tomato___Late_blight\9a298d6c-723d-483c-bec6-c64f99065677___RS_Late.B 6956_final_masked.jpg,Tomato___Late_blight
dataset\Tomato___Early_blight\90c69e4c-c526-4f72-b0b0-4127fc6acb0a___RS_Erly.B 7782_final_masked.jpg,Tomato___Early_blight
dataset\Tomato___Bacterial_spot\0f952ca0-e30b-4075-8bb9-1ebccb8aeb9f___GCREC_Bact.Sp 3326_final_masked.jpg,Tomato___Bacterial_spot
dataset\Tomato___Late_blight\a86c0d90-358b-46b2-8652-c6f60d948e8a___RS_Late.B 6207_final_masked.jpg,Tomato___Late_blight
dataset\Tomato___Late_blight\ad294462-aa5f-4e50-b05f-89e460f9a38a___GHLB2 Leaf 8804_final_masked.jpg,Tomato___Late_blight
dataset\Tomato___Early_blight\0a2726e0-3358-4a46-b6dc-563a5a9f2bdf___RS_Erly.B 7860_final_masked.jpg,Tomato___Early_blight
dataset\Tomato___Late_blight\3ef1e6d9-0ea8-4b1d-a2f4-a99bbc4ba66e___GHLB2 Leaf 8830_final_masked.jpg,Tomato___Late_blight
dataset\Tomato___healthy\b5631e3d-6e99-41f0-a36f-fe45e352278b___RS_HL 9835_final_masked.jpg,Tomato___healthy
dataset\Tomato___Late_blight\92a458d9-e19a-4080-a7fe-ec6c83af7c0c___GHLB2 Leaf 8730_final_masked.jpg,Tomato___Late_blight
dataset\Tomato___Early_blight\8824899d-1dce-4729-860b-336d563bc268___RS_Erly.B 7837_final_masked.jpg,Tomato___Early_blight
dataset\Tomato___healthy\8328f7fb-5929-4920-921a-ae9a24db66c2___RS_HL 0597_final_masked.jpg,Tomato___healthy
dataset\Tomato___Bacterial_spot\84bbafd6-7a7a-496d-81b9-e406c6c97281___GCREC_Bact.Sp 6147_final_masked.jpg,Tomato___Bacterial_spot
dataset\Tomato___healthy\fb0f6e2b-1f21-406f-83d3-2c6236d47ca0___RS_HL 0042_final_masked.jpg,Tomato___healthy
dataset\Tomato___Bacterial_spot\d8a90b81-eb30-461d-80ba-4fa9c93f379d___GCREC_Bact.Sp 3757_final_masked.jpg,Tomato___Bacterial_spot
dataset\Tomato___healthy\cbda1b76-250a-4bce-aa3d-1b04feeca6d7___RS_HL 9707_final_masked.jpg,Tomato___healthy
dataset\Tomato___healthy\bb7bfa73-7bd8-4703-a175-5843c00851ac___RS_HL 0517_final_masked.jpg,Tomato___healthy
dataset\Tomato___healthy\07776423-f0af-455c-a7c1-36215c7e7097___RS_HL 0321_final_masked.jpg,Tomato___healthy
dataset\Tomato___Bacterial_spot\f9299ed5-ac75-4849-a8b0-1e1b6c9d3097___GCREC_Bact.Sp 3241_final_masked.jpg,Tomato___Bacterial_spot
dataset\Tomato___healthy\a8036d3b-eda1-4309-b2ac-5a409963f4d7___RS_HL 9840_final_masked.jpg,Tomato___healthy
dataset\Tomato___Late_blight\56226d25-dadc-4c38-8a06-cba810b38c42___GHLB2 Leaf 154.1_final_masked.jpg,Tomato___Late_blight
dataset\Tomato___Early_blight\93dd10f7-791e-4c52-a8d0-f9196cafaecb___RS_Erly.B 8284_final_masked.jpg,Tomato___Early_blight
dataset\Tomato___healthy\431e5099-0b4d-433c-bba9-85e6ded06f4d___RS_HL 9876_final_masked.jpg,Tomato___healthy
dataset\Tomato___Late_blight\0736fe9f-bd15-4a85-ab6e-2b570b10f377___GHLB2 Leaf 64.1_final_masked.jpg,Tomato___Late_blight
dataset\Tomato___healthy\337e35e3-7b0d-4760-a1f6-c26c7db90a0b___GH_HL Leaf 425_final_masked.jpg,Tomato___healthy
dataset\Tomato___healthy\4ae80701-db36-4003-a20c-925d66bdfb68___RS_HL 0602_final_masked.jpg,Tomato___healthy
dataset\Tomato___Bacterial_spot\ef71eeaa-1a9c-41f6-8cbe-394a441b3f0c___GCREC_Bact.Sp 3507_final_masked.jpg,Tomato___Bacterial_spot
dataset\Tomato___Early_blight\3c09557f-b69a-423e-a84f-8fd9ee6467d2___RS_Erly.B 9490_final_masked.jpg,Tomato___Early_blight
dataset\Tomato___Late_blight\a8e0a1e2-02c7-4177-8ee6-e0c80743d6a8___GHLB2 Leaf 113.1_final_masked.jpg,Tomato___Late_blight
dataset\Tomato___Late_blight\72b670f0-6553-41bd-a619-e4bead34917e___GHLB2 Leaf 109_final_masked.jpg,Tomato___Late_blight
dataset\Tomato___healthy\8ab801ee-afee-4025-b5e8-5927465bd455___RS_HL 0212_final_masked.jpg,Tomato___healthy
dataset\Tomato___Early_blight\74b3c6cf-a35b-481b-aa22-7483a52bff76___RS_Erly.B 7792_final_masked.jpg,Tomato___Early_blight
dataset\Tomato___healthy\c3a27dc9-0abc-4828-9163-f55530332cab___GH_HL Leaf 228_final_masked.jpg,Tomato___healthy
dataset\Tomato___Bacterial_spot\393946a5-3f5d-4ed3-af1f-fcb7647b369d___GCREC_Bact.Sp 6190_final_masked.jpg,Tomato___Bacterial_spot
dataset\Tomato___Late_blight\2f26c159-70bd-4405-b61e-150aaf779c41___RS_Late.B 4919_final_masked.jpg,Tomato___Late_blight
dataset\Tomato___healthy\e1400c81-62df-44b6-97fd-e210b66dae0b___RS_HL 9672_final_masked.jpg,Tomato___healthy
dataset\Tomato___Bacterial_spot\86bcf005-a793-4d1f-a767-99548b4c3aa6___GCREC_Bact.Sp 3131_final_masked.jpg,Tomato___Bacterial_spot
dataset\Tomato___Bacterial_spot\325d6d7f-c30b-43a3-8714-74b9cee673b0___GCREC_Bact.Sp 5984_final_masked.jpg,Tomato___Bacterial_spot
dataset\Tomato___Early_blight\2586a260-ecf6-40e8-aa11-4b8a50845575___RS_Erly.B 7833_final_masked.jpg,Tomato___Early_blight
dataset\Tomato___Early_blight\fbb02290-8863-482f-b898-0ea83a2b2fee___RS_Erly.B 9592_final_masked.jpg,Tomato___Early_blight
dataset\Tomato___Late_blight\e9b2e447-add8-4ff1-a24b-eb577d0085c7___GHLB2 Leaf 8589_final_masked.jpg,Tomato___Late_blight
dataset\Tomato___healthy\6cabb19a-2a35-4897-a646-a13e3cf494c6___RS_HL 0591_final_masked.jpg,Tomato___healthy
dataset\Tomato___Bacterial_spot\a23ea57b-2216-4d91-a89f-aa5312d0f24c___GCREC_Bact.Sp 3567_final_masked.jpg,Tomato___Bacterial_spot
dataset\Tomato___Late_blight\dbb9fbf0-e196-4730-ac80-859b7dd74188___RS_Late.B 5498_final_masked.jpg,Tomato___Late_blight
dataset\Tomato___Bacterial_spot\a1512ab0-2174-47fe-9edf-d1cef4268a2b___GCREC_Bact.Sp 3427_final_masked.jpg,Tomato___Bacterial_spot
dataset\Tomato___Bacterial_spot\91d2b551-c853-41b2-80b5-f982f6c30553___GCREC_Bact.Sp 2983_final_masked.jpg,Tomato___Bacterial_spot
dataset\Tomato___Late_blight\f33028e4-68df-4312-ba25-94d65f03efcf___RS_Late.B 5530_final_masked.jpg,Tomato___Late_blight
dataset\Tomato___Bacterial_spot\e2c2e02e-091d-46ef-a9a7-638dfd4decd6___GCREC_Bact.Sp 3228_final_masked.jpg,Tomato___Bacterial_spot
dataset\Tomato___Early_blight\39da27eb-fde9-474b-bf0a-1374901ed82b___RS_Erly.B 7394_final_masked.jpg,Tomato___Early_blight
dataset\Tomato___healthy\54a6ab64-9e7f-4126-8497-857c7c339a80___RS_HL 0461_final_masked.jpg,Tomato___healthy
dataset\Tomato___Late_blight\8c13a3dc-b380-4a2f-b468-660212d8dbf0___RS_Late.B 5405_final_masked.jpg,Tomato___Late_blight
dataset\Tomato___healthy\7c879fc2-09b8-47ab-af57-2508cc854861___GH_HL Leaf 380_final_masked.jpg,Tomato___healthy
dataset\Tomato___healthy\ae17a302-03cb-48c7-aee2-6d9a859ce5dc___RS_HL 9811_final_masked.jpg,Tomato___healthy
dataset\Tomato___healthy\3be50742-0fe9-404a-809e-9597793748a8___GH_HL Leaf 191_final_masked.jpg,Tomato___healthy
dataset\Tomato___Late_blight\03f008be-5b97-4827-a2e2-88136b3c8714___RS_Late.B 6290_final_masked.jpg,Tomato___Late_blight
dataset\Tomato___healthy\a3e61ed6-3c67-48d7-af39-9a69b2c5c7bc___GH_HL Leaf 250.1_final_masked.jpg,Tomato___healthy
dataset\Tomato___Late_blight\f348eaf2-65ef-47b1-af84-ffdedc4599e9___RS_Late.B 4895_final_masked.jpg,Tomato___Late_blight
dataset\Tomato___Late_blight\5614e19d-53b7-4509-98e3-478712039c80___GHLB2 Leaf 8997_final_masked.jpg,Tomato___Late_blight
dataset\Tomato___Bacterial_spot\2b77473d-c669-4e5e-bf26-c1d32c800001___GCREC_Bact.Sp 3005_final_masked.jpg,Tomato___Bacterial_spot
dataset\Tomato___Bacterial_spot\4482d275-c563-4abc-9198-d24cd8d2b628___UF.GRC_BS_Lab Leaf 0390_final_masked.jpg,Tomato___Bacterial_spot
dataset\Tomato___Bacterial_spot\0542f446-f9d7-4173-ab07-f41125b21dc7___GCREC_Bact.Sp 3074_final_masked.jpg,Tomato___Bacterial_spot
dataset\Tomato___Bacterial_spot\e873f5c0-d887-496d-b037-6549e4c52d3a___UF.GRC_BS_Lab Leaf 9271_final_masked.jpg,Tomato___Bacterial_spot
dataset\Tomato___healthy\f3bc0c64-2d60-4031-b696-66a313460663___GH_HL Leaf 517.4_final_masked.jpg,Tomato___healthy
dataset\Tomato___Early_blight\552787d3-3937-4ee5-9824-6b78e90e5cbb___RS_Erly.B 7510_final_masked.jpg,Tomato___Early_blight
dataset\Tomato___Early_blight\42d072db-d17e-4050-882a-6a8d1c1ede05___RS_Erly.B 8430_final_masked.jpg,Tomato___Early_blight
dataset\Tomato___Bacterial_spot\c068927f-d34d-4fcf-b356-0d60f0a5e77c___GCREC_Bact.Sp 3031_final_masked.jpg,Tomato___Bacterial_spot
dataset\Tomato___Early_blight\65bcbda1-eee5-4bab-ab07-128c2a2f8ed4___RS_Erly.B 7461_final_masked.jpg,Tomato___Early_blight
dataset\Tomato___healthy\b92d2f0f-ba99-44bd-be14-a5ad7763543f___RS_HL 9953_final_masked.jpg,Tomato___healthy
dataset\Tomato___Bacterial_spot\cf08a18e-375d-4f92-ac86-bd0e2f8f8dd2___GCREC_Bact.Sp 5808_final_masked.jpg,Tomato___Bacterial_spot
dataset\Tomato___Late_blight\e5b50c59-e517-4dcc-8887-8bd2ca748329___GHLB2ES Leaf 142_final_masked.jpg,Tomato___Late_blight
dataset\Tomato___Bacterial_spot\17ee90d7-f733-4026-a83e-c5c87ad88e67___GCREC_Bact.Sp 5623_final_masked.jpg,Tomato___Bacterial_spot
dataset\Tomato___Bacterial_spot\46199349-fe4c-4bbd-a9c7-2318ae5cc8f2___GCREC_Bact.Sp 6109_final_masked.jpg,Tomato___Bacterial_spot
dataset\Tomato___Late_blight\d41d839a-339e-4d0f-985b-04ddd8a5b556___GHLB2 Leaf 8823_final_masked.jpg,Tomato___Late_blight
dataset\Tomato___Bacterial_spot\35c80526-d4ca-4742-9903-6a9463c532e4___GCREC_Bact.Sp 2965_final_masked.jpg,Tomato___Bacterial_spot
dataset\Tomato___Bacterial_spot\aaa27c3b-ff24-4d91-9c0c-fe68862ab77e___GCREC_Bact.Sp 3616_final_masked.jpg,Tomato___Bacterial_spot
dataset\Tomato___Late_blight\c179ebbe-601b-474c-b9be-8704c6677f4d___RS_Late.B 6957_final_masked.jpg,Tomato___Late_blight
dataset\Tomato___healthy\24b7c39d-53c6-4a71-8dc0-83dff1a877d0___RS_HL 0465_final_masked.jpg,Tomato___healthy
dataset\Tomato___Late_blight\3de17184-cbec-4397-813e-1bbc3bc5cb6a___RS_Late.B 7050_final_masked.jpg,Tomato___Late_blight
dataset\Tomato___Bacterial_spot\cdd9e76e-72f7-4fa7-93ed-d727691f7c80___UF.GRC_BS_Lab Leaf 1072_final_masked.jpg,Tomato___Bacterial_spot
dataset\Tomato___Early_blight\fb3352cc-9189-4214-8b94-a60c6a392c96___RS_Erly.B 9600_final_masked.jpg,Tomato___Early_blight
dataset\Tomato___healthy\271be296-4c0b-4817-a44b-cc9611d3f519___GH_HL Leaf 182.1_final_masked.jpg,Tomato___healthy
dataset\Tomato___Early_blight\605ce000-1122-45ae-8742-93a7de8c712c___RS_Erly.B 7627_final_masked.jpg,Tomato___Early_blight
dataset\Tomato___healthy\c1471859-34d7-495c-b280-82ea8346e99b___RS_HL 0285_final_masked.jpg,Tomato___healthy
dataset\Tomato___healthy\6120d8df-66a3-45c1-ae2f-bb8065928df4___RS_HL 0420_final_masked.jpg,Tomato___healthy
dataset\Tomato___Late_blight\116c7fc2-8443-40b7-a8c0-9619e3e46f08___GHLB2 Leaf 8797_final_masked.jpg,Tomato___Late_blight
dataset\Tomato___healthy\c458d9e4-15b1-41f4-a93b-020d915afd0c___RS_HL 9884_final_masked.jpg,Tomato___healthy
dataset\Tomato___Early_blight\42ef04d9-9bea-4bd2-9ea4-54cb16c9be24___RS_Erly.B 9616_final_masked.jpg,Tomato___Early_blight
dataset\Tomato___Late_blight\e6703c22-86f7-4bdf-9733-072180761976___RS_Late.B 5522_final_masked.jpg,Tomato___Late_blight
dataset\Tomato___healthy\3ea001ac-b49b-4382-a95d-a602fba00a5a___GH_HL Leaf 445_final_masked.jpg,Tomato___healthy
dataset\Tomato___Early_blight\6043e8e3-0ab2-4b30-b125-e2a26123b487___RS_Erly.B 8307_final_masked.jpg,Tomato___Early_blight
dataset\Tomato___Bacterial_spot\8ff89c36-cac0-4ed5-ac93-206411247229___GCREC_Bact.Sp 6377_final_masked.jpg,Tomato___Bacterial_spot
dataset\Tomato___Late_blight\7f8eaaf9-901f-4628-b706-7257b3e67303___RS_Late.B 6025_final_masked.jpg,Tomato___Late_blight
dataset\Tomato___Late_blight\319d4c9a-92d4-41ff-b351-f3d439233c9e___RS_Late.B 6357_final_masked.jpg,Tomato___Late_blight
dataset\Tomato___healthy\6323ad6c-28ea-4050-bc40-310d58715755___RS_HL 0294_final_masked.jpg,Tomato___healthy
dataset\Tomato___healthy\17b48132-9a1d-45e5-9000-30ebd7248273___RS_HL 0385_final_masked.jpg,Tomato___healthy
dataset\Tomato___Bacterial_spot\c515ab18-07a3-4bdd-a5b6-140d65a185c4___GCREC_Bact.Sp 5674_final_masked.jpg,Tomato___Bacterial_spot
dataset\Tomato___Late_blight\f80ccc0b-c422-485a-a2be-332769eb5ef4___GHLB2 Leaf 8704_final_masked.jpg,Tomato___Late_blight
dataset\Tomato___Late_blight\d87455f4-a924-426a-8c62-b9870b8a6d34___RS_Late.B 6024_final_masked.jpg,Tomato___Late_blight
dataset\Tomato___Late_blight\4eca7d70-60ff-41cc-8884-e4844f23abeb___GHLB2 Leaf 8641_final_masked.jpg,Tomato___Late_blight
dataset\Tomato___Early_blight\3ecc0dc0-87b2-4f7f-894a-8b9d17d7f25d___RS_Erly.B 7413_final_masked.jpg,Tomato___Early_blight
dataset\Tomato___Late_blight\61afbf50-6b68-4c7f-a068-d55f899e7775___RS_Late.B 7162_final_masked.jpg,Tomato___Late_blight
dataset\Tomato___Late_blight\a93e7941-b915-4e05-a3b8-7dd4176e6eaa___GHLB2 Leaf 85_final_masked.jpg,Tomato___Late_blight
dataset\Tomato___Late_blight\ab4a4903-8395-481b-8f97-ee6837f5c094___GHLB_PS Leaf 30 Day 12_final_masked.jpg,Tomato___Late_blight
dataset\Tomato___Early_blight\eabc47ee-5023-476b-9992-53baa566d270___RS_Erly.B 7757_final_masked.jpg,Tomato___Early_blight
dataset\Tomato___Bacterial_spot\4611cf04-efee-4c3b-83e7-e1d8325663ae___GCREC_Bact.Sp 5845_final_masked.jpg,Tomato___Bacterial_spot
dataset\Tomato___Bacterial_spot\b72055e8-e855-4c88-a6b1-88955a1b8be3___GCREC_Bact.Sp 5992_final_masked.jpg,Tomato___Bacterial_spot
dataset\Tomato___Bacterial_spot\a7af4903-9aae-45be-990d-adfca4510cfa___GCREC_Bact.Sp 5872_final_masked.jpg,Tomato___Bacterial_spot
dataset\Tomato___healthy\34a5aaa7-f50f-4b19-8a92-78ad697f6865___GH_HL Leaf 407.1_final_masked.jpg,Tomato___healthy
dataset\Tomato___Early_blight\1f4c9f8a-5672-4e47-84dd-55f85f953174___RS_Erly.B 7582_final_masked.jpg,Tomato___Early_blight
dataset\Tomato___healthy\f3231f5f-c6cf-4a37-a3da-5d6e7a8afb0e___RS_HL 0450_final_masked.jpg,Tomato___healthy
dataset\Tomato___Early_blight\d44e75f7-59ac-4296-ac62-893125ddf04e___RS_Erly.B 7856_final_masked.jpg,Tomato___Early_blight
dataset\Tomato___Bacterial_spot\a7869065-f57e-42ba-aa3e-133fa45a7479___UF.GRC_BS_Lab Leaf 0827_final_masked.jpg,Tomato___Bacterial_spot
dataset\Tomato___healthy\264a08a7-74a4-4492-aff1-8a3ab8b35c46___GH_HL Leaf 314.1_final_masked.jpg,Tomato___healthy
dataset\Tomato___Late_blight\c0cd110f-ee8a-428e-aa00-d51f89b5a843___GHLB2 Leaf 8639_final_masked.jpg,Tomato___Late_blight
dataset\Tomato___Late_blight\0c192fbe-38eb-4abb-a858-8bc39942a3ef___RS_Late.B 6076_final_masked.jpg,Tomato___Late_blight
dataset\Tomato___Early_blight\2e7b090e-4fc6-42f2-8bf6-3f84b32712e5___RS_Erly.B 7470_final_masked.jpg,Tomato___Early_blight
dataset\Tomato___Late_blight\d5f68aaa-5700-4957-b08c-dcab8be0d49e___GHLB_PS Leaf 1 Day 9_final_masked.jpg,Tomato___Late_blight
dataset\Tomato___healthy\89aa561a-1ea7-4e24-a92b-47f3dedcecdb___RS_HL 0107_final_masked.jpg,Tomato___healthy
dataset\Tomato___Early_blight\e6645f63-afc8-416a-a4cb-0f5c719476ae___RS_Erly.B 6419_final_masked.jpg,Tomato___Early_blight
dataset\Tomato___healthy\c900278c-3216-4142-8a6c-797143fc9c95___RS_HL 0299_final_masked.jpg,Tomato___healthy
dataset\Tomato___Bacterial_spot\a54fa73d-5d09-4cfd-a796-75112b088611___GCREC_Bact.Sp 3581_final_masked.jpg,Tomato___Bacterial_spot
dataset\Tomato___healthy\a0285527-98c1-40b7-992b-404644387ad8___GH_HL Leaf 509.4_final_masked.jpg,Tomato___healthy
dataset\Tomato___healthy\2ea87b73-a52b-4a4c-938f-4ce06335d171___GH_HL Leaf 177.1_final_masked.jpg,Tomato___healthy
dataset\Tomato___Bacterial_spot\a4208fb2-ff57-41f1-bc52-30d69736076c___GCREC_Bact.Sp 3441_final_masked.jpg,Tomato___Bacterial_spot
dataset\Tomato___Bacterial_spot\ed94e669-2770-4452-9698-cfaea67e92d4___GCREC_Bact.Sp 6222_final_masked.jpg,Tomato___Bacterial_spot
dataset\Tomato___Early_blight\d7e11d88-60e8-41d3-a840-2ad9bab04fe2___RS_Erly.B 6355_final_masked.jpg,Tomato___Early_blight
dataset\Tomato___Bacterial_spot\ad2c35c8-fa0b-472b-94da-74699da0dede___GCREC_Bact.Sp 6046_final_masked.jpg,Tomato___Bacterial_spot
dataset\Tomato___Bacterial_spot\b71909d5-1354-4730-abdd-504679c558be___GCREC_Bact.Sp 5944_final_masked.jpg,Tomato___Bacterial_spot
dataset\Tomato___healthy\13a4fd9b-13eb-4fcd-af7d-b6c76fbbf456___GH_HL Leaf 272_final_masked.jpg,Tomato___healthy
dataset\Tomato___Bacterial_spot\dc865b07-0701-4ddd-be52-cc75f80d0ada___UF.GRC_BS_Lab Leaf 0683_final_masked.jpg,Tomato___Bacterial_spot
dataset\Tomato___Early_blight\c73fd35a-bc55-46c3-baf3-a943a6e396c5___RS_Erly.B 9563_final_masked.jpg,Tomato___Early_blight
dataset\Tomato___Bacterial_spot\0f57cc30-af42-4543-9a67-b27eda784325___UF.GRC_BS_Lab Leaf 9260_final_masked.jpg,Tomato___Bacterial_spot
dataset\Tomato___Bacterial_spot\b8682577-be6c-42a9-9d02-48300363e796___GCREC_Bact.Sp 3498_final_masked.jpg,Tomato___Bacterial_spot
dataset\Tomato___healthy\0b330273-890c-4995-af72-cba070fc0061___GH_HL Leaf 312_final_masked.jpg,Tomato___healthy
dataset\Tomato___Late_blight\1350ac99-ea6a-43a2-8ab5-178219b286ba___GHLB2 Leaf 8673_final_masked.jpg,Tomato___Late_blight
dataset\Tomato___Late_blight\a67ce05c-3102-4dd9-ac63-872a526f5ae8___RS_Late.B 6124_final_masked.jpg,Tomato___Late_blight
dataset\Tomato___healthy\62d158a5-fda4-4bbd-af4e-9ef71858fc5f___RS_HL 9834_final_masked.jpg,Tomato___healthy
dataset\Tomato___healthy\436f658c-5e47-4d2b-9a8e-2509c6d88ad1___GH_HL Leaf 376_final_masked.jpg,Tomato___healthy
dataset\Tomato___Bacterial_spot\4436edf6-8c6d-4cc5-b973-1f0afd218e86___GCREC_Bact.Sp 6271_final_masked.jpg,Tomato___Bacterial_spot
dataset\Tomato___Bacterial_spot\c5dfdd89-196c-464d-9ccb-33e1d500ce11___GCREC_Bact.Sp 5773_final_masked.jpg,Tomato___Bacterial_spot
dataset\Tomato___healthy\9656bc21-12c3-420c-a316-d2bf46b5fd0a___RS_HL 0316_final_masked.jpg,Tomato___healthy
dataset\Tomato___healthy\2a99d5af-218f-4332-a8ce-505301abdbfe___RS_HL 9693_final_masked.jpg,Tomato___healthy
dataset\Tomato___Bacterial_spot\e813e60a-25a6-4444-8fb6-eeab328d9ccc___GCREC_Bact.Sp 3573_final_masked.jpg,Tomato___Bacterial_spot
dataset\Tomato___healthy\bcf2a4c7-5e73-4443-b39c-74fd6895afb5___GH_HL Leaf 248.1_final_masked.jpg,Tomato___healthy
dataset\Tomato___Late_blight\4cffeba2-15a0-4d56-9429-8dbb0f69c00e___GHLB2 Leaf 158.1_final_masked.jpg,Tomato___Late_blight
dataset\Tomato___Early_blight\e701c578-1fa3-4ed3-9874-5f90c6d2eb3c___RS_Erly.B 9583_final_masked.jpg,Tomato___Early_blight
dataset\Tomato___Late_blight\465d5d19-a90a-412b-b7cd-430a093b02ed___GHLB2 Leaf 8953_final_masked.jpg,Tomato___Late_blight
dataset\Tomato___Late_blight\c5749d4c-332c-4017-bcb8-c22d5dbcc91e___GHLB2 Leaf 8803_final_masked.jpg,Tomato___Late_blight
dataset\Tomato___Bacterial_spot\c0a49d4f-501c-4a5f-a7cd-6164d1bddb45___GCREC_Bact.Sp 6157_final_masked.jpg,Tomato___Bacterial_spot
dataset\Tomato___Bacterial_spot\754dfec2-60c1-4848-803c-21ab8471014e___GCREC_Bact.Sp 3212_final_masked.jpg,Tomato___Bacterial_spot
dataset\Tomato___Late_blight\73ef196e-eeb9-4fe6-93fe-d7c5d879c455___GHLB2 Leaf 9027_final_masked.jpg,Tomato___Late_blight
dataset\Tomato___Bacterial_spot\5923581b-ce89-4844-bd6a-8e4826b8b059___GCREC_Bact.Sp 3234_final_masked.jpg,Tomato___Bacterial_spot
dataset\Tomato___Bacterial_spot\1e982ff7-1d2f-43e9-9c10-8735b84de1aa___GCREC_Bact.Sp 3329_final_masked.jpg,Tomato___Bacterial_spot
dataset\Tomato___Late_blight\e4be24d1-b3c1-4d03-b35a-56dddf1902fe___RS_Late.B 4855_final_masked.jpg,Tomato___Late_blight
dataset\Tomato___Late_blight\8553094b-3e19-4e4c-8ba1-49e98ff135e9___RS_Late.B 4869_final_masked.jpg,Tomato___Late_blight
dataset\Tomato___Late_blight\6fc04152-9f3d-46c0-93b9-a0d23edcd1e2___GHLB2 Leaf 84.4_final_masked.jpg,Tomato___Late_blight
dataset\Tomato___Bacterial_spot\e75acbf3-725b-4433-bc3e-542e0b931cf6___UF.GRC_BS_Lab Leaf 0474_final_masked.jpg,Tomato___Bacterial_spot
dataset\Tomato___Early_blight\a2b13360-65ce-4302-8bec-50bdc1b9789d___RS_Erly.B 9446_final_masked.jpg,Tomato___Early_blight
dataset\Tomato___Early_blight\e3aef05b-9ed6-421c-a44d-82a996b3e3bb___RS_Erly.B 7803_final_masked.jpg,Tomato___Early_blight
dataset\Tomato___Bacterial_spot\beed8d22-757d-44fb-b53f-2aa274ef676b___GCREC_Bact.Sp 3749_final_masked.jpg,Tomato___Bacterial_spot
dataset\Tomato___Late_blight\e90482fd-1a84-462a-b28d-cb9b6aee18eb___RS_Late.B 6161_final_masked.jpg,Tomato___Late_blight
dataset\Tomato___healthy\109f3e0e-e7f4-41b9-b450-f68750e144ae___RS_HL 0014_final_masked.jpg,Tomato___healthy
dataset\Tomato___healthy\1f763a4e-3f17-44c1-be1b-a8752d2b93a1___RS_HL 9830_final_masked.jpg,Tomato___healthy
dataset\Tomato___healthy\51e66b4b-c192-432f-bc52-d1c86a8da427___GH_HL Leaf 397_final_masked.jpg,Tomato___healthy
dataset\Tomato___healthy\ec754608-21ce-40be-abd0-46a664257065___RS_HL 0376_final_masked.jpg,Tomato___healthy
dataset\Tomato___healthy\2763797b-4786-41ef-8ff1-73b088f9973c___GH_HL Leaf 231_final_masked.jpg,Tomato___healthy
dataset\Tomato___Bacterial_spot\4e491f68-728c-4c46-ba0d-df701d008e1d___GCREC_Bact.Sp 3200_final_masked.jpg,Tomato___Bacterial_spot
dataset\Tomato___Bacterial_spot\8a496fba-9b07-47a4-a9b0-8f14f6715cec___GCREC_Bact.Sp 5659_final_masked.jpg,Tomato___Bacterial_spot
dataset\Tomato___Late_blight\3a7b4305-431f-431b-809f-79ae28306b41___GHLB2 Leaf 8965_final_masked.jpg,Tomato___Late_blight
dataset\Tomato___Late_blight\149b8460-2bf2-409a-ad61-b8f34d33cd82___RS_Late.B 6826_final_masked.jpg,Tomato___Late_blight
dataset\Tomato___healthy\c4238856-a924-4621-a4eb-3f34668aa23c___RS_HL 0592_final_masked.jpg,Tomato___healthy
dataset\Tomato___healthy\9dc940f8-cd79-4341-95ef-f845583d9dff___RS_HL 9751_final_masked.jpg,Tomato___healthy
dataset\Tomato___Late_blight\d1c1488e-f121-4b32-a7f6-24c25ee6b766___RS_Late.B 7102_final_masked.jpg,Tomato___Late_blight
dataset\Tomato___Early_blight\f547a0f4-912a-45ec-81aa-371ad12ecacf___RS_Erly.B 7608_final_masked.jpg,Tomato___Early_blight
dataset\Tomato___healthy\b4c862d2-74e7-44c7-be0e-226be86da648___RS_HL 9725_final_masked.jpg,Tomato___healthy
dataset\Tomato___Late_blight\9191536b-0dd5-4c85-935a-37fdab6e4fab___RS_Late.B 6042_final_masked.jpg,Tomato___Late_blight
dataset\Tomato___healthy\af78f888-bd62-44bb-8223-6be0cf0950fc___GH_HL Leaf 491_final_masked.jpg,Tomato___healthy
dataset\Tomato___Bacterial_spot\a5546a72-78b9-4e79-8c7b-4b6c84de22aa___GCREC_Bact.Sp 3676_final_masked.jpg,Tomato___Bacterial_spot
dataset\Tomato___Early_blight\77b824b4-8d93-44cf-8e8d-b6433fea90b7___RS_Erly.B 6459_final_masked.jpg,Tomato___Early_blight
dataset\Tomato___Late_blight\766771e1-8e8e-4ce4-9af6-b4ed91c9e80a___RS_Late.B 6881_final_masked.jpg,Tomato___Late_blight
dataset\Tomato___Bacterial_spot\8571dec5-c1d3-4d91-8b7e-2d1c188bede6___GCREC_Bact.Sp 5683_final_masked.jpg,Tomato___Bacterial_spot
dataset\Tomato___Late_blight\8733e226-a046-4532-b2fd-e2774a319bde___RS_Late.B 5139_final_masked.jpg,Tomato___Late_blight
dataset\Tomato___Late_blight\5ad08690-9554-4978-a7b5-1a5cc0c1fb72___RS_Late.B 4988_final_masked.jpg,Tomato___Late_blight
dataset\Tomato___Late_blight\da45101e-9448-4e0c-a735-91c558e60c8f___RS_Late.B 5290_final_masked.jpg,Tomato___Late_blight
dataset\Tomato___healthy\148e32de-8876-45d9-92c5-43c17d7292fa___RS_HL 0189_final_masked.jpg,Tomato___healthy
dataset\Tomato___Bacterial_spot\d9461bb6-7502-4f29-80eb-e691b7f5619f___GCREC_Bact.Sp 6293_final_masked.jpg,Tomato___Bacterial_spot
dataset\Tomato___Early_blight\64e682a8-ff23-4b50-a656-72b090f5b43a___RS_Erly.B 9478_final_masked.jpg,Tomato___Early_blight
dataset\Tomato___Bacterial_spot\ae56e1f5-973e-4d9a-9d7e-25233f6d2c25___GCREC_Bact.Sp 3632_final_masked.jpg,Tomato___Bacterial_spot
dataset\Tomato___Late_blight\91f4f56a-b0c8-469f-88a7-47908efa5842___RS_Late.B 5437_final_masked.jpg,Tomato___Late_blight
dataset\Tomato___Bacterial_spot\9f2c6d36-700b-4eec-9478-31cfaaed166e___UF.GRC_BS_Lab Leaf 0723_final_masked.jpg,Tomato___Bacterial_spot
dataset\Tomato___Bacterial_spot\613d2aaf-3f77-498f-abf2-8519cc595bbe___GCREC_Bact.Sp 5925_final_masked.jpg,Tomato___Bacterial_spot
dataset\Tomato___healthy\c8ecc9a2-c12b-4350-8b3f-451c85d8e08b___RS_HL 0400_final_masked.jpg,Tomato___healthy
dataset\Tomato___Late_blight\c9e551e1-6732-49e5-898e-a8dfbcc7b0c3___RS_Late.B 4959_final_masked.jpg,Tomato___Late_blight
dataset\Tomato___Late_blight\37dacc71-848d-43bd-8bb3-85ceafb11f91___GHLB2 Leaf 8605_final_masked.jpg,Tomato___Late_blight
dataset\Tomato___Bacterial_spot\a6c99119-aca8-43e0-bb73-5616aa205bbc___GCREC_Bact.Sp 5577_final_masked.jpg,Tomato___Bacterial_spot
dataset\Tomato___Late_blight\08816f81-65f4-4372-84e8-d27b67a193d5___GHLB2 Leaf 152_final_masked.jpg,Tomato___Late_blight
dataset\Tomato___Late_blight\118be78d-e498-427f-8399-add5e8ab1b15___GHLB2 Leaf 149.3_final_masked.jpg,Tomato___Late_blight
dataset\Tomato___healthy\5df79085-2c00-41d6-ac0f-33a831a16d89___RS_HL 9634_final_masked.jpg,Tomato___healthy
dataset\Tomato___Late_blight\b6f177f7-4475-4ee6-98cd-4123d7d6ac33___GHLB2ES Leaf 138_final_masked.jpg,Tomato___Late_blight
dataset\Tomato___Early_blight\30e6be40-743f-49c1-a736-e279d53ffdd7___RS_Erly.B 7862_final_masked.jpg,Tomato___Early_blight
dataset\Tomato___Bacterial_spot\c5119850-2956-4fc2-a612-0ce626fe3f99___GCREC_Bact.Sp 3637_final_masked.jpg,Tomato___Bacterial_spot
dataset\Tomato___Late_blight\ad58f6d7-db62-4701-a734-85c0d0fd0007___GHLB2 Leaf 8548_final_masked.jpg,Tomato___Late_blight
dataset\Tomato___Late_blight\59c4daa6-f757-4c29-abcd-e1e30153c7e5___GHLB2 Leaf 9073_final_masked.jpg,Tomato___Late_blight
dataset\Tomato___Early_blight\12c1c25b-6809-45d8-9a20-969de7860b5d___RS_Erly.B 6372_final_masked.jpg,Tomato___Early_blight
dataset\Tomato___healthy\b89c8996-9a04-45fe-a517-97e23227881c___GH_HL Leaf 430_final_masked.jpg,Tomato___healthy
dataset\Tomato___healthy\2969446c-455d-4ad3-a0f4-25786dca0841___RS_HL 9793_final_masked.jpg,Tomato___healthy
dataset\Tomato___healthy\e435f5af-a994-46b5-a5c8-d721dd1788f8___RS_HL 0100_final_masked.jpg,Tomato___healthy
dataset\Tomato___Early_blight\03b7a13c-f5c0-44c4-beed-443841670e9a___RS_Erly.B 8225_final_masked.jpg,Tomato___Early_blight
dataset\Tomato___Late_blight\ca5daff3-da8c-404a-b51a-02612ca741e4___GHLB2 Leaf 8722_final_masked.jpg,Tomato___Late_blight
dataset\Tomato___Bacterial_spot\42e0e9cd-15aa-4709-b783-1b1a8b306608___GCREC_Bact.Sp 3755_final_masked.jpg,Tomato___Bacterial_spot
dataset\Tomato___healthy\2b37cb9f-75c0-4e26-b82a-053525aa3d2d___RS_HL 9989_final_masked.jpg,Tomato___healthy
dataset\Tomato___Late_blight\79bc9614-3dc9-49df-b4dd-8fc9a269a7c5___RS_Late.B 5314_final_masked.jpg,Tomato___Late_blight
dataset\Tomato___Early_blight\0114f7b3-7f56-4bef-aa47-7a82da142d4b___RS_Erly.B 7437_final_masked.jpg,Tomato___Early_blight
dataset\Tomato___Bacterial_spot\b7c4e0c0-a388-44e8-9c5c-d2db995557ab___GCREC_Bact.Sp 3667_final_masked.jpg,Tomato___Bacterial_spot
dataset\Tomato___Bacterial_spot\2c292d57-d2c0-4147-a551-618f1368f72e___GCREC_Bact.Sp 5903_final_masked.jpg,Tomato___Bacterial_spot
dataset\Tomato___Early_blight\849f111e-9886-436e-b2ce-060a011cab43___RS_Erly.B 7359_final_masked.jpg,Tomato___Early_blight
dataset\Tomato___healthy\96d85e53-b980-42f7-8e3d-cd6f7ec9c287___GH_HL Leaf 520.5_final_masked.jpg,Tomato___healthy
dataset\Tomato___healthy\4a0a9092-e70e-4a73-bb51-4d83b3c90a38___GH_HL Leaf 195_final_masked.jpg,Tomato___healthy
dataset\Tomato___Late_blight\a6876e29-dc0f-4716-bd3c-eedc9f45cf70___GHLB_PS Leaf 41 Day 18_final_masked.jpg,Tomato___Late_blight
dataset\Tomato___Late_blight\4e1d7a08-a036-474f-8b4c-eef9d7c093fa___RS_Late.B 5043_final_masked.jpg,Tomato___Late_blight
dataset\Tomato___Early_blight\68d40fcc-8554-4973-9abc-27fc1928cc9c___RS_Erly.B 7595_final_masked.jpg,Tomato___Early_blight
dataset\Tomato___Late_blight\08c1db4d-e947-4499-beff-ed2d8025d725___RS_Late.B 6113_final_masked.jpg,Tomato___Late_blight
dataset\Tomato___Bacterial_spot\916574f0-df2f-4d9e-8ba1-0dbd7b702229___UF.GRC_BS_Lab Leaf 0624_final_masked.jpg,Tomato___Bacterial_spot
dataset\Tomato___Late_blight\f1604e72-b6ee-4b8b-81fa-cf3acc501e17___GHLB2 Leaf 8752_final_masked.jpg,Tomato___Late_blight
dataset\Tomato___Early_blight\89e7a492-7347-4659-ac0b-2df664ed4c80___RS_Erly.B 8438_final_masked.jpg,Tomato___Early_blight
dataset\Tomato___Bacterial_spot\971d1645-3708-40ed-a3ed-25e5e3a9d393___UF.GRC_BS_Lab Leaf 9094_final_masked.jpg,Tomato___Bacterial_spot
dataset\Tomato___healthy\f7d044c0-6900-4624-9c20-fa27aa0911ff___GH_HL Leaf 275_final_masked.jpg,Tomato___healthy
dataset\Tomato___Bacterial_spot\861b4a16-2ed2-4a27-980a-196e8a26e58e___UF.GRC_BS_Lab Leaf 9305_final_masked.jpg,Tomato___Bacterial_spot
dataset\Tomato___Bacterial_spot\8aa16ab8-dd90-4293-a577-88006fd26365___GCREC_Bact.Sp 3712_final_masked.jpg,Tomato___Bacterial_spot
dataset\Tomato___Bacterial_spot\00a7c269-3476-4d25-b744-44d6353cd921___GCREC_Bact.Sp 5807_final_masked.jpg,Tomato___Bacterial_spot
dataset\Tomato___Bacterial_spot\d47b18fc-8e90-478a-ae2b-c9974b0edc80___GCREC_Bact.Sp 3222_final_masked.jpg,Tomato___Bacterial_spot
dataset\Tomato___Late_blight\b883a992-1177-473a-8c0e-c08ebf9ac743___RS_Late.B 5537_final_masked.jpg,Tomato___Late_blight
dataset\Tomato___healthy\eb2c25bd-b896-45f1-b3a2-7ca6b78c219d___GH_HL Leaf 351_final_masked.jpg,Tomato___healthy
dataset\Tomato___Early_blight\f5ec4428-6e58-4bc6-9ba2-3a6f5b4f374e___RS_Erly.B 6365_final_masked.jpg,Tomato___Early_blight
dataset\Tomato___healthy\e62a7ec8-3e5e-4a47-be14-a57db0322bb6___RS_HL 9627_final_masked.jpg,Tomato___healthy
dataset\Tomato___Late_blight\e7aaf85a-7392-43b1-9b10-6f1fb0045cba___GHLB2 Leaf 8961_final_masked.jpg,Tomato___Late_blight
dataset\Tomato___Late_blight\d886ffed-a35b-4954-9066-b708c34fc998___GHLB2 Leaf 82.1_final_masked.jpg,Tomato___Late_blight
dataset\Tomato___Late_blight\9d2ecf1a-640b-4427-9092-0ce7c08cb6d0___GHLB2 Leaf 8611_final_masked.jpg,Tomato___Late_blight
dataset\Tomato___Bacterial_spot\0f80595f-b712-4028-b7db-7627322ce019___GCREC_Bact.Sp 5712_final_masked.jpg,Tomato___Bacterial_spot
dataset\Tomato___Bacterial_spot\741e2f09-1b62-42c2-b218-6504d57c0f27___GCREC_Bact.Sp 3302_final_masked.jpg,Tomato___Bacterial_spot
dataset\Tomato___healthy\1352e7ea-9a81-44fb-98e9-25ee6c701753___RS_HL 0549_final_masked.jpg,Tomato___healthy
dataset\Tomato___Late_blight\c0767cc9-acc8-4f4b-b9b5-1958899633ef___GHLB2 Leaf 8807_final_masked.jpg,Tomato___Late_blight
dataset\Tomato___Late_blight\cb56bd8e-f217-4537-9d35-a62d6b82f48f___GHLB2 Leaf 8769_final_masked.jpg,Tomato___Late_blight
dataset\Tomato___Early_blight\fee744d4-d0e5-439d-8b7b-04f8394251e8___RS_Erly.B 7396_final_masked.jpg,Tomato___Early_blight
dataset\Tomato___Bacterial_spot\53cc4f3b-8abd-499a-ad1b-898beb5936a3___GCREC_Bact.Sp 5874_final_masked.jpg,Tomato___Bacterial_spot
dataset\Tomato___healthy\83a8e340-30f9-4e2f-b825-a1078d5c63cf___RS_HL 0033_final_masked.jpg,Tomato___healthy
dataset\Tomato___Early_blight\96f7a84a-cafa-487d-a032-548cfe965bdb___RS_Erly.B 9621_final_masked.jpg,Tomato___Early_blight
dataset\Tomato___Late_blight\3e1ddc38-64bb-4976-950d-7e228638d70e___GHLB2ES Leaf 65.1_final_masked.jpg,Tomato___Late_blight
dataset\Tomato___Bacterial_spot\37d9751a-27aa-4771-a131-5411a43028f5___GCREC_Bact.Sp 3470_final_masked.jpg,Tomato___Bacterial_spot
dataset\Tomato___Late_blight\354a2aba-3f4a-4fc4-9598-cdbe291ed167___RS_Late.B 7098_final_masked.jpg,Tomato___Late_blight
dataset\Tomato___Bacterial_spot\9f7e3b19-dd2c-4e1f-b339-d0c180d2c453___GCREC_Bact.Sp 5810_final_masked.jpg,Tomato___Bacterial_spot
dataset\Tomato___Bacterial_spot\29184f19-db21-475d-8032-a8b7c3a9c7f4___GCREC_Bact.Sp 5784_final_masked.jpg,Tomato___Bacterial_spot
dataset\Tomato___healthy\66778100-7006-4592-9704-90ea0d7131dd___RS_HL 9740_final_masked.jpg,Tomato___healthy
dataset\Tomato___Bacterial_spot\996c688b-9f51-4c81-8153-a13ae17f1ce8___UF.GRC_BS_Lab Leaf 0439_final_masked.jpg,Tomato___Bacterial_spot
dataset\Tomato___Bacterial_spot\ebe3ca2e-87b3-4760-a407-c890f977fec9___GCREC_Bact.Sp 6290_final_masked.jpg,Tomato___Bacterial_spot
dataset\Tomato___healthy\39b1d9c6-7a13-426f-9154-563e6a8d0438___RS_HL 0563_final_masked.jpg,Tomato___healthy
dataset\Tomato___Bacterial_spot\90242b8c-be8b-4d1e-b1f2-c593082f5286___GCREC_Bact.Sp 5804_final_masked.jpg,Tomato___Bacterial_spot
dataset\Tomato___Late_blight\0f8887d8-24b4-4f25-bc03-d47421ab47f7___RS_Late.B 4948_final_masked.jpg,Tomato___Late_blight
dataset\Tomato___Bacterial_spot\1664fff5-8d2e-4615-a448-2dd093c0df82___GCREC_Bact.Sp 3290_final_masked.jpg,Tomato___Bacterial_spot
dataset\Tomato___Bacterial_spot\c809df76-1ae4-4543-9a2e-ed079ae737df___UF.GRC_BS_Lab Leaf 9231_final_masked.jpg,Tomato___Bacterial_spot
dataset\Tomato___Bacterial_spot\4cc672a5-b8d1-4f05-b95f-333e72fa6205___GCREC_Bact.Sp 5997_final_masked.jpg,Tomato___Bacterial_spot
dataset\Tomato___Late_blight\8dbcc7c8-5845-43e4-867f-b9f7da8a53c3___GHLB2 Leaf 8786_final_masked.jpg,Tomato___Late_blight
dataset\Tomato___healthy\ab8170dd-6785-4298-a0a3-d2d40e9e6558___RS_HL 0192_final_masked.jpg,Tomato___healthy
dataset\Tomato___Late_blight\dd3bd618-677a-4661-81bd-8ac871ad8549___GHLB2 Leaf 8884_final_masked.jpg,Tomato___Late_blight
dataset\Tomato___healthy\591c89ff-a75f-4613-b06d-4f3fbf6c426c___GH_HL Leaf 435_final_masked.jpg,Tomato___healthy
dataset\Tomato___Late_blight\4eecda06-df95-4222-b91f-b92111dd0b38___RS_Late.B 6070_final_masked.jpg,Tomato___Late_blight
dataset\Tomato___healthy\beaa693e-fa0d-4bde-943a-0a834f251301___RS_HL 0290_final_masked.jpg,Tomato___healthy
dataset\Tomato___Early_blight\b3129245-a3b0-4451-a213-b15fe08734b7___RS_Erly.B 9423_final_masked.jpg,Tomato___Early_blight
dataset\Tomato___Bacterial_spot\a64426cf-07b4-492c-b1fa-e7368a8f0cb8___GCREC_Bact.Sp 5601_final_masked.jpg,Tomato___Bacterial_spot
dataset\Tomato___healthy\5546f7a3-67af-432a-9a09-35f02e6cc741___GH_HL Leaf 216_final_masked.jpg,Tomato___healthy
dataset\Tomato___healthy\170e86b9-f51d-49a6-a992-15e00c85ee5d___GH_HL Leaf 189_final_masked.jpg,Tomato___healthy
dataset\Tomato___healthy\68e18442-2f1d-458d-b1ef-865c7390622c___RS_HL 9919_final_masked.jpg,Tomato___healthy
dataset\Tomato___Bacterial_spot\56a71742-bb4c-4fde-8f21-5ebc5f37514d___GCREC_Bact.Sp 5738_final_masked.jpg,Tomato___Bacterial_spot
dataset\Tomato___healthy\2e485f1d-5aa5-4d56-8733-9625ed4d000c___GH_HL Leaf 344_final_masked.jpg,Tomato___healthy
dataset\Tomato___Late_blight\2cf091ac-156c-4e33-a66b-645439d084f3___GHLB2 Leaf 8896_final_masked.jpg,Tomato___Late_blight
dataset\Tomato___Late_blight\f59830b4-079b-4ca4-9c92-7416f0818a2b___RS_Late.B 5010_final_masked.jpg,Tomato___Late_blight
dataset\Tomato___Early_blight\0ba3d536-8732-4ea1-b3e1-a1be86e5dc6a___RS_Erly.B 9499_final_masked.jpg,Tomato___Early_blight
dataset\Tomato___Bacterial_spot\ec7eb8ff-d779-4fae-a230-aa65a93508a3___GCREC_Bact.Sp 5927_final_masked.jpg,Tomato___Bacterial_spot
dataset\Tomato___Bacterial_spot\841ea726-5c4a-4447-9f56-0eda38f002d2___GCREC_Bact.Sp 3388_final_masked.jpg,Tomato___Bacterial_spot
dataset\Tomato___Late_blight\9c27b4ce-ee62-4251-b5c8-93b499d73811___RS_Late.B 6723_final_masked.jpg,Tomato___Late_blight
dataset\Tomato___Late_blight\4ae26730-1f0b-4f49-aad5-774f0ed4df35___GHLB2 Leaf 8621_final_masked.jpg,Tomato___Late_blight
dataset\Tomato___Early_blight\5bcb328c-9fa4-4abf-a3b6-8a015ada7d94___RS_Erly.B 7476_final_masked.jpg,Tomato___Early_blight
dataset\Tomato___Early_blight\29f6e3c2-0bf9-42fe-9a39-aef42acd5191___RS_Erly.B 9480_final_masked.jpg,Tomato___Early_blight
dataset\Tomato___Late_blight\9aaf4a7d-12ac-457a-a18c-1f7ea13065de___RS_Late.B 5179_final_masked.jpg,Tomato___Late_blight
dataset\Tomato___Bacterial_spot\e1befb62-870e-400b-9ecb-167138652029___GCREC_Bact.Sp 5758_final_masked.jpg,Tomato___Bacterial_spot
dataset\Tomato___Bacterial_spot\c259d96b-d81c-4c2d-8885-8bef1e38dd24___GCREC_Bact.Sp 3283_final_masked.jpg,Tomato___Bacterial_spot
dataset\Tomato___healthy\c1c04a55-0dd5-48e2-9cc6-76bbcc1899fd___GH_HL Leaf 340.1_final_masked.jpg,Tomato___healthy
dataset\Tomato___Bacterial_spot\46c03e65-7398-4ecb-aca4-69c0edb3015b___GCREC_Bact.Sp 5724_final_masked.jpg,Tomato___Bacterial_spot
dataset\Tomato___Bacterial_spot\1169b92d-a606-4560-ae1a-ceee401fc959___GCREC_Bact.Sp 3447_final_masked.jpg,Tomato___Bacterial_spot
dataset\Tomato___Bacterial_spot\9414280e-9042-4dcc-88a5-1dabc5b4016d___GCREC_Bact.Sp 3206_final_masked.jpg,Tomato___Bacterial_spot
dataset\Tomato___healthy\bd7ec723-4020-4d73-96b4-8c57c94e93fe___GH_HL Leaf 382.2_final_masked.jpg,Tomato___healthy
dataset\Tomato___Early_blight\99ea67c9-4c24-40b3-8a62-88233a53dc4a___RS_Erly.B 7522_final_masked.jpg,Tomato___Early_blight
dataset\Tomato___Bacterial_spot\3a5a5fef-8a3a-4f70-ab85-eaf5e3ecf6f2___GCREC_Bact.Sp 3449_final_masked.jpg,Tomato___Bacterial_spot
dataset\Tomato___Late_blight\7c8a16a8-97a1-4461-9f72-b36e6676fd99___RS_Late.B 4863_final_masked.jpg,Tomato___Late_blight
dataset\Tomato___healthy\5733d6bf-494a-4da8-a15f-5903f4f05807___RS_HL 0259_final_masked.jpg,Tomato___healthy
dataset\Tomato___healthy\768d54a3-cb87-4633-9529-ad39b6f6078e___RS_HL 9864_final_masked.jpg,Tomato___healthy
dataset\Tomato___Late_blight\b0e6fd13-ea0c-4e04-bdd3-70878b71f353___GHLB2 Leaf 106.1_final_masked.jpg,Tomato___Late_blight
dataset\Tomato___Bacterial_spot\7007f29f-6c4d-4b83-9bec-6e711d6fa7e0___UF.GRC_BS_Lab Leaf 0722_final_masked.jpg,Tomato___Bacterial_spot
dataset\Tomato___healthy\0d91db63-181b-4c3a-939b-181cc812e466___RS_HL 0308_final_masked.jpg,Tomato___healthy
dataset\Tomato___healthy\3bbaca2e-d2fd-4fcb-bbd7-e1ad4f7a84ae___RS_HL 0630_final_masked.jpg,Tomato___healthy
dataset\Tomato___Early_blight\4aa63e45-c531-40e2-86ca-a788e74d4f18___RS_Erly.B 7549_final_masked.jpg,Tomato___Early_blight
dataset\Tomato___Late_blight\6b68a1c0-31aa-49f9-b69c-55e96bebcc8b___GHLB Leaf 8.2 Day 13_final_masked.jpg,Tomato___Late_blight
dataset\Tomato___Late_blight\17948fd9-d37a-4324-b0e1-0b03701682f0___GHLB2 Leaf 8746_final_masked.jpg,Tomato___Late_blight
dataset\Tomato___Bacterial_spot\256051f1-8e69-4f2b-b4d5-400fccb18623___GCREC_Bact.Sp 3313_final_masked.jpg,Tomato___Bacterial_spot
dataset\Tomato___Late_blight\e142d2de-6aeb-4d1c-9184-d6e46647ad6a___RS_Late.B 5203_final_masked.jpg,Tomato___Late_blight
dataset\Tomato___healthy\96a7aed7-5548-4977-92a9-10cc2282e84a___RS_HL 0204_final_masked.jpg,Tomato___healthy
dataset\Tomato___Early_blight\d344e6d5-259e-4f1c-a72e-919ae9e13005___RS_Erly.B 6482_final_masked.jpg,Tomato___Early_blight
dataset\Tomato___Late_blight\85d80245-6c80-4bb7-9497-c8612903b535___RS_Late.B 5576_final_masked.jpg,Tomato___Late_blight
dataset\Tomato___healthy\9b2a3f9a-f450-471d-928c-270126c8602a___RS_HL 9758_final_masked.jpg,Tomato___healthy
dataset\Tomato___healthy\5853fc45-5ce0-4b2c-a36e-18eda75a97c6___RS_HL 9632_final_masked.jpg,Tomato___healthy
dataset\Tomato___Late_blight\f66ada20-cd47-4393-b7c6-87f1f39fd741___GHLB_PS Leaf 41.1 Day 18_final_masked.jpg,Tomato___Late_blight
dataset\Tomato___Bacterial_spot\cd14eb9f-28be-44fb-8687-a7469f5a88b8___GCREC_Bact.Sp 5740_final_masked.jpg,Tomato___Bacterial_spot
dataset\Tomato___Late_blight\7609a2a4-654e-4dad-b3e6-1cb4aab89420___RS_Late.B 5633_final_masked.jpg,Tomato___Late_blight
dataset\Tomato___Late_blight\532b555e-ffd6-4864-abab-50cace76653d___GHLB2 Leaf 164.1_final_masked.jpg,Tomato___Late_blight
dataset\Tomato___Bacterial_spot\a5918d40-3a3e-4dd9-a087-c0737bbebdc3___GCREC_Bact.Sp 3024_final_masked.jpg,Tomato___Bacterial_spot
dataset\Tomato___Bacterial_spot\a601d086-0999-4318-ac04-a4bbc7b64e5e___GCREC_Bact.Sp 2975_final_masked.jpg,Tomato___Bacterial_spot
dataset\Tomato___healthy\b8af2ce5-8429-4842-8ebc-c9d1ac9ed96f___GH_HL Leaf 301_final_masked.jpg,Tomato___healthy
dataset\Tomato___Bacterial_spot\458fa745-af8d-48e2-aa5e-06b60f722f30___GCREC_Bact.Sp 6206_final_masked.jpg,Tomato___Bacterial_spot
dataset\Tomato___Late_blight\bcd17890-dd3b-41c2-ab28-39ff0bb60610___RS_Late.B 5115_final_masked.jpg,Tomato___Late_blight
dataset\Tomato___Late_blight\52c38d27-ff5d-4eb0-83a4-4dea0a7bc51b___GHLB2 Leaf 73_final_masked.jpg,Tomato___Late_blight
dataset\Tomato___Bacterial_spot\81f185f5-2b41-4942-9e84-68886b771aa4___GCREC_Bact.Sp 3535_final_masked.jpg,Tomato___Bacterial_spot
dataset\Tomato___healthy\27bda660-1691-4763-a125-824f521587d9___RS_HL 0305_final_masked.jpg,Tomato___healthy
dataset\Tomato___Early_blight\752de1b6-d4be-4741-9812-3681c6bd4b40___RS_Erly.B 8308_final_masked.jpg,Tomato___Early_blight
dataset\Tomato___healthy\5300bf32-485d-4978-9099-3175fb666da8___GH_HL Leaf 475_final_masked.jpg,Tomato___healthy
dataset\Tomato___healthy\1d31b822-7933-4801-a18c-657b8af377d6___RS_HL 0636_final_masked.jpg,Tomato___healthy
dataset\Tomato___Bacterial_spot\eb8f68ec-bc5c-4413-8b9d-096ddd2d2a3a___GCREC_Bact.Sp 6382_final_masked.jpg,Tomato___Bacterial_spot
dataset\Tomato___Late_blight\c2f279ce-0890-4bfc-81a9-b896fa940027___GHLB2 Leaf 8542_final_masked.jpg,Tomato___Late_blight
dataset\Tomato___Bacterial_spot\8dee1c17-ae17-4392-92c5-acee82c83c86___GCREC_Bact.Sp 3747_final_masked.jpg,Tomato___Bacterial_spot
dataset\Tomato___Bacterial_spot\88952ffa-2794-4088-8e71-ea69de1dc141___GCREC_Bact.Sp 3612_final_masked.jpg,Tomato___Bacterial_spot
dataset\Tomato___Bacterial_spot\23dc9572-9fab-4847-b1dd-9c63e9ee010b___GCREC_Bact.Sp 5811_final_masked.jpg,Tomato___Bacterial_spot
dataset\Tomato___healthy\9b0e031b-27c2-4c62-8923-ccc3ce5a4048___GH_HL Leaf 401.1_final_masked.jpg,Tomato___healthy
dataset\Tomato___healthy\bc36c64a-8e37-4275-80e9-81431c4ba98f___GH_HL Leaf 184.2_final_masked.jpg,Tomato___healthy
dataset\Tomato___Bacterial_spot\30dab838-d0e4-4028-9992-39a30009c167___GCREC_Bact.Sp 5829_final_masked.jpg,Tomato___Bacterial_spot
dataset\Tomato___Early_blight\3a54f866-42a6-4ad8-8752-97c62aa1bc18___RS_Erly.B 6485_final_masked.jpg,Tomato___Early_blight
dataset\Tomato___Bacterial_spot\88cb990c-385b-4d79-89f4-f1a8698a2845___GCREC_Bact.Sp 5576_final_masked.jpg,Tomato___Bacterial_spot
dataset\Tomato___Bacterial_spot\12e9560a-01a5-4d97-a911-409c11cd0301___GCREC_Bact.Sp 3117_final_masked.jpg,Tomato___Bacterial_spot
dataset\Tomato___healthy\56f87203-cfd4-4e2c-b2d7-df17983d8267___GH_HL Leaf 374_final_masked.jpg,Tomato___healthy
dataset\Tomato___Late_blight\54eb17df-c42a-472f-91ec-92784e034115___GHLB2 Leaf 8910_final_masked.jpg,Tomato___Late_blight
dataset\Tomato___healthy\062c4b5a-59d7-4bc8-a1d0-abdeb6fc9c0e___RS_HL 0295_final_masked.jpg,Tomato___healthy
dataset\Tomato___Late_blight\5688ea99-c949-41d0-bbab-9cbf0ffb8bcd___GHLB2 Leaf 8677_final_masked.jpg,Tomato___Late_blight
dataset\Tomato___Bacterial_spot\07246956-b38c-4d28-acec-85d032ba989e___UF.GRC_BS_Lab Leaf 0278_final_masked.jpg,Tomato___Bacterial_spot
dataset\Tomato___Late_blight\8243854c-24f1-49e5-b568-819ae3867a8c___RS_Late.B 7143_final_masked.jpg,Tomato___Late_blight
dataset\Tomato___healthy\37aad83b-7ff8-4b35-b3ed-fb8e0f54910b___GH_HL Leaf 342.1_final_masked.jpg,Tomato___healthy
dataset\Tomato___healthy\2503cc16-ff09-4437-9d4b-4316e2c32764___GH_HL Leaf 235_final_masked.jpg,Tomato___healthy
dataset\Tomato___Early_blight\ab26012b-d88e-4b69-b985-1cba46315762___RS_Erly.B 9468_final_masked.jpg,Tomato___Early_blight
dataset\Tomato___healthy\16fd1407-644b-42f1-a40a-6cacd9bc0258___RS_HL 9705_final_masked.jpg,Tomato___healthy
dataset\Tomato___Late_blight\50ee2f48-e5f7-4eda-8bc9-9d501fedbe8f___RS_Late.B 4933_final_masked.jpg,Tomato___Late_blight
dataset\Tomato___healthy\4c0fe9e1-bbe4-40dc-8a83-97a437693a23___RS_HL 0228_final_masked.jpg,Tomato___healthy
dataset\Tomato___healthy\635f7ae3-1561-4006-9c23-f9150ca50b78___RS_HL 9967_final_masked.jpg,Tomato___healthy
dataset\Tomato___healthy\3ad1409d-5f43-469d-ab2a-fdffbd064f69___RS_HL 9931_final_masked.jpg,Tomato___healthy
dataset\Tomato___Bacterial_spot\dddde2e7-7228-47c6-a263-e1c5003471c0___GCREC_Bact.Sp 3512_final_masked.jpg,Tomato___Bacterial_spot
dataset\Tomato___Bacterial_spot\40a87e9b-876d-4838-9cf4-1b1256080fad___GCREC_Bact.Sp 5932_final_masked.jpg,Tomato___Bacterial_spot
dataset\Tomato___healthy\0988fc05-ee41-4e17-9f28-fbdd03266ae6___RS_HL 9928_final_masked.jpg,Tomato___healthy
dataset\Tomato___Bacterial_spot\03af6874-872f-41e1-bce4-b3022bd7a9e6___GCREC_Bact.Sp 2995_final_masked.jpg,Tomato___Bacterial_spot
dataset\Tomato___healthy\3483a0b2-f04c-429f-a10e-f7f33ba5be6e___RS_HL 0439_final_masked.jpg,Tomato___healthy
dataset\Tomato___healthy\73cc02ea-96ad-4e02-8240-b599cf1e0384___RS_HL 9839_final_masked.jpg,Tomato___healthy
dataset\Tomato___Bacterial_spot\75139eaa-5078-4bee-9020-b507b1d23ef1___GCREC_Bact.Sp 3831_final_masked.jpg,Tomato___Bacterial_spot
dataset\Tomato___healthy\3f5047d4-f421-4313-9281-f333f60caadd___RS_HL 9659_final_masked.jpg,Tomato___healthy
dataset\Tomato___Early_blight\7cd27862-7a89-4ffc-bc08-7dfbb24f76d9___RS_Erly.B 7560_final_masked.jpg,Tomato___Early_blight
dataset\Tomato___Late_blight\07b42bb5-9f6c-43bc-9bbe-e4b127d84cb6___GHLB Leaf 18.1 Day 8_final_masked.jpg,Tomato___Late_blight
dataset\Tomato___Late_blight\39535fa7-1b38-4828-9294-da1c24aa33ef___RS_Late.B 6901_final_masked.jpg,Tomato___Late_blight
dataset\Tomato___healthy\54bb7e75-5b69-4777-ad28-6a676e5fd46d___RS_HL 9631_final_masked.jpg,Tomato___healthy
dataset\Tomato___Late_blight\c1f3a153-7738-4cdc-a8a2-003e7221001a___GHLB2 Leaf 9013_final_masked.jpg,Tomato___Late_blight
dataset\Tomato___Bacterial_spot\f1cc12b3-3116-4b31-81fc-6383303f84ae___UF.GRC_BS_Lab Leaf 0352_final_masked.jpg,Tomato___Bacterial_spot
dataset\Tomato___Bacterial_spot\456afc9b-bdae-4506-a04f-aa228de3dd2b___GCREC_Bact.Sp 3548_final_masked.jpg,Tomato___Bacterial_spot
dataset\Tomato___Bacterial_spot\336d5c1b-ed6b-4e9a-b40b-4e2e53aa77b5___GCREC_Bact.Sp 5857_final_masked.jpg,Tomato___Bacterial_spot
dataset\Tomato___Bacterial_spot\486af1e3-91b4-4d0c-ba01-4992f9ddddce___GCREC_Bact.Sp 5745_final_masked.jpg,Tomato___Bacterial_spot
dataset\Tomato___Bacterial_spot\650a2408-9d62-4ebc-92ca-689e2612e248___GCREC_Bact.Sp 3325_final_masked.jpg,Tomato___Bacterial_spot
dataset\Tomato___Bacterial_spot\acbc36cd-9c39-419b-95da-7858806a063a___GCREC_Bact.Sp 3811_final_masked.jpg,Tomato___Bacterial_spot
dataset\Tomato___Bacterial_spot\55cf65bc-61b4-4b40-b2d6-3b9bf57a3009___GCREC_Bact.Sp 3586_final_masked.jpg,Tomato___Bacterial_spot
dataset\Tomato___Early_blight\87725f1b-be8c-42b8-8eed-671b0c52276d___RS_Erly.B 7431_final_masked.jpg,Tomato___Early_blight
dataset\Tomato___healthy\eb4c170f-af95-48f6-a5da-7e23da76a8e7___GH_HL Leaf 247.1_final_masked.jpg,Tomato___healthy
dataset\Tomato___Bacterial_spot\41c22793-8ecf-4092-bd42-894271441cd0___UF.GRC_BS_Lab Leaf 0665_final_masked.jpg,Tomato___Bacterial_spot
dataset\Tomato___healthy\85487c92-0a3d-4dd9-a8f9-6d7b7e1887e6___RS_HL 9789_final_masked.jpg,Tomato___healthy
dataset\Tomato___Late_blight\a7f4ecd0-7040-4a9f-830e-7b4572277d2d___GHLB2 Leaf 8937_final_masked.jpg,Tomato___Late_blight
dataset\Tomato___Late_blight\c92709f9-fb16-4c49-8651-8081edbc502d___GHLB2 Leaf 131.1_final_masked.jpg,Tomato___Late_blight
dataset\Tomato___Bacterial_spot\8dbdb623-628f-465b-934c-1cf987fb6ab8___GCREC_Bact.Sp 6134_final_masked.jpg,Tomato___Bacterial_spot
dataset\Tomato___healthy\d1750517-689b-4372-a717-6b81c0dd64b0___GH_HL Leaf 262_final_masked.jpg,Tomato___healthy
dataset\Tomato___healthy\5b28f6a8-cf40-4f35-82ad-16470dd69bd5___RS_HL 9658_final_masked.jpg,Tomato___healthy
dataset\Tomato___Early_blight\2606a4ae-7b2f-4fd6-a561-fc9dce2ffc02___RS_Erly.B 9570_final_masked.jpg,Tomato___Early_blight
dataset\Tomato___Bacterial_spot\349f68f1-a57d-43bf-9422-3f6e905a9539___UF.GRC_BS_Lab Leaf 8692_final_masked.jpg,Tomato___Bacterial_spot
dataset\Tomato___Bacterial_spot\41128d1d-2a43-4c08-a100-c92c2fc8b9b0___GCREC_Bact.Sp 3413_final_masked.jpg,Tomato___Bacterial_spot
dataset\Tomato___healthy\1457ca6a-4907-4c97-83f8-a0fa22135a27___RS_HL 0441_final_masked.jpg,Tomato___healthy
dataset\Tomato___Late_blight\b2f89c9a-820c-4a8b-a6dd-bb0adab42757___GHLB_PS Leaf 44.1 Day 18_final_masked.jpg,Tomato___Late_blight
dataset\Tomato___Late_blight\7e5386fc-de1d-4507-acb6-e0d0da3a35da___RS_Late.B 4900_final_masked.jpg,Tomato___Late_blight
dataset\Tomato___Bacterial_spot\305e943b-26f0-470a-83e1-3c2c05bac687___GCREC_Bact.Sp 5887_final_masked.jpg,Tomato___Bacterial_spot
dataset\Tomato___Late_blight\0ccaeb36-37ff-4328-91c8-99aabd68f442___RS_Late.B 6596_final_masked.jpg,Tomato___Late_blight
dataset\Tomato___healthy\6270efe7-db0f-4953-a7c7-eb86bb8967dd___RS_HL 9761_final_masked.jpg,Tomato___healthy
dataset\Tomato___Bacterial_spot\31da1b43-834a-4fb0-8347-e9f27f65fa1f___UF.GRC_BS_Lab Leaf 0836_final_masked.jpg,Tomato___Bacterial_spot
dataset\Tomato___healthy\41c4774e-5193-47db-947c-27a724d0d993___RS_HL 0234_final_masked.jpg,Tomato___healthy
dataset\Tomato___healthy\e2bd556e-fe0f-4a97-819c-83dbc4a61ac5___GH_HL Leaf 429_final_masked.jpg,Tomato___healthy
dataset\Tomato___Late_blight\4fd803b3-c615-4d9e-9bee-54766b05672e___RS_Late.B 5002_final_masked.jpg,Tomato___Late_blight
dataset\Tomato___Late_blight\435f78a8-70a8-4df9-b227-c6230301a17e___RS_Late.B 6672_final_masked.jpg,Tomato___Late_blight
dataset\Tomato___healthy\691682b4-7c83-4cb9-a0d6-e1fbdcc4fea3___RS_HL 0232_final_masked.jpg,Tomato___healthy
dataset\Tomato___healthy\2d9352d7-2509-40a1-be35-01404448266c___RS_HL 9805_final_masked.jpg,Tomato___healthy
dataset\Tomato___Late_blight\caf4164d-4f6f-4a75-b394-924f89e0d040___GHLB2 Leaf 8759_final_masked.jpg,Tomato___Late_blight
dataset\Tomato___healthy\87f08e15-5b2d-4d01-b83b-fd958eba02d4___GH_HL Leaf 434.2_final_masked.jpg,Tomato___healthy
dataset\Tomato___Bacterial_spot\c7b8365c-bb15-4afb-84e2-6b85f0f9cef5___GCREC_Bact.Sp 6245_final_masked.jpg,Tomato___Bacterial_spot
dataset\Tomato___Bacterial_spot\367ef1cf-9ddd-40ba-9809-4652b3c2acd2___GCREC_Bact.Sp 2953_final_masked.jpg,Tomato___Bacterial_spot
dataset\Tomato___healthy\f0a9bd86-99c9-45d9-afe1-ca6cf6bbcdd6___RS_HL 9722_final_masked.jpg,Tomato___healthy
dataset\Tomato___Bacterial_spot\59738947-4377-41ba-8a10-0335fdc27ab7___GCREC_Bact.Sp 3734_final_masked.jpg,Tomato___Bacterial_spot
dataset\Tomato___Late_blight\d0d54368-8903-496b-9b2c-705a3d4cf8d6___RS_Late.B 5377_final_masked.jpg,Tomato___Late_blight
dataset\Tomato___healthy\d15336df-9f16-4f8b-805f-d74f27af2735___RS_HL 9723_final_masked.jpg,Tomato___healthy
dataset\Tomato___Late_blight\c1a8547c-0345-490b-840b-124dbf54fbd4___GHLB2 Leaf 8541_final_masked.jpg,Tomato___Late_blight
dataset\Tomato___Bacterial_spot\81a7ec11-35b9-47cb-a831-d0eba07cf8ca___GCREC_Bact.Sp 6178_final_masked.jpg,Tomato___Bacterial_spot
dataset\Tomato___Late_blight\6cc5252d-0b5d-4f06-969d-8317150c355d___RS_Late.B 5012_final_masked.jpg,Tomato___Late_blight
dataset\Tomato___Late_blight\f385d5e4-5dff-4851-a806-95a608d04b17___GHLB2 Leaf 132.1_final_masked.jpg,Tomato___Late_blight
dataset\Tomato___Bacterial_spot\8731c86e-26c5-4c48-8b07-28abbda69a1b___GCREC_Bact.Sp 3183_final_masked.jpg,Tomato___Bacterial_spot
dataset\Tomato___healthy\eab401a8-c014-4a63-98d4-b6144cfc7bc9___GH_HL Leaf 289_final_masked.jpg,Tomato___healthy
dataset\Tomato___Late_blight\854f717b-5d27-4d21-be89-29bf935b069a___GHLB2 Leaf 8650_final_masked.jpg,Tomato___Late_blight
dataset\Tomato___Late_blight\40bca58c-a09e-429b-a0b3-03fce3ea88e5___GHLB2 Leaf 9113_final_masked.jpg,Tomato___Late_blight
dataset\Tomato___Late_blight\1aa4ebf9-7329-4108-94f6-8b6e9592d690___GHLB2 Leaf 98.1_final_masked.jpg,Tomato___Late_blight
dataset\Tomato___Bacterial_spot\7d7eab4f-21d6-4601-9c1e-1ff07404774e___UF.GRC_BS_Lab Leaf 0268_final_masked.jpg,Tomato___Bacterial_spot
dataset\Tomato___Bacterial_spot\d9a91bb5-35d8-459c-8c04-8a155bc6a158___GCREC_Bact.Sp 5592_final_masked.jpg,Tomato___Bacterial_spot
dataset\Tomato___Late_blight\9e5dd34f-124c-4a64-ba9f-77c8d05faa9c___GHLB2 Leaf 8749_final_masked.jpg,Tomato___Late_blight
dataset\Tomato___Bacterial_spot\d5bccd2c-7e11-4d61-98fb-581ca85e5f58___UF.GRC_BS_Lab Leaf 0391_final_masked.jpg,Tomato___Bacterial_spot
dataset\Tomato___Bacterial_spot\3dd61e20-fb5a-486e-b579-763312c9cf27___GCREC_Bact.Sp 3116_final_masked.jpg,Tomato___Bacterial_spot
dataset\Tomato___healthy\e357a876-daff-428c-828f-7f1b6e998175___RS_HL 0593_final_masked.jpg,Tomato___healthy
dataset\Tomato___Early_blight\860f1131-a11c-4e17-aaec-c7b96ba914f0___RS_Erly.B 6669_final_masked.jpg,Tomato___Early_blight
dataset\Tomato___healthy\1d8bb370-3c10-4806-b2ff-1621e21355ba___RS_HL 9882_final_masked.jpg,Tomato___healthy
dataset\Tomato___Late_blight\418ae1d4-d0b0-4bfa-9fa2-2fe0f6841487___RS_Late.B 7105_final_masked.jpg,Tomato___Late_blight
dataset\Tomato___healthy\5dbc2db5-5bb2-4a3c-9a90-d2228c1462f8___RS_HL 9770_final_masked.jpg,Tomato___healthy
dataset\Tomato___Early_blight\3592b22c-09cd-4005-97c4-cdd11318cce0___RS_Erly.B 9391_final_masked.jpg,Tomato___Early_blight
dataset\Tomato___Late_blight\16e4a1f9-21c2-4c1a-bdbc-1336da74ba2c___GHLB2 Leaf 145.3_final_masked.jpg,Tomato___Late_blight
dataset\Tomato___Bacterial_spot\64208676-e4c1-4f27-84ba-38c7e0790320___GCREC_Bact.Sp 3779_final_masked.jpg,Tomato___Bacterial_spot
dataset\Tomato___Early_blight\af454559-8f93-4b2d-b961-80bafe6bf43b___RS_Erly.B 8367_final_masked.jpg,Tomato___Early_blight
dataset\Tomato___Bacterial_spot\538b69f4-6f98-4bd6-8da7-8f8448c8731b___GCREC_Bact.Sp 5775_final_masked.jpg,Tomato___Bacterial_spot
dataset\Tomato___Bacterial_spot\955d6942-0e13-4221-b349-266e5ae9cc56___GCREC_Bact.Sp 5859_final_masked.jpg,Tomato___Bacterial_spot
dataset\Tomato___Late_blight\3b66a8ec-5828-4bd0-9893-9f00ee22d394___RS_Late.B 5535_final_masked.jpg,Tomato___Late_blight
dataset\Tomato___Bacterial_spot\a8a3dd0c-7729-46bb-87f9-23c2345e955a___GCREC_Bact.Sp 5703_final_masked.jpg,Tomato___Bacterial_spot
dataset\Tomato___Late_blight\df7775b2-73f3-4708-86d5-a56e2bbb3337___RS_Late.B 5378_final_masked.jpg,Tomato___Late_blight
dataset\Tomato___Late_blight\0dc24e61-c636-49e4-9a3d-3aa9a0efb429___GHLB2ES Leaf 69_final_masked.jpg,Tomato___Late_blight
dataset\Tomato___healthy\c57d8785-87fa-4ac4-af26-048936a5dbf0___RS_HL 0325_final_masked.jpg,Tomato___healthy
dataset\Tomato___Early_blight\4ec7e2e9-7fc3-46de-a42d-eec0cbcc990e___RS_Erly.B 7532_final_masked.jpg,Tomato___Early_blight
dataset\Tomato___Bacterial_spot\2b2d8d17-9ce4-467b-986d-adab29aab3e2___GCREC_Bact.Sp 5908_final_masked.jpg,Tomato___Bacterial_spot
dataset\Tomato___Bacterial_spot\01d9fc8d-5083-468d-a583-885f33517cdd___GCREC_Bact.Sp 3422_final_masked.jpg,Tomato___Bacterial_spot
dataset\Tomato___Late_blight\0b6caac4-cc62-4c46-9de4-1815a0aa6dbe___GHLB2 Leaf 8799_final_masked.jpg,Tomato___Late_blight
dataset\Tomato___healthy\f437a6f0-4c35-4d6b-8eaa-ca57f18fad53___GH_HL Leaf 229_final_masked.jpg,Tomato___healthy
dataset\Tomato___Early_blight\0f7a2408-9c26-4ff9-bee5-2bfcd91a11f7___RS_Erly.B 9440_final_masked.jpg,Tomato___Early_blight
dataset\Tomato___healthy\bca86bca-56dd-4336-afea-5e42b5deec35___RS_HL 0197_final_masked.jpg,Tomato___healthy
dataset\Tomato___Bacterial_spot\7bd0f0c4-082e-4da4-ade1-a1d79637949c___GCREC_Bact.Sp 3664_final_masked.jpg,Tomato___Bacterial_spot
dataset\Tomato___Early_blight\113562f3-fe24-4b28-9ec8-7ca432bded47___RS_Erly.B 9402_final_masked.jpg,Tomato___Early_blight
dataset\Tomato___Late_blight\e95ca31b-0e75-4ec5-986a-29ce5dce1a01___GHLB2 Leaf 8643_final_masked.jpg,Tomato___Late_blight
dataset\Tomato___Late_blight\601bb6d6-6959-40d1-b0f4-5f7030172995___GHLB2 Leaf 126_final_masked.jpg,Tomato___Late_blight
dataset\Tomato___healthy\2a089ff8-0fcf-4b18-b746-f997e3b18065___GH_HL Leaf 456.1_final_masked.jpg,Tomato___healthy
dataset\Tomato___healthy\42e607e9-916c-470c-a17d-ec5348a40ded___RS_HL 0373_final_masked.jpg,Tomato___healthy
dataset\Tomato___Early_blight\0bed4d68-b82c-4e96-bbfe-e0fc10df01aa___RS_Erly.B 8301_final_masked.jpg,Tomato___Early_blight
dataset\Tomato___Late_blight\e6644ce4-5856-4627-b08d-36ac786afaa5___RS_Late.B 6856_final_masked.jpg,Tomato___Late_blight
dataset\Tomato___Bacterial_spot\0bd31a6a-b084-48c0-b379-3062bde11162___GCREC_Bact.Sp 2974_final_masked.jpg,Tomato___Bacterial_spot
dataset\Tomato___Late_blight\c57464ef-c813-4ee5-90db-2b196b996d57___GHLB2 Leaf 154.3_final_masked.jpg,Tomato___Late_blight
dataset\Tomato___Late_blight\ad90bf43-648e-479e-8256-5e4d628cfa36___RS_Late.B 7134_final_masked.jpg,Tomato___Late_blight
dataset\Tomato___healthy\ec57d9f8-7dcc-49e6-9ce7-af7d01eda4d1___RS_HL 9718_final_masked.jpg,Tomato___healthy
dataset\Tomato___Bacterial_spot\4669d307-bfa9-42ce-9724-cbfd3b37eaa3___GCREC_Bact.Sp 3276_final_masked.jpg,Tomato___Bacterial_spot
dataset\Tomato___Bacterial_spot\d4f3d9f0-b02e-4632-bf9d-6aefdcd4bae3___GCREC_Bact.Sp 3843_final_masked.jpg,Tomato___Bacterial_spot
dataset\Tomato___Bacterial_spot\3aa68bda-a2db-4986-a260-3acde7bbceda___GCREC_Bact.Sp 5603_final_masked.jpg,Tomato___Bacterial_spot
dataset\Tomato___Bacterial_spot\221605c0-99da-46d8-a503-285d4c6d1e1a___GCREC_Bact.Sp 6366_final_masked.jpg,Tomato___Bacterial_spot
dataset\Tomato___Bacterial_spot\d437fbb3-cfb7-4a81-b6b7-36bca6748f02___GCREC_Bact.Sp 3454_final_masked.jpg,Tomato___Bacterial_spot
dataset\Tomato___Late_blight\2a7cceba-5a33-418a-9718-ccd99ba6c4d1___RS_Late.B 6868_final_masked.jpg,Tomato___Late_blight
dataset\Tomato___healthy\5c4d21aa-76f8-4ab7-8440-65fd3cac640b___GH_HL Leaf 263_final_masked.jpg,Tomato___healthy
dataset\Tomato___Late_blight\2dc5d67b-cfe6-4337-b966-4a499bfad825___GHLB2 Leaf 8761_final_masked.jpg,Tomato___Late_blight
dataset\Tomato___healthy\b3e24070-34b9-4dcb-8c84-026affadfb4b___GH_HL Leaf 360_final_masked.jpg,Tomato___healthy
dataset\Tomato___healthy\b95435ea-5649-465e-83cc-247d1ab11b54___GH_HL Leaf 203_final_masked.jpg,Tomato___healthy
dataset\Tomato___Early_blight\55761153-0f6a-4dad-981e-16fde2ac683f___RS_Erly.B 6387_final_masked.jpg,Tomato___Early_blight
dataset\Tomato___healthy\4946ed4e-9003-485c-830f-1ef42bf78185___RS_HL 0191_final_masked.jpg,Tomato___healthy
dataset\Tomato___Late_blight\57c53f65-3137-41d3-9bf7-7ac867f3efe8___RS_Late.B 6255_final_masked.jpg,Tomato___Late_blight
dataset\Tomato___healthy\7864a688-3ee0-4ddc-83e8-6edb177dd6bf___GH_HL Leaf 193.1_final_masked.jpg,Tomato___healthy
dataset\Tomato___Bacterial_spot\adcd966b-b53f-471e-8e67-156481c0f4ed___GCREC_Bact.Sp 3316_final_masked.jpg,Tomato___Bacterial_spot
dataset\Tomato___Late_blight\c1d826c3-84d2-4f96-9eb5-4eaf983c43be___GHLB2 Leaf 8766_final_masked.jpg,Tomato___Late_blight
dataset\Tomato___healthy\a9108826-cab0-429d-9a81-c42b21ee2682___RS_HL 9874_final_masked.jpg,Tomato___healthy
dataset\Tomato___healthy\45a1e50e-e504-40a6-8378-39c28914ca43___GH_HL Leaf 448.1_final_masked.jpg,Tomato___healthy
dataset\Tomato___Bacterial_spot\58674fc9-434d-4afc-879e-712a24831266___GCREC_Bact.Sp 2991_final_masked.jpg,Tomato___Bacterial_spot
dataset\Tomato___healthy\d76f5b4a-9205-4a14-9181-5d3add326231___GH_HL Leaf 447_final_masked.jpg,Tomato___healthy
dataset\Tomato___Bacterial_spot\42deb15b-6443-4d2e-9a45-023052ce4974___GCREC_Bact.Sp 3077_final_masked.jpg,Tomato___Bacterial_spot
dataset\Tomato___healthy\53471454-9f9a-4182-91a3-c2c6c1268c56___RS_HL 0209_final_masked.jpg,Tomato___healthy
dataset\Tomato___Early_blight\6efab540-3bb1-47fd-b55f-ed447305f500___RS_Erly.B 7397_final_masked.jpg,Tomato___Early_blight
dataset\Tomato___healthy\73bfef3d-ba16-4d1d-9aac-71b771e9c9b6___RS_HL 9777_final_masked.jpg,Tomato___healthy
dataset\Tomato___Late_blight\0e244a32-08cd-471c-90dd-141c354c20b3___GHLB2 Leaf 8634_final_masked.jpg,Tomato___Late_blight
dataset\Tomato___Early_blight\34044338-c693-4604-8764-35eaece11e56___RS_Erly.B 9483_final_masked.jpg,Tomato___Early_blight
dataset\Tomato___healthy\e9dbb60b-ba84-43c7-a1cc-55ce4712e892___RS_HL 0404_final_masked.jpg,Tomato___healthy
dataset\Tomato___Bacterial_spot\8a5ddf5c-d342-4729-95cc-e846494d37ed___GCREC_Bact.Sp 3130_final_masked.jpg,Tomato___Bacterial_spot
dataset\Tomato___Late_blight\41c1d7a7-5d90-4b0a-bd41-565393d422c5___GHLB2 Leaf 108.1_final_masked.jpg,Tomato___Late_blight
dataset\Tomato___Late_blight\83abc50b-0705-4165-a9f3-e67b7ad93bf0___RS_Late.B 6170_final_masked.jpg,Tomato___Late_blight
dataset\Tomato___Late_blight\07d7ad48-0740-4cf5-9a26-91fd9296d6b3___RS_Late.B 5464_final_masked.jpg,Tomato___Late_blight
dataset\Tomato___Late_blight\78122366-5c83-4d3f-97b0-b7135181738b___GHLB Leaf 1 Day 1_final_masked.jpg,Tomato___Late_blight
dataset\Tomato___Late_blight\ef5ac7be-8adc-4395-9a31-d970fb6e8c7a___RS_Late.B 4981_final_masked.jpg,Tomato___Late_blight
dataset\Tomato___Bacterial_spot\7a90df1d-f47b-4614-b75c-a997bd61396a___GCREC_Bact.Sp 3043_final_masked.jpg,Tomato___Bacterial_spot
dataset\Tomato___Bacterial_spot\66312db9-c9bd-4d47-9e63-f67d207a8540___GCREC_Bact.Sp 3282_final_masked.jpg,Tomato___Bacterial_spot
dataset\Tomato___Late_blight\9823fb17-3426-48be-a3de-ed8a3d742674___RS_Late.B 6320_final_masked.jpg,Tomato___Late_blight
dataset\Tomato___healthy\651c7556-f25e-46b9-97db-4793a2a3b642___RS_HL 0219_final_masked.jpg,Tomato___healthy
dataset\Tomato___Bacterial_spot\cdd6b4c8-6be0-4cc8-81a7-4e0c5ba16fed___GCREC_Bact.Sp 5982_final_masked.jpg,Tomato___Bacterial_spot
dataset\Tomato___Bacterial_spot\3f75dffc-41bb-4db0-bc3f-a8879e1f4523___GCREC_Bact.Sp 3601_final_masked.jpg,Tomato___Bacterial_spot
dataset\Tomato___Late_blight\05b90bad-941f-499f-a2f6-a88e54c1da85___GHLB2 Leaf 155.2_final_masked.jpg,Tomato___Late_blight
dataset\Tomato___Late_blight\345e34f9-1a77-4d5f-bd62-aa41f648e41d___GHLB2 Leaf 8930_final_masked.jpg,Tomato___Late_blight
dataset\Tomato___Early_blight\13e96f82-68c6-4331-9b05-92a6767a400b___RS_Erly.B 9502_final_masked.jpg,Tomato___Early_blight
dataset\Tomato___Late_blight\56c7bdb1-9b7e-40fc-8ec5-97e20770426b___GHLB2 Leaf 8951_final_masked.jpg,Tomato___Late_blight
dataset\Tomato___healthy\c4a237c9-db9d-47c0-a6ec-80ef66070ba9___RS_HL 0438_final_masked.jpg,Tomato___healthy
dataset\Tomato___Early_blight\bbcccb3c-bcf2-4dc9-b2e2-6aecd86f52d5___RS_Erly.B 8370_final_masked.jpg,Tomato___Early_blight
dataset\Tomato___Early_blight\b165d0d3-726d-4913-8b92-3f14e1b99410___RS_Erly.B 6377_final_masked.jpg,Tomato___Early_blight
dataset\Tomato___healthy\3211fc4b-c216-46c3-9db7-b340684066b2___RS_HL 0360_final_masked.jpg,Tomato___healthy
dataset\Tomato___healthy\0aacdad5-c9b9-4309-96e3-0797bbed1375___RS_HL 9836_final_masked.jpg,Tomato___healthy
dataset\Tomato___Early_blight\0e2e58b7-1417-49c4-b014-b5efb4b4b831___RS_Erly.B 8256_final_masked.jpg,Tomato___Early_blight
dataset\Tomato___healthy\d4091850-464c-4655-9edc-395f43c365e9___RS_HL 9657_final_masked.jpg,Tomato___healthy
dataset\Tomato___Late_blight\f9bae5e8-64d9-4a34-9269-b4d97d095b47___RS_Late.B 4861_final_masked.jpg,Tomato___Late_blight
dataset\Tomato___Early_blight\30c5bc48-7b5e-4bc0-9f0c-096042dacde2___RS_Erly.B 6333_final_masked.jpg,Tomato___Early_blight
dataset\Tomato___Bacterial_spot\54692b7d-86bd-45db-b3c7-30dc1964a137___GCREC_Bact.Sp 6265_final_masked.jpg,Tomato___Bacterial_spot
dataset\Tomato___Bacterial_spot\f0c8170c-0da6-402b-b1da-1a9978bd6787___GCREC_Bact.Sp 6137_final_masked.jpg,Tomato___Bacterial_spot
dataset\Tomato___Bacterial_spot\8e41531c-42e8-4a0d-b453-7aae50fdfe94___GCREC_Bact.Sp 3552_final_masked.jpg,Tomato___Bacterial_spot
dataset\Tomato___healthy\791d2730-66b2-418b-abe0-548208783e44___RS_HL 0589_final_masked.jpg,Tomato___healthy
dataset\Tomato___Bacterial_spot\fe1532f6-a66d-4705-b0ab-7e5ed6f9b81a___GCREC_Bact.Sp 6346_final_masked.jpg,Tomato___Bacterial_spot
dataset\Tomato___Bacterial_spot\7f0a444d-f5ca-4378-a06d-fa94469f2ae1___GCREC_Bact.Sp 3686_final_masked.jpg,Tomato___Bacterial_spot
dataset\Tomato___Late_blight\9b4df340-b1bf-4294-a275-1bc0d9b64ff6___GHLB2ES Leaf 138.1_final_masked.jpg,Tomato___Late_blight
dataset\Tomato___Late_blight\7fe41e8b-a062-4403-97b1-0415e2cf8fc5___RS_Late.B 7055_final_masked.jpg,Tomato___Late_blight
dataset\Tomato___Early_blight\e2e1bccc-15ec-47f8-8ee7-d33be16fac07___RS_Erly.B 9523_final_masked.jpg,Tomato___Early_blight
dataset\Tomato___healthy\3d8a687c-febd-4bd6-8fa5-62a3e1d5ebf6___GH_HL Leaf 443.1_final_masked.jpg,Tomato___healthy
dataset\Tomato___Early_blight\30546f58-8d3a-4318-87d1-322427a12380___RS_Erly.B 7404_final_masked.jpg,Tomato___Early_blight
dataset\Tomato___Bacterial_spot\4a5a1551-dd56-4fce-971c-4d7166afaff1___GCREC_Bact.Sp 3113_final_masked.jpg,Tomato___Bacterial_spot
dataset\Tomato___Bacterial_spot\26768a91-4aca-41a4-ad88-1b791c2312dc___GCREC_Bact.Sp 5669_final_masked.jpg,Tomato___Bacterial_spot
dataset\Tomato___Early_blight\fdc50285-836e-4707-a17d-388b8179c87c___RS_Erly.B 7812_final_masked.jpg,Tomato___Early_blight
dataset\Tomato___Late_blight\91cb766d-bbfe-405b-8211-8dbfb6888c12___GHLB2 Leaf 8963_final_masked.jpg,Tomato___Late_blight
dataset\Tomato___Early_blight\893b7469-eb50-4567-9292-dc8f7610c311___RS_Erly.B 6442_final_masked.jpg,Tomato___Early_blight
dataset\Tomato___Late_blight\955e9314-b03b-4f51-afdf-9b5f44e2edce___GHLB2 Leaf 9043_final_masked.jpg,Tomato___Late_blight
dataset\Tomato___healthy\719352b5-1b4c-41e5-a517-3dfde18c13ef___RS_HL 0300_final_masked.jpg,Tomato___healthy
dataset\Tomato___healthy\3ea5eb53-bde0-44f1-8aac-d6457e5b0b73___RS_HL 0427_final_masked.jpg,Tomato___healthy
dataset\Tomato___Early_blight\22faea13-4b3e-4d87-b80c-379755a7b747___RS_Erly.B 7852_final_masked.jpg,Tomato___Early_blight
dataset\Tomato___Bacterial_spot\fea5289e-4a3a-4891-bbcc-fb38b75a23f9___UF.GRC_BS_Lab Leaf 1164_final_masked.jpg,Tomato___Bacterial_spot
dataset\Tomato___healthy\89d1eade-c42d-410d-a9c3-d37ad7bb60c6___RS_HL 9679_final_masked.jpg,Tomato___healthy
dataset\Tomato___Late_blight\240b17f3-2b2b-4ff4-add7-4ba2975f4837___RS_Late.B 5130_final_masked.jpg,Tomato___Late_blight
dataset\Tomato___Bacterial_spot\2642e2b0-d2d8-49ea-b9c3-44133f863169___GCREC_Bact.Sp 5660_final_masked.jpg,Tomato___Bacterial_spot
dataset\Tomato___Late_blight\c95eaeb8-7673-4411-bbbe-b2464526f303___RS_Late.B 6233_final_masked.jpg,Tomato___Late_blight
dataset\Tomato___healthy\e623a5a9-edc8-4c81-ada4-68b3ebadfc7e___RS_HL 0082_final_masked.jpg,Tomato___healthy
dataset\Tomato___Late_blight\01425d17-4c97-46e3-b395-c1453b78ab78___GHLB2 Leaf 9100_final_masked.jpg,Tomato___Late_blight
dataset\Tomato___Bacterial_spot\4e906c0c-95cb-41fa-a05d-2981c7b3711a___GCREC_Bact.Sp 6205_final_masked.jpg,Tomato___Bacterial_spot
dataset\Tomato___Early_blight\0cd1ebaf-3975-4749-b625-50b7b0751c36___RS_Erly.B 7508_final_masked.jpg,Tomato___Early_blight
dataset\Tomato___Bacterial_spot\8ba984dc-b9f0-4367-8a27-8486ceacf09a___GCREC_Bact.Sp 3225_final_masked.jpg,Tomato___Bacterial_spot
dataset\Tomato___Early_blight\2ffcdf9e-9cf5-492e-80f8-6f80cd0be7cb___RS_Erly.B 7421_final_masked.jpg,Tomato___Early_blight
dataset\Tomato___healthy\2b6c6705-59ce-4afe-8ad1-62a367ea10e0___RS_HL 9994_final_masked.jpg,Tomato___healthy
dataset\Tomato___Late_blight\afaca2fc-774c-4401-9915-e7493f89a72a___GHLB2 Leaf 114.1_final_masked.jpg,Tomato___Late_blight
dataset\Tomato___Late_blight\8f0a83b5-357c-4fc3-ba27-58303fa29bde___GHLB2 Leaf 8875_final_masked.jpg,Tomato___Late_blight
dataset\Tomato___healthy\4b8bc1e8-30e5-41ef-871e-0661d521418d___RS_HL 0445_final_masked.jpg,Tomato___healthy
dataset\Tomato___healthy\48e28bd8-2395-4541-a64c-fd6fab030f06___GH_HL Leaf 352.1_final_masked.jpg,Tomato___healthy
dataset\Tomato___Bacterial_spot\d00c45d9-7b1d-478e-93bb-5d5e13ecf14a___GCREC_Bact.Sp 5812_final_masked.jpg,Tomato___Bacterial_spot
dataset\Tomato___Bacterial_spot\970f1e35-eca5-4011-9d93-be6566f27389___GCREC_Bact.Sp 3525_final_masked.jpg,Tomato___Bacterial_spot
dataset\Tomato___healthy\3767f857-a7b6-4801-b56e-b62e642fc508___RS_HL 0425_final_masked.jpg,Tomato___healthy
dataset\Tomato___healthy\4f5dde42-a6ac-4886-8b9e-a944568ace95___RS_HL 0080_final_masked.jpg,Tomato___healthy
dataset\Tomato___Late_blight\a1df42a3-9ea0-491b-a075-14b6ae8068dd___GHLB2 Leaf 8664_final_masked.jpg,Tomato___Late_blight
dataset\Tomato___Bacterial_spot\855bbef5-e9fc-4c0c-b3cc-d9321fa9596e___GCREC_Bact.Sp 5947_final_masked.jpg,Tomato___Bacterial_spot
dataset\Tomato___Early_blight\76e4e737-6526-4007-923f-5b6c1e9951ed___RS_Erly.B 7759_final_masked.jpg,Tomato___Early_blight
dataset\Tomato___healthy\e0587774-746c-41af-a876-b3d083756a23___RS_HL 0588_final_masked.jpg,Tomato___healthy
dataset\Tomato___Late_blight\0172b2ff-6f6f-43e1-9a63-ea4bb2bce450___GHLB_PS Leaf 17 Day 9_final_masked.jpg,Tomato___Late_blight
dataset\Tomato___healthy\ec2ace5b-0368-4012-a46e-21236926193c___RS_HL 0086_final_masked.jpg,Tomato___healthy
dataset\Tomato___Early_blight\983a04ad-2cc6-4d78-9365-a67012b4ffdc___RS_Erly.B 7661_final_masked.jpg,Tomato___Early_blight
dataset\Tomato___Bacterial_spot\35bec389-2983-44f6-8bd5-d70e77cda204___GCREC_Bact.Sp 5617_final_masked.jpg,Tomato___Bacterial_spot
dataset\Tomato___Early_blight\bab7dc71-f5d2-4b07-a582-11a13f785b3d___RS_Erly.B 7764_final_masked.jpg,Tomato___Early_blight
dataset\Tomato___Late_blight\f27d1b5c-46e2-442f-846d-dd5c6018bb2a___RS_Late.B 6984_final_masked.jpg,Tomato___Late_blight
dataset\Tomato___Late_blight\cac3a565-799f-4b66-a575-5ad6ff356d37___GHLB_PS Leaf 2.3 Day 8_final_masked.jpg,Tomato___Late_blight
dataset\Tomato___healthy\d5beabbd-afc7-41c5-aa06-ec45c32e751e___GH_HL Leaf 289.1_final_masked.jpg,Tomato___healthy
dataset\Tomato___Bacterial_spot\a61d4b9b-aaf1-40a1-84d2-8adfe9359a88___GCREC_Bact.Sp 6163_final_masked.jpg,Tomato___Bacterial_spot
dataset\Tomato___Early_blight\c87a666a-07bb-44cc-952a-33d69f075e14___RS_Erly.B 7631_final_masked.jpg,Tomato___Early_blight
dataset\Tomato___healthy\2db5d3de-824c-4e62-9db1-e271d13ea27e___GH_HL Leaf 273.1_final_masked.jpg,Tomato___healthy
dataset\Tomato___Bacterial_spot\1dbd6b67-25f1-444e-81d8-cbb54213cbb4___GCREC_Bact.Sp 3528_final_masked.jpg,Tomato___Bacterial_spot
dataset\Tomato___Late_blight\8a2f5ea2-51e1-493d-93ff-61faa8221754___RS_Late.B 7069_final_masked.jpg,Tomato___Late_blight
dataset\Tomato___Late_blight\c68a177e-bd9d-4995-a8ab-9ef75bcef2fe___GHLB2 Leaf 8995_final_masked.jpg,Tomato___Late_blight
dataset\Tomato___Bacterial_spot\7bd80f73-7d7e-495e-a9c2-188d649744f7___GCREC_Bact.Sp 3859_final_masked.jpg,Tomato___Bacterial_spot
dataset\Tomato___healthy\82ff3b7a-c7ad-47ec-8578-475f72efc1ae___RS_HL 0020_final_masked.jpg,Tomato___healthy
dataset\Tomato___Late_blight\b657dc7a-df76-40e1-bc87-2d61b81040a8___GHLB Leaf 27.1 Day 12_final_masked.jpg,Tomato___Late_blight
dataset\Tomato___Bacterial_spot\6b463262-379a-4694-affa-1030a9f4c087___GCREC_Bact.Sp 3366_final_masked.jpg,Tomato___Bacterial_spot
dataset\Tomato___Late_blight\bb487e34-b328-40b9-a33f-592701216063___RS_Late.B 5175_final_masked.jpg,Tomato___Late_blight
dataset\Tomato___Bacterial_spot\666242bb-ccc7-4085-8d60-05b5eba349c0___GCREC_Bact.Sp 6249_final_masked.jpg,Tomato___Bacterial_spot
dataset\Tomato___Late_blight\dd8c1f50-0407-4011-8dea-a8d0e6c7dbf1___RS_Late.B 6725_final_masked.jpg,Tomato___Late_blight
dataset\Tomato___healthy\b923ed54-63ad-49f8-8881-ebd654c5821c___RS_HL 0359_final_masked.jpg,Tomato___healthy
dataset\Tomato___Late_blight\d984c49c-ff38-46b9-a176-b966c8c8f9ef___RS_Late.B 4991_final_masked.jpg,Tomato___Late_blight
dataset\Tomato___Bacterial_spot\c4b6fcb3-faa3-40ce-b3de-9687301e20c6___GCREC_Bact.Sp 6261_final_masked.jpg,Tomato___Bacterial_spot
dataset\Tomato___healthy\2bc7f6c3-7765-4ab0-926b-57fc918bfbf0___GH_HL Leaf 305_final_masked.jpg,Tomato___healthy
dataset\Tomato___healthy\2c741e7d-d03b-4903-8e42-1e43f5ad7286___RS_HL 0131_final_masked.jpg,Tomato___healthy
dataset\Tomato___Bacterial_spot\26079b3e-dfa6-4ad2-b699-cccf9d9b5032___GCREC_Bact.Sp 5678_final_masked.jpg,Tomato___Bacterial_spot
dataset\Tomato___Late_blight\948465b0-be59-406c-a547-94647d4aaae8___RS_Late.B 6167_final_masked.jpg,Tomato___Late_blight
dataset\Tomato___healthy\883b7c13-7aef-4ae9-bd70-065a16226e9d___GH_HL Leaf 170.1_final_masked.jpg,Tomato___healthy
dataset\Tomato___healthy\0f0fc0ee-b19b-4f90-ab41-8f693131f57d___RS_HL 9890_final_masked.jpg,Tomato___healthy
dataset\Tomato___Late_blight\0605d1be-b99b-408d-bace-e5ba23e72b27___RS_Late.B 5282_final_masked.jpg,Tomato___Late_blight
dataset\Tomato___Bacterial_spot\707dc081-60c2-4362-a91e-6c6eacf4d081___GCREC_Bact.Sp 5613_final_masked.jpg,Tomato___Bacterial_spot
dataset\Tomato___Bacterial_spot\b8925aa5-0722-4332-abc1-a8ff620328b4___GCREC_Bact.Sp 3604_final_masked.jpg,Tomato___Bacterial_spot
dataset\Tomato___healthy\7f7b6cff-3d29-45ad-a0df-56f568289be9___GH_HL Leaf 506.1_final_masked.jpg,Tomato___healthy
dataset\Tomato___Bacterial_spot\ab66cbe8-486a-4f26-8253-7c12729fcbec___GCREC_Bact.Sp 3361_final_masked.jpg,Tomato___Bacterial_spot
dataset\Tomato___healthy\81a4e19e-bbcd-4029-8a4f-ae97afe0cdcb___GH_HL Leaf 323.1_final_masked.jpg,Tomato___healthy
dataset\Tomato___Late_blight\71dc2643-35ec-4660-99ba-e2dbb3b82229___GHLB2 Leaf 8983_final_masked.jpg,Tomato___Late_blight
dataset\Tomato___Early_blight\a1d275d1-5405-4829-9328-4225ffe69506___RS_Erly.B 7515_final_masked.jpg,Tomato___Early_blight
dataset\Tomato___healthy\84991306-21f6-41fb-a723-0c7ba1dac9d3___GH_HL Leaf 199_final_masked.jpg,Tomato___healthy
dataset\Tomato___healthy\c54a5152-b470-4037-ab1e-59b474c12fc6___RS_HL 9921_final_masked.jpg,Tomato___healthy
dataset\Tomato___Bacterial_spot\72c74c30-e843-42f3-9088-5c3b38e4b736___GCREC_Bact.Sp 3374_final_masked.jpg,Tomato___Bacterial_spot
dataset\Tomato___healthy\a4dea30d-6551-4107-bba6-1390e74b6b0b___GH_HL Leaf 261.1_final_masked.jpg,Tomato___healthy
dataset\Tomato___Bacterial_spot\82aa438d-e17c-4756-8464-59d8c49497e9___GCREC_Bact.Sp 3245_final_masked.jpg,Tomato___Bacterial_spot
dataset\Tomato___Bacterial_spot\605dda2d-be55-45cc-b247-76903d159255___UF.GRC_BS_Lab Leaf 8749_final_masked.jpg,Tomato___Bacterial_spot
dataset\Tomato___Late_blight\dbbe0ac5-5cb6-4bcd-940a-f0a8104d4e79___RS_Late.B 6067_final_masked.jpg,Tomato___Late_blight
dataset\Tomato___Late_blight\82090f30-20fa-4c5e-9bcc-9cfe7d64b56a___RS_Late.B 5395_final_masked.jpg,Tomato___Late_blight
dataset\Tomato___Bacterial_spot\d071b160-8fd5-4f26-b464-f61cbc472d75___GCREC_Bact.Sp 3635_final_masked.jpg,Tomato___Bacterial_spot
dataset\Tomato___Bacterial_spot\a8fc7e5e-24c7-45f5-a794-29fab66dd122___GCREC_Bact.Sp 3726_final_masked.jpg,Tomato___Bacterial_spot
dataset\Tomato___Early_blight\df721edd-686e-4bb8-a05b-e8c67743c8ca___RS_Erly.B 8265_final_masked.jpg,Tomato___Early_blight
dataset\Tomato___Early_blight\8ed69ac4-4692-4154-a484-8a693ff7de64___RS_Erly.B 7775_final_masked.jpg,Tomato___Early_blight
dataset\Tomato___Bacterial_spot\aeb3e3c0-e171-4591-a00a-9e6d353d52e8___GCREC_Bact.Sp 3778_final_masked.jpg,Tomato___Bacterial_spot
dataset\Tomato___Late_blight\60bdbf17-c59d-48de-bfc1-a6c0bda17a9e___RS_Late.B 4840_final_masked.jpg,Tomato___Late_blight
dataset\Tomato___healthy\5c23afc6-7236-4f07-adcd-61b1f69e3fb2___RS_HL 9801_final_masked.jpg,Tomato___healthy
dataset\Tomato___Bacterial_spot\ea184fd1-b4aa-4121-b88b-ef833d6465d2___GCREC_Bact.Sp 6067_final_masked.jpg,Tomato___Bacterial_spot
dataset\Tomato___Bacterial_spot\2fb3c629-42bc-4027-8f7b-505ce5e0c211___GCREC_Bact.Sp 3460_final_masked.jpg,Tomato___Bacterial_spot
dataset\Tomato___Early_blight\7de91b8f-80f1-41bc-af89-2cf58a89276b___RS_Erly.B 7805_final_masked.jpg,Tomato___Early_blight
dataset\Tomato___healthy\84b9dbb3-98bb-48b0-893f-74627840a2b9___GH_HL Leaf 225_final_masked.jpg,Tomato___healthy
dataset\Tomato___Late_blight\1db51a76-0e89-45c6-8f00-9262c1c7732e___GHLB2ES Leaf 139_final_masked.jpg,Tomato___Late_blight
dataset\Tomato___Late_blight\ed06f115-9ca4-44d7-be94-e514a5ca58ce___GHLB2 Leaf 148.3_final_masked.jpg,Tomato___Late_blight
dataset\Tomato___healthy\21d294dd-0c03-457d-a02d-1243bdf0ff4f___RS_HL 9887_final_masked.jpg,Tomato___healthy
dataset\Tomato___healthy\2da51b05-179d-4072-9ac9-f6985c7a494c___RS_HL 0444_final_masked.jpg,Tomato___healthy
dataset\Tomato___Early_blight\efd88799-7fbc-4638-b66b-4e49c7bf7b9f___RS_Erly.B 9390_final_masked.jpg,Tomato___Early_blight
dataset\Tomato___healthy\10716d69-324b-4423-9e1e-b09559babb89___GH_HL Leaf 267.1_final_masked.jpg,Tomato___healthy
dataset\Tomato___Bacterial_spot\dec2db16-8bae-42e0-9b02-8e3d9f0793cc___GCREC_Bact.Sp 5697_final_masked.jpg,Tomato___Bacterial_spot
dataset\Tomato___Early_blight\00e7c4b2-3005-4558-9cfa-235e356cb7a8___RS_Erly.B 7844_final_masked.jpg,Tomato___Early_blight
dataset\Tomato___Late_blight\e980207c-6e67-4caf-8973-7128ca2a1c12___GHLB2 Leaf 8876_final_masked.jpg,Tomato___Late_blight
dataset\Tomato___Late_blight\647fc3ec-00a2-4f1a-ad81-a5ed6ac25420___GHLB2 Leaf 8957_final_masked.jpg,Tomato___Late_blight
dataset\Tomato___healthy\d41e126d-fc0d-4224-96e0-2d5ae074e4ac___RS_HL 9933_final_masked.jpg,Tomato___healthy
dataset\Tomato___Bacterial_spot\e03efa4b-3529-471a-ae38-04c31ab6fa91___GCREC_Bact.Sp 3087_final_masked.jpg,Tomato___Bacterial_spot
dataset\Tomato___Early_blight\1d1d79c6-824d-4c48-bd59-c83a5cf29229___RS_Erly.B 9547_final_masked.jpg,Tomato___Early_blight
dataset\Tomato___Early_blight\f8babb7d-af2d-495c-9d99-cf215c8c67af___RS_Erly.B 9462_final_masked.jpg,Tomato___Early_blight
dataset\Tomato___Early_blight\0f1fb081-c715-414e-aa64-2c398ba6c320___RS_Erly.B 6382_final_masked.jpg,Tomato___Early_blight
dataset\Tomato___Bacterial_spot\74dee6e6-3d6b-4906-9f8a-d148e8441eee___GCREC_Bact.Sp 3121_final_masked.jpg,Tomato___Bacterial_spot
dataset\Tomato___healthy\b91da997-c7c4-44aa-b00c-e558887d0ba6___GH_HL Leaf 368.1_final_masked.jpg,Tomato___healthy
dataset\Tomato___healthy\574dab67-daab-46c8-918f-beb10b427cd5___RS_HL 9974_final_masked.jpg,Tomato___healthy
dataset\Tomato___Bacterial_spot\e7ce4652-41d2-4f9a-870d-7bfe3b3c08bd___GCREC_Bact.Sp 3519_final_masked.jpg,Tomato___Bacterial_spot
dataset\Tomato___Late_blight\d9ebf5e5-a626-48f3-b649-db74d12e62ad___RS_Late.B 5478_final_masked.jpg,Tomato___Late_blight
dataset\Tomato___Bacterial_spot\fdd0012a-bf6a-4c3f-83b7-8e11a58f69d4___GCREC_Bact.Sp 6285_final_masked.jpg,Tomato___Bacterial_spot
dataset\Tomato___Late_blight\d7d87536-e71c-4324-a00a-107b9ee00614___GHLB_PS Leaf 22.1 Day 9_final_masked.jpg,Tomato___Late_blight
dataset\Tomato___Bacterial_spot\180f9ef5-6709-4660-8444-617bf357106a___GCREC_Bact.Sp 5726_final_masked.jpg,Tomato___Bacterial_spot
dataset\Tomato___healthy\0972d906-c7f6-4c30-80f5-6c665ea36770___RS_HL 0115_final_masked.jpg,Tomato___healthy
dataset\Tomato___Early_blight\81c427f2-5e52-43e2-a000-0a2a973e18f6___RS_Erly.B 7769_final_masked.jpg,Tomato___Early_blight
dataset\Tomato___healthy\851e1102-43d8-4bc7-8c41-28e5412b1863___RS_HL 9660_final_masked.jpg,Tomato___healthy
dataset\Tomato___Early_blight\2419fd79-cda0-4ba4-be14-31c92a2e91dd___RS_Erly.B 8255_final_masked.jpg,Tomato___Early_blight
dataset\Tomato___Bacterial_spot\f8d0bd35-6d9b-4228-b1a0-d47e1ce3ec5f___GCREC_Bact.Sp 5624_final_masked.jpg,Tomato___Bacterial_spot
dataset\Tomato___Bacterial_spot\ee6e4597-cc98-4966-a9e9-bd6a4a76ea97___GCREC_Bact.Sp 3491_final_masked.jpg,Tomato___Bacterial_spot
dataset\Tomato___Bacterial_spot\a10e3222-dd42-4c61-a0dd-f2e7848e473c___UF.GRC_BS_Lab Leaf 0828_final_masked.jpg,Tomato___Bacterial_spot
dataset\Tomato___Bacterial_spot\8f6373d0-3b5a-4c5f-8b45-e5efe5a2fb5f___GCREC_Bact.Sp 5711_final_masked.jpg,Tomato___Bacterial_spot
dataset\Tomato___Bacterial_spot\a68c88e9-a6a5-4ecd-8b88-08ab127da393___GCREC_Bact.Sp 6156_final_masked.jpg,Tomato___Bacterial_spot
dataset\Tomato___Early_blight\62ce29f9-81ea-4616-8562-22a5830b3286___RS_Erly.B 7436_final_masked.jpg,Tomato___Early_blight
dataset\Tomato___Late_blight\16ac8a43-f720-4fd9-ac41-016523612f38___RS_Late.B 4898_final_masked.jpg,Tomato___Late_blight
dataset\Tomato___Bacterial_spot\dff2f22f-6d7a-4331-bd7a-902e13212348___GCREC_Bact.Sp 5924_final_masked.jpg,Tomato___Bacterial_spot
dataset\Tomato___healthy\35f9364b-1ec2-42ee-99f4-3cdeda433f92___RS_HL 9778_final_masked.jpg,Tomato___healthy
dataset\Tomato___Early_blight\9f98d981-b130-4238-aa34-21b0edfc1eaf___RS_Erly.B 7806_final_masked.jpg,Tomato___Early_blight
dataset\Tomato___Early_blight\ff422d28-d002-4382-80bf-30f78f66c677___RS_Erly.B 6492_final_masked.jpg,Tomato___Early_blight
dataset\Tomato___Early_blight\ee69b7e2-34d6-455f-97f6-6f5c06216131___RS_Erly.B 7478_final_masked.jpg,Tomato___Early_blight
dataset\Tomato___Bacterial_spot\82b7be29-2b51-4ed9-9825-587155c8d53c___GCREC_Bact.Sp 6166_final_masked.jpg,Tomato___Bacterial_spot
dataset\Tomato___Late_blight\1af98b62-adaf-43d0-b4eb-83ab3f1ee084___RS_Late.B 4908_final_masked.jpg,Tomato___Late_blight
dataset\Tomato___Bacterial_spot\f7b14a90-c29b-49b5-8d7e-ec982b44b268___UF.GRC_BS_Lab Leaf 0994_final_masked.jpg,Tomato___Bacterial_spot
dataset\Tomato___Bacterial_spot\98df469d-20d0-4b6e-aae3-617473f3081f___GCREC_Bact.Sp 5792_final_masked.jpg,Tomato___Bacterial_spot
dataset\Tomato___Bacterial_spot\c54f03c5-9eef-4036-bff3-49b3a3867b88___UF.GRC_BS_Lab Leaf 9279_final_masked.jpg,Tomato___Bacterial_spot
dataset\Tomato___healthy\c978eccc-99c6-45d0-879c-713167f863f4___RS_HL 9888_final_masked.jpg,Tomato___healthy
dataset\Tomato___healthy\622ed31e-0067-460a-a025-fefea1669ce1___RS_HL 0587_final_masked.jpg,Tomato___healthy
dataset\Tomato___Bacterial_spot\2e917b6c-8617-419d-b54e-2e5222d88e09___UF.GRC_BS_Lab Leaf 8938_final_masked.jpg,Tomato___Bacterial_spot
dataset\Tomato___Late_blight\b4c4e221-ab02-4e57-a82c-5f2dfd431675___RS_Late.B 5029_final_masked.jpg,Tomato___Late_blight
dataset\Tomato___Bacterial_spot\2d135819-8bf4-4d5a-a503-c184ed800d0c___GCREC_Bact.Sp 6015_final_masked.jpg,Tomato___Bacterial_spot
dataset\Tomato___Late_blight\22686908-57fc-4567-92c4-e736d90744b4___GHLB2 Leaf 8590_final_masked.jpg,Tomato___Late_blight
dataset\Tomato___Bacterial_spot\35dfda90-eb0e-452a-b1cb-0ff20ef36e4b___GCREC_Bact.Sp 2972_final_masked.jpg,Tomato___Bacterial_spot
dataset\Tomato___Bacterial_spot\a3f9c2ae-4fe3-4d7d-9812-2327e3da5f44___GCREC_Bact.Sp 6099_final_masked.jpg,Tomato___Bacterial_spot
dataset\Tomato___Late_blight\8b3de207-e6ff-4ac5-8480-f6230bd6b385___RS_Late.B 6506_final_masked.jpg,Tomato___Late_blight
dataset\Tomato___healthy\decd2c69-c302-461a-a2f7-7c1e37d9d633___RS_HL 0258_final_masked.jpg,Tomato___healthy
dataset\Tomato___Late_blight\a9b6997c-b2bd-4938-aa5f-492ae0cc8431___RS_Late.B 5063_final_masked.jpg,Tomato___Late_blight
dataset\Tomato___healthy\04c78dad-c1eb-4a1b-bfeb-da4c7cc528e1___RS_HL 9688_final_masked.jpg,Tomato___healthy
dataset\Tomato___Late_blight\259d42ea-6860-4a01-82e5-2a81c75892b7___RS_Late.B 5112_final_masked.jpg,Tomato___Late_blight
dataset\Tomato___Late_blight\bea930ce-b822-464c-9c2b-8e181d0ba3f8___RS_Late.B 7127_final_masked.jpg,Tomato___Late_blight
dataset\Tomato___Late_blight\6dd1bc0c-72c3-420c-aa48-c3bb4ca8dc7c___GHLB2 Leaf 83.1_final_masked.jpg,Tomato___Late_blight
dataset\Tomato___healthy\89e63d70-677a-41e3-a5fe-c38d6b98abbc___RS_HL 9902_final_masked.jpg,Tomato___healthy
dataset\Tomato___Bacterial_spot\b658ae6e-bdd0-4e49-8709-aa6afcb95c22___GCREC_Bact.Sp 5864_final_masked.jpg,Tomato___Bacterial_spot
dataset\Tomato___Bacterial_spot\67c8bbdb-ba79-4c64-897f-e9052728df45___GCREC_Bact.Sp 3008_final_masked.jpg,Tomato___Bacterial_spot
dataset\Tomato___Bacterial_spot\ea5451fc-7d10-4a88-8193-cbbdb1f8f748___GCREC_Bact.Sp 3785_final_masked.jpg,Tomato___Bacterial_spot
dataset\Tomato___Early_blight\fc296f63-8cb3-42f1-a9c1-f6ed8e49777c___RS_Erly.B 6400_final_masked.jpg,Tomato___Early_blight
dataset\Tomato___Late_blight\2248836f-550a-4183-a2d8-5ff5f87e1800___GHLB2 Leaf 8810_final_masked.jpg,Tomato___Late_blight
dataset\Tomato___Bacterial_spot\09c1a12a-ad44-4522-9755-851d6a042f02___GCREC_Bact.Sp 5585_final_masked.jpg,Tomato___Bacterial_spot
dataset\Tomato___Bacterial_spot\922416fb-0c08-4edd-894b-bbea0ba183f3___GCREC_Bact.Sp 5900_final_masked.jpg,Tomato___Bacterial_spot
dataset\Tomato___Bacterial_spot\2012f5c2-8a5a-4307-b2f6-f8cc65dea96d___GCREC_Bact.Sp 6350_final_masked.jpg,Tomato___Bacterial_spot
dataset\Tomato___Bacterial_spot\41166a90-b9b6-4694-9a4b-81fffd3c4ca9___GCREC_Bact.Sp 5889_final_masked.jpg,Tomato___Bacterial_spot
dataset\Tomato___Late_blight\3f36ff41-3817-497b-95c9-7f79819925e7___RS_Late.B 6314_final_masked.jpg,Tomato___Late_blight
dataset\Tomato___healthy\8c43c178-69de-4e23-a075-1f0bdbf586db___RS_HL 0637_final_masked.jpg,Tomato___healthy
dataset\Tomato___healthy\e25bc3a8-dd00-4c02-9f4e-81e6cf682729___RS_HL 0101_final_masked.jpg,Tomato___healthy
dataset\Tomato___healthy\57b5d4cd-150b-4441-a535-8176fc1f97d7___GH_HL Leaf 197.1_final_masked.jpg,Tomato___healthy
dataset\Tomato___Late_blight\5be6f633-9ae7-40b9-b1aa-f92a1ab919fb___RS_Late.B 5011_final_masked.jpg,Tomato___Late_blight
dataset\Tomato___Late_blight\a9e5eb70-1dc4-44ec-927a-4ac745c1ff31___RS_Late.B 5035_final_masked.jpg,Tomato___Late_blight
dataset\Tomato___healthy\5422b428-b58a-4276-a79c-79d1c3ca7aa2___RS_HL 0123_final_masked.jpg,Tomato___healthy
dataset\Tomato___Late_blight\6d8ee18d-8dcf-48b1-aec6-60752c839ee1___RS_Late.B 6887_final_masked.jpg,Tomato___Late_blight
dataset\Tomato___Late_blight\1ba00fc3-a45b-4d23-94da-5e090ba7f3d3___RS_Late.B 6403_final_masked.jpg,Tomato___Late_blight
dataset\Tomato___Bacterial_spot\aeda6048-63dc-44ea-b479-b139131c3846___GCREC_Bact.Sp 5604_final_masked.jpg,Tomato___Bacterial_spot
dataset\Tomato___Bacterial_spot\ef201af2-bb22-4c9f-bbdd-d6258f215cf6___UF.GRC_BS_Lab Leaf 1112_final_masked.jpg,Tomato___Bacterial_spot
dataset\Tomato___Early_blight\f8aaa5e3-fe38-4815-8f1d-8ca71db15a8f___RS_Erly.B 7511_final_masked.jpg,Tomato___Early_blight
dataset\Tomato___Bacterial_spot\e4e11751-2c64-491f-9aa3-26677932f65c___UF.GRC_BS_Lab Leaf 0636_final_masked.jpg,Tomato___Bacterial_spot
dataset\Tomato___healthy\e91d2c30-7a45-40db-b913-6714f9b89b1c___GH_HL Leaf 348_final_masked.jpg,Tomato___healthy
dataset\Tomato___Early_blight\c581e384-d3bd-4a55-a03a-761ebe1e4895___RS_Erly.B 7567_final_masked.jpg,Tomato___Early_blight
dataset\Tomato___healthy\c04a8a0a-2ab7-4494-9fa3-88aea29338d8___RS_HL 0015_final_masked.jpg,Tomato___healthy
dataset\Tomato___Bacterial_spot\459dc80c-b60d-4da1-9400-7e0803cb2432___UF.GRC_BS_Lab Leaf 0708_final_masked.jpg,Tomato___Bacterial_spot
dataset\Tomato___Bacterial_spot\c07fc97b-6fd7-4e55-a6e4-698184dbc5b8___GCREC_Bact.Sp 5686_final_masked.jpg,Tomato___Bacterial_spot
dataset\Tomato___healthy\583238e5-392b-40ef-9bbe-be54bda61477___RS_HL 9869_final_masked.jpg,Tomato___healthy
dataset\Tomato___Bacterial_spot\6ab6800f-13bf-4956-858c-f25c1d43fd9a___GCREC_Bact.Sp 3419_final_masked.jpg,Tomato___Bacterial_spot
dataset\Tomato___Early_blight\630ad26e-4c4e-4cfa-aa4c-75b54b5e6395___RS_Erly.B 7658_final_masked.jpg,Tomato___Early_blight
dataset\Tomato___healthy\de40125f-3f01-4c7e-9406-529d033fdb52___RS_HL 0498_final_masked.jpg,Tomato___healthy
dataset\Tomato___healthy\d764f501-de57-47f4-a648-c5ece8ec59b2___RS_HL 0409_final_masked.jpg,Tomato___healthy
dataset\Tomato___healthy\6dca3464-9e71-4edf-9ca5-746b5eebe418___GH_HL Leaf 352_final_masked.jpg,Tomato___healthy
dataset\Tomato___Late_blight\039e5d57-64e2-41de-8ccf-e44598bcedb0___RS_Late.B 6883_final_masked.jpg,Tomato___Late_blight
dataset\Tomato___Bacterial_spot\1a47b569-a868-4a45-ad81-eec12a9dae7a___GCREC_Bact.Sp 6148_final_masked.jpg,Tomato___Bacterial_spot
dataset\Tomato___Early_blight\5d0f4647-6f88-4c84-bacf-d6bc4d469c4d___RS_Erly.B 8411_final_masked.jpg,Tomato___Early_blight
dataset\Tomato___Bacterial_spot\f7b71d93-0c1e-4bfe-a00c-004ad1cd2158___GCREC_Bact.Sp 6298_final_masked.jpg,Tomato___Bacterial_spot
dataset\Tomato___Bacterial_spot\8afd7ba7-45ef-4d35-ac46-4e5e0b83301f___GCREC_Bact.Sp 3711_final_masked.jpg,Tomato___Bacterial_spot
dataset\Tomato___Bacterial_spot\53824ab2-5655-4524-916b-9900ee0b949b___UF.GRC_BS_Lab Leaf 1159_final_masked.jpg,Tomato___Bacterial_spot
dataset\Tomato___Bacterial_spot\ef19f124-1670-4f3f-a164-7057c6a33c39___GCREC_Bact.Sp 3104_final_masked.jpg,Tomato___Bacterial_spot
dataset\Tomato___healthy\13e0d497-f5fc-4fb9-9e9a-cb77bc330730___RS_HL 0397_final_masked.jpg,Tomato___healthy
dataset\Tomato___Early_blight\9407ce87-44ce-4c7f-89ae-1e497b44ae30___RS_Erly.B 9381_final_masked.jpg,Tomato___Early_blight
dataset\Tomato___Late_blight\413905e7-1e22-4f6a-a74f-2346c050a037___GHLB2 Leaf 8763_final_masked.jpg,Tomato___Late_blight
dataset\Tomato___healthy\87a77f4d-38bd-42dc-bdd3-5f2a1fa95ca7___GH_HL Leaf 469.3_final_masked.jpg,Tomato___healthy
dataset\Tomato___Bacterial_spot\7007e815-078b-4025-8aaf-89570d8300c4___UF.GRC_BS_Lab Leaf 1203_final_masked.jpg,Tomato___Bacterial_spot
dataset\Tomato___Bacterial_spot\f0ca9507-49d2-4f37-8006-a954cdfe5759___GCREC_Bact.Sp 5584_final_masked.jpg,Tomato___Bacterial_spot
dataset\Tomato___Bacterial_spot\19e29a5d-897d-4ff0-8aab-8562d74b0eb8___GCREC_Bact.Sp 6031_final_masked.jpg,Tomato___Bacterial_spot
dataset\Tomato___healthy\1d024f2a-0ceb-4560-81fc-1114e6341f02___RS_HL 0431_final_masked.jpg,Tomato___healthy
dataset\Tomato___Late_blight\5f866129-ebbd-413b-aa6e-cf149be553e7___RS_Late.B 5390_final_masked.jpg,Tomato___Late_blight
dataset\Tomato___Late_blight\64a054b2-4375-48ff-aca3-f823d64d831e___RS_Late.B 7123_final_masked.jpg,Tomato___Late_blight
dataset\Tomato___Early_blight\bef16984-17c5-4796-9496-85808dfa3a56___RS_Erly.B 9405_final_masked.jpg,Tomato___Early_blight
dataset\Tomato___Bacterial_spot\abf11f35-e792-4cab-a428-38314c5b9b66___GCREC_Bact.Sp 5757_final_masked.jpg,Tomato___Bacterial_spot
dataset\Tomato___healthy\2b8306e4-7898-4f27-b659-b0061c4c3832___RS_HL 0440_final_masked.jpg,Tomato___healthy
dataset\Tomato___Late_blight\a9d292cb-2aaf-44cd-a1ef-bec9b05308b9___RS_Late.B 7005_final_masked.jpg,Tomato___Late_blight
dataset\Tomato___Early_blight\53bb67c4-0fef-4f13-b4a3-206d06155ffc___RS_Erly.B 6434_final_masked.jpg,Tomato___Early_blight
dataset\Tomato___Late_blight\12c80d02-59c6-4db4-a96e-b28c3fdaf3c2___GHLB_PS Leaf 1.2 Day 9_final_masked.jpg,Tomato___Late_blight
dataset\Tomato___Late_blight\910c7947-dc38-4cb3-8df5-69bee6796afa___RS_Late.B 6968_final_masked.jpg,Tomato___Late_blight
dataset\Tomato___Late_blight\3a3e6df4-6493-4be6-b652-2b02b4b02d33___GHLB2 Leaf 8921_final_masked.jpg,Tomato___Late_blight
dataset\Tomato___healthy\a5de43e7-fc2f-4a14-a8e6-c0f2f94c84f1___GH_HL Leaf 434_final_masked.jpg,Tomato___healthy
dataset\Tomato___Early_blight\cf8c6e28-201c-4c8e-994f-8dcf98362e64___RS_Erly.B 7651_final_masked.jpg,Tomato___Early_blight
dataset\Tomato___Early_blight\5595a78c-8a56-4ee2-b085-a96c6fb67846___RS_Erly.B 7716_final_masked.jpg,Tomato___Early_blight
dataset\Tomato___Late_blight\4e634785-ec5c-43b9-a352-9c9deb88b117___RS_Late.B 7095_final_masked.jpg,Tomato___Late_blight
dataset\Tomato___Early_blight\d4a47a64-0c10-4a43-8712-4eee11c8cf1b___RS_Erly.B 9524_final_masked.jpg,Tomato___Early_blight
dataset\Tomato___healthy\8312b46c-abee-4c16-9790-d577e026d571___RS_HL 9860_final_masked.jpg,Tomato___healthy
dataset\Tomato___Bacterial_spot\561c1779-99be-42d0-8759-dd20091d2cbb___GCREC_Bact.Sp 5552_final_masked.jpg,Tomato___Bacterial_spot
dataset\Tomato___Early_blight\1f402ddb-f3e8-4907-a793-320c8e43446a___RS_Erly.B 9460_final_masked.jpg,Tomato___Early_blight
dataset\Tomato___Bacterial_spot\03aa14e9-9ee4-4ba2-819d-effb3d1ba398___GCREC_Bact.Sp 5801_final_masked.jpg,Tomato___Bacterial_spot
dataset\Tomato___Bacterial_spot\94d4258f-e148-4b1f-a38b-8679ababce17___UF.GRC_BS_Lab Leaf 0229_final_masked.jpg,Tomato___Bacterial_spot
dataset\Tomato___Bacterial_spot\8897f549-538f-46d9-a2f7-53eb07e7f89d___UF.GRC_BS_Lab Leaf 8885_final_masked.jpg,Tomato___Bacterial_spot
dataset\Tomato___healthy\f96987aa-d19d-415b-a68c-73a07a47d521___RS_HL 9736_final_masked.jpg,Tomato___healthy
dataset\Tomato___Bacterial_spot\4f16591e-eb1f-48d5-8271-b0872e140ac1___GCREC_Bact.Sp 6229_final_masked.jpg,Tomato___Bacterial_spot
dataset\Tomato___healthy\edbb09c6-f6e6-4ce4-ac38-e4fa0b96f4c0___GH_HL Leaf 251_final_masked.jpg,Tomato___healthy
dataset\Tomato___Late_blight\25de48a3-1b15-42cd-9e6c-795207f252c8___RS_Late.B 5237_final_masked.jpg,Tomato___Late_blight
dataset\Tomato___Bacterial_spot\fa3f0b33-f0a0-4625-b7c9-135bea953d91___GCREC_Bact.Sp 6028_final_masked.jpg,Tomato___Bacterial_spot
dataset\Tomato___Late_blight\fabba25a-e191-47c5-a468-6acf744312e1___GHLB2 Leaf 8835_final_masked.jpg,Tomato___Late_blight
dataset\Tomato___Bacterial_spot\a7c5d9df-0031-4f8d-8ba3-629353956a97___GCREC_Bact.Sp 5991_final_masked.jpg,Tomato___Bacterial_spot
dataset\Tomato___Bacterial_spot\8c1a0a73-26c9-405e-8957-8dd58df6bdf4___GCREC_Bact.Sp 3738_final_masked.jpg,Tomato___Bacterial_spot
dataset\Tomato___Bacterial_spot\4fba56f7-8e4d-4d30-bbdd-3db1ed111f61___GCREC_Bact.Sp 6062_final_masked.jpg,Tomato___Bacterial_spot
dataset\Tomato___Late_blight\b0a1ada0-f496-46a3-827e-2d721dabee59___GHLB2 Leaf 9086_final_masked.jpg,Tomato___Late_blight
dataset\Tomato___Late_blight\d966df9d-0762-4353-8b70-72c9b390013e___RS_Late.B 5591_final_masked.jpg,Tomato___Late_blight
dataset\Tomato___Bacterial_spot\0d922399-7ba5-4d12-b84e-bb4b966c58ae___GCREC_Bact.Sp 6307_final_masked.jpg,Tomato___Bacterial_spot
dataset\Tomato___healthy\c8a610ce-ef41-42b4-ad46-fe82891ac4e0___GH_HL Leaf 258_final_masked.jpg,Tomato___healthy
dataset\Tomato___Late_blight\63bd9158-43c2-4b8f-b4ee-a8935f8e3096___GHLB Leaf 1 Day 6_final_masked.jpg,Tomato___Late_blight
dataset\Tomato___Late_blight\e798b45b-9267-4cc7-a459-808f9944fd49___RS_Late.B 5003_final_masked.jpg,Tomato___Late_blight
dataset\Tomato___Bacterial_spot\05fc994d-7781-4dc5-a15c-b359f6c681a6___GCREC_Bact.Sp 6304_final_masked.jpg,Tomato___Bacterial_spot
dataset\Tomato___Bacterial_spot\abaa3e58-7511-4988-a555-b436b0aae002___GCREC_Bact.Sp 6161_final_masked.jpg,Tomato___Bacterial_spot
dataset\Tomato___healthy\784b04db-e95c-4afb-b451-1b6837d0d90e___RS_HL 0059_final_masked.jpg,Tomato___healthy
dataset\Tomato___Bacterial_spot\ee58fac2-fc57-4c63-a65b-ede727cf1d43___UF.GRC_BS_Lab Leaf 0809_final_masked.jpg,Tomato___Bacterial_spot
dataset\Tomato___Early_blight\886b8bc5-3690-4939-b5d5-066c7e62019d___RS_Erly.B 9454_final_masked.jpg,Tomato___Early_blight
dataset\Tomato___Bacterial_spot\519d4cf8-cce5-47a8-b33e-39365fb0799f___GCREC_Bact.Sp 3844_final_masked.jpg,Tomato___Bacterial_spot
dataset\Tomato___Late_blight\de8d81c6-d032-4d55-92c3-690da726fa0c___GHLB2ES Leaf 119.1_final_masked.jpg,Tomato___Late_blight
dataset\Tomato___Early_blight\004cbe60-8ff9-4965-92df-e86694d5e9ba___RS_Erly.B 8253_final_masked.jpg,Tomato___Early_blight
dataset\Tomato___Early_blight\caf4e799-6574-4eb6-81df-edd5d256fd45___RS_Erly.B 7536_final_masked.jpg,Tomato___Early_blight
dataset\Tomato___healthy\0971aa89-8f72-4f66-b4ee-dceca73add54___GH_HL Leaf 318_final_masked.jpg,Tomato___healthy
dataset\Tomato___Early_blight\f432e10d-7fd7-4517-b635-cc7677f53d8e___RS_Erly.B 9590_final_masked.jpg,Tomato___Early_blight
dataset\Tomato___healthy\a1238cae-087e-42de-824b-35a967fe43a6___RS_HL 0624_final_masked.jpg,Tomato___healthy
dataset\Tomato___healthy\1cb9d4d1-280b-479c-95a9-01f71acf70bc___RS_HL 0641_final_masked.jpg,Tomato___healthy
dataset\Tomato___Bacterial_spot\92da1c91-9a0e-4124-b596-1a5bb9018048___GCREC_Bact.Sp 5611_final_masked.jpg,Tomato___Bacterial_spot
dataset\Tomato___Late_blight\be5c294b-38cc-44b8-b404-ab7d899cb717___GHLB2 Leaf 161.1_final_masked.jpg,Tomato___Late_blight
dataset\Tomato___healthy\a7c3088b-6aeb-4e8c-97dd-4661a4cacc38___GH_HL Leaf 186_final_masked.jpg,Tomato___healthy
dataset\Tomato___Bacterial_spot\1fcebd34-f196-4909-abd1-6d9413d9b4b4___GCREC_Bact.Sp 3304_final_masked.jpg,Tomato___Bacterial_spot
dataset\Tomato___Bacterial_spot\d43a87b6-6745-4f6a-a1fb-1dec046089a2___UF.GRC_BS_Lab Leaf 0236_final_masked.jpg,Tomato___Bacterial_spot
dataset\Tomato___Early_blight\8a089fe7-9e6a-4db7-b0e8-9792e4abc326___RS_Erly.B 7466_final_masked.jpg,Tomato___Early_blight
dataset\Tomato___Late_blight\4780f75c-a79a-47e6-89a0-7ecb5d18876e___RS_Late.B 5499_final_masked.jpg,Tomato___Late_blight
dataset\Tomato___Early_blight\04ddbde3-d33c-42bf-b849-dad24d64fd6f___RS_Erly.B 7664_final_masked.jpg,Tomato___Early_blight
dataset\Tomato___Early_blight\79b737a7-eca5-4eb9-b30e-dd3e85640e55___RS_Erly.B 9492_final_masked.jpg,Tomato___Early_blight
dataset\Tomato___healthy\688c6cc1-16b4-4f4a-9491-afba5c8a64b6___GH_HL Leaf 347_final_masked.jpg,Tomato___healthy
dataset\Tomato___Bacterial_spot\5bf73067-7550-4857-aa0f-c35e7bbcb668___UF.GRC_BS_Lab Leaf 1166_final_masked.jpg,Tomato___Bacterial_spot
dataset\Tomato___Late_blight\967a0ddf-f5c4-4116-bc2b-18e1032cd8db___GHLB2 Leaf 9094_final_masked.jpg,Tomato___Late_blight
dataset\Tomato___Bacterial_spot\22a42ef8-b719-40d1-9307-8f035913daff___GCREC_Bact.Sp 3861_final_masked.jpg,Tomato___Bacterial_spot
dataset\Tomato___Bacterial_spot\dfa62ef3-e71a-49c9-b3fc-6b1c72fa3408___GCREC_Bact.Sp 3176_final_masked.jpg,Tomato___Bacterial_spot
dataset\Tomato___Late_blight\78863d29-72bb-494d-8f05-c5648130283f___GHLB2 Leaf 9112_final_masked.jpg,Tomato___Late_blight
dataset\Tomato___Bacterial_spot\e0a6cc6b-56d6-45a3-a34a-5b484212712c___UF.GRC_BS_Lab Leaf 0255_final_masked.jpg,Tomato___Bacterial_spot
dataset\Tomato___healthy\22e6625c-8075-428b-8356-fc6a97660efc___GH_HL Leaf 444_final_masked.jpg,Tomato___healthy
dataset\Tomato___Early_blight\30f2c918-bb60-4d4f-b171-7fecdfac7cac___RS_Erly.B 9543_final_masked.jpg,Tomato___Early_blight
dataset\Tomato___Late_blight\19369d60-553a-416b-9378-84f4a1d203d9___GHLB2 Leaf 9006_final_masked.jpg,Tomato___Late_blight
dataset\Tomato___Bacterial_spot\922b7e68-efd3-47d2-9f22-cbce9a45241d___GCREC_Bact.Sp 6357_final_masked.jpg,Tomato___Bacterial_spot
dataset\Tomato___Bacterial_spot\55f0b4f2-b1ff-4f01-9697-a05d12e831e4___GCREC_Bact.Sp 3620_final_masked.jpg,Tomato___Bacterial_spot
dataset\Tomato___Bacterial_spot\172458d3-8e11-4e75-9f39-d7e96e885108___GCREC_Bact.Sp 3071_final_masked.jpg,Tomato___Bacterial_spot
dataset\Tomato___Late_blight\048eddf2-6142-4031-b23a-654cc3803d01___RS_Late.B 6097_final_masked.jpg,Tomato___Late_blight
dataset\Tomato___Late_blight\a2405206-ef97-4d3c-b143-ec07ac51f89e___GHLB2 Leaf 8555_final_masked.jpg,Tomato___Late_blight
dataset\Tomato___Bacterial_spot\5065cba2-6f5c-44e9-886d-e6fb8d764891___GCREC_Bact.Sp 3599_final_masked.jpg,Tomato___Bacterial_spot
dataset\Tomato___Bacterial_spot\be485aa1-5ab6-45d4-931c-e9d90a7b5488___GCREC_Bact.Sp 3455_final_masked.jpg,Tomato___Bacterial_spot
dataset\Tomato___Bacterial_spot\91592d84-fcea-49ca-a09a-752c12b4d3fe___GCREC_Bact.Sp 3093_final_masked.jpg,Tomato___Bacterial_spot
dataset\Tomato___Late_blight\b3cc95da-557b-456d-9c5d-2ba5d9eb0e98___RS_Late.B 4930_final_masked.jpg,Tomato___Late_blight
dataset\Tomato___healthy\8d39c92d-db17-4a32-a350-1fa670fe2268___GH_HL Leaf 224_final_masked.jpg,Tomato___healthy
dataset\Tomato___healthy\6d7934cb-69fc-48fe-b493-a64b349a9094___RS_HL 9930_final_masked.jpg,Tomato___healthy
dataset\Tomato___healthy\adb15e56-fb9c-4b1f-aae1-4ec8bedecd1b___RS_HL 9712_final_masked.jpg,Tomato___healthy
dataset\Tomato___Late_blight\c7249538-0d8d-4d6e-807f-eb693e3586ff___RS_Late.B 6032_final_masked.jpg,Tomato___Late_blight
dataset\Tomato___Late_blight\674de9c3-1e13-46e2-9d5d-f75f97cff552___GHLB_PS Leaf 1 Day 18_final_masked.jpg,Tomato___Late_blight
dataset\Tomato___Bacterial_spot\eae84e72-e82f-4390-bd24-ebace76e1422___GCREC_Bact.Sp 3161_final_masked.jpg,Tomato___Bacterial_spot
dataset\Tomato___Bacterial_spot\47ad1c56-26d9-46b8-a7b0-473a56024129___GCREC_Bact.Sp 3856_final_masked.jpg,Tomato___Bacterial_spot
dataset\Tomato___Bacterial_spot\bcd94233-e103-4604-8c04-67177af3c7e0___GCREC_Bact.Sp 6233_final_masked.jpg,Tomato___Bacterial_spot
dataset\Tomato___Bacterial_spot\9955425d-d21e-4318-a394-099e4e5db3d3___GCREC_Bact.Sp 3646_final_masked.jpg,Tomato___Bacterial_spot
dataset\Tomato___Early_blight\8597694d-3162-40ab-9f5b-e8c7cf03e045___RS_Erly.B 9485_final_masked.jpg,Tomato___Early_blight
dataset\Tomato___Early_blight\f9f35406-f925-4c34-a1f5-0f73563033a0___RS_Erly.B 7570_final_masked.jpg,Tomato___Early_blight
dataset\Tomato___Bacterial_spot\4bd24403-eb33-4848-b47e-39e4d48333fa___GCREC_Bact.Sp 3713_final_masked.jpg,Tomato___Bacterial_spot
dataset\Tomato___Early_blight\3f35dad7-734b-46ee-8193-09fd3c8562ff___RS_Erly.B 7600_final_masked.jpg,Tomato___Early_blight
dataset\Tomato___Early_blight\cbff5638-51d0-4eae-90a2-9ce6e00acf9b___RS_Erly.B 9456_final_masked.jpg,Tomato___Early_blight
dataset\Tomato___Late_blight\24364b4f-3f9f-4166-860d-34a938d3d630___RS_Late.B 4986_final_masked.jpg,Tomato___Late_blight
dataset\Tomato___healthy\f1e20811-da4e-4f0f-b8ee-f325d90f6481___RS_HL 0084_final_masked.jpg,Tomato___healthy
dataset\Tomato___Late_blight\aa358a07-3140-4f44-861b-dcd99f943b09___RS_Late.B 5542_final_masked.jpg,Tomato___Late_blight
dataset\Tomato___Early_blight\dc5fc62b-20c7-441b-bd70-aa24790302eb___RS_Erly.B 9510_final_masked.jpg,Tomato___Early_blight
dataset\Tomato___Bacterial_spot\e7c9c9ed-9e51-4056-93c7-f1ddf74f2ebc___UF.GRC_BS_Lab Leaf 0945_final_masked.jpg,Tomato___Bacterial_spot
dataset\Tomato___Bacterial_spot\5d75ed9b-3a40-4e40-ad3c-b2fc58f9d9a3___GCREC_Bact.Sp 6239_final_masked.jpg,Tomato___Bacterial_spot
dataset\Tomato___healthy\668e811e-7b65-404e-9bc5-6519efb1c708___RS_HL 0160_final_masked.jpg,Tomato___healthy
dataset\Tomato___Late_blight\248676f8-84e6-42ad-9f06-dad7acd1ca4e___RS_Late.B 5146_final_masked.jpg,Tomato___Late_blight
dataset\Tomato___Late_blight\d1f8e85b-aa57-460d-8ea2-90ceb345478c___GHLB Leaf 2.7 Day 12_final_masked.jpg,Tomato___Late_blight
dataset\Tomato___Late_blight\b15c92e9-6973-415c-80fe-82703ff722f7___RS_Late.B 4994_final_masked.jpg,Tomato___Late_blight
dataset\Tomato___Bacterial_spot\305f208d-466d-464e-ad05-9b864dea3316___GCREC_Bact.Sp 6217_final_masked.jpg,Tomato___Bacterial_spot
dataset\Tomato___Bacterial_spot\65ef97f0-f2d6-4867-b48d-8fa8f760f31d___UF.GRC_BS_Lab Leaf 0502_final_masked.jpg,Tomato___Bacterial_spot
dataset\Tomato___Bacterial_spot\e895970c-cab7-4175-b8c1-4b62320dbbb5___GCREC_Bact.Sp 6108_final_masked.jpg,Tomato___Bacterial_spot
dataset\Tomato___Bacterial_spot\0f2247f4-7ffe-409c-9833-ce8a7723ee02___GCREC_Bact.Sp 6080_final_masked.jpg,Tomato___Bacterial_spot
dataset\Tomato___Bacterial_spot\eaf64b81-ac2a-4c85-8c15-da1986a12b7a___GCREC_Bact.Sp 3683_final_masked.jpg,Tomato___Bacterial_spot
dataset\Tomato___Bacterial_spot\95665d23-88a6-4a4d-99d0-437c5b9a0505___GCREC_Bact.Sp 5614_final_masked.jpg,Tomato___Bacterial_spot
dataset\Tomato___healthy\ec3bb20a-2c19-421b-a4ce-7c06f18914eb___RS_HL 0609_final_masked.jpg,Tomato___healthy
dataset\Tomato___Late_blight\dcf0db57-e7d2-487f-b9df-2ec299e0ee48___GHLB_PS Leaf 17.1 Day 8_final_masked.jpg,Tomato___Late_blight
dataset\Tomato___Late_blight\0ba7d3d8-5c4c-4365-ba0c-69f61e96a36e___RS_Late.B 5312_final_masked.jpg,Tomato___Late_blight
dataset\Tomato___Bacterial_spot\b19191da-a846-4e30-85b2-a028e1d85376___UF.GRC_BS_Lab Leaf 8635_final_masked.jpg,Tomato___Bacterial_spot
dataset\Tomato___Early_blight\dbbc206a-90ab-4b29-abe0-5613028278be___RS_Erly.B 8409_final_masked.jpg,Tomato___Early_blight
dataset\Tomato___Bacterial_spot\502fb732-b98c-4472-9bf3-5a0c038492fc___UF.GRC_BS_Lab Leaf 8642_final_masked.jpg,Tomato___Bacterial_spot
dataset\Tomato___Bacterial_spot\cfe7ebae-8e0f-4b12-8aae-d76fd249b2c4___GCREC_Bact.Sp 6342_final_masked.jpg,Tomato___Bacterial_spot
dataset\Tomato___Early_blight\1e02dbef-ecc2-4c1b-ae5a-b90057505574___RS_Erly.B 9475_final_masked.jpg,Tomato___Early_blight
dataset\Tomato___healthy\b2deac55-9527-41dc-9b02-36097d4a8d21___RS_HL 0152_final_masked.jpg,Tomato___healthy
dataset\Tomato___Bacterial_spot\7f4e7217-5d75-432f-824f-c175dedbfe06___GCREC_Bact.Sp 3762_final_masked.jpg,Tomato___Bacterial_spot
dataset\Tomato___Bacterial_spot\a8e2a35e-8392-44cb-9b1d-da43d9127f88___UF.GRC_BS_Lab Leaf 9284_final_masked.jpg,Tomato___Bacterial_spot
dataset\Tomato___Bacterial_spot\45fdc702-5ea8-43a9-acad-2bd8d3fe5c55___GCREC_Bact.Sp 3636_final_masked.jpg,Tomato___Bacterial_spot
dataset\Tomato___Bacterial_spot\b1229b90-496b-4489-a1ca-cc6fbbeb4fbd___GCREC_Bact.Sp 6260_final_masked.jpg,Tomato___Bacterial_spot
dataset\Tomato___healthy\e12936ac-7354-434c-b857-1e742e383dd5___RS_HL 9878_final_masked.jpg,Tomato___healthy
dataset\Tomato___Early_blight\7bd63940-1890-4263-8c8c-e0c743bb51ce___RS_Erly.B 9487_final_masked.jpg,Tomato___Early_blight
dataset\Tomato___healthy\55d65bad-6553-42a7-916d-6276b3da83b2___RS_HL 0459_final_masked.jpg,Tomato___healthy
dataset\Tomato___Late_blight\1a69b38b-c4eb-42c4-9584-bcb14fb8db0c___GHLB2 Leaf 9011_final_masked.jpg,Tomato___Late_blight
dataset\Tomato___Late_blight\eed357a4-620c-42ef-b626-cb3b5026abca___GHLB2 Leaf 8970_final_masked.jpg,Tomato___Late_blight
dataset\Tomato___Early_blight\96418ba8-a05f-4dea-9f8c-d4310ee564be___RS_Erly.B 7620_final_masked.jpg,Tomato___Early_blight
dataset\Tomato___healthy\a06cd500-b782-4be6-8f7a-377c9ed5ceab___RS_HL 9648_final_masked.jpg,Tomato___healthy
dataset\Tomato___Early_blight\90ede7d6-c45b-4a97-8e77-9e8f66206418___RS_Erly.B 9581_final_masked.jpg,Tomato___Early_blight
dataset\Tomato___healthy\29ff6f63-9b09-4833-8d76-00af9c7b6495___GH_HL Leaf 320.2_final_masked.jpg,Tomato___healthy
dataset\Tomato___Late_blight\81cb76c4-86f6-4af3-a11a-ad827fff857c___RS_Late.B 5074_final_masked.jpg,Tomato___Late_blight
dataset\Tomato___Late_blight\4ef693d7-c1e2-4dbc-896d-874b5eb15d13___GHLB2 Leaf 8877_final_masked.jpg,Tomato___Late_blight
dataset\Tomato___Bacterial_spot\fa7ce242-fd51-411b-87bd-9b87cb734c47___GCREC_Bact.Sp 6387_final_masked.jpg,Tomato___Bacterial_spot
dataset\Tomato___Late_blight\a38d671f-4582-4ee9-b994-63f2343821e8___GHLB2 Leaf 8592_final_masked.jpg,Tomato___Late_blight
dataset\Tomato___Bacterial_spot\7c81f26b-847a-4781-990c-6b2b84280037___UF.GRC_BS_Lab Leaf 9314_final_masked.jpg,Tomato___Bacterial_spot
dataset\Tomato___Bacterial_spot\65476dd0-6a5b-4623-b97d-96d74dcdbe03___GCREC_Bact.Sp 3842_final_masked.jpg,Tomato___Bacterial_spot
dataset\Tomato___Early_blight\7e236dc3-40e2-4ff9-8356-4fb7a3fcc0ff___RS_Erly.B 6426_final_masked.jpg,Tomato___Early_blight
dataset\Tomato___Bacterial_spot\934f7497-94be-4557-8e25-6bc9b27ba7ba___UF.GRC_BS_Lab Leaf 0392_final_masked.jpg,Tomato___Bacterial_spot
dataset\Tomato___Bacterial_spot\6f825e2c-3ee2-4250-8c60-9ec3026d6a85___GCREC_Bact.Sp 3118_final_masked.jpg,Tomato___Bacterial_spot
dataset\Tomato___Early_blight\abb2b25f-a1a8-49c7-8bc9-a66dc224481d___RS_Erly.B 9573_final_masked.jpg,Tomato___Early_blight
dataset\Tomato___Bacterial_spot\f83e2dfd-ffd2-4da7-ba80-7a18bfdb9bc9___GCREC_Bact.Sp 3485_final_masked.jpg,Tomato___Bacterial_spot
dataset\Tomato___healthy\afb36858-a9e4-45d0-8b7a-2e4a8e8bf72c___RS_HL 0286_final_masked.jpg,Tomato___healthy
dataset\Tomato___Bacterial_spot\433edf15-2e97-4582-8305-a0805ff6f271___GCREC_Bact.Sp 6073_final_masked.jpg,Tomato___Bacterial_spot
dataset\Tomato___healthy\fb123526-11fd-4d0d-96cc-3423da0b61a2___RS_HL 9756_final_masked.jpg,Tomato___healthy
dataset\Tomato___Early_blight\e803b217-d9a9-4b0d-9ea1-679145625159___RS_Erly.B 9571_final_masked.jpg,Tomato___Early_blight
dataset\Tomato___Late_blight\534d2c9b-34ad-4786-b2dd-fd73c8e4d005___GHLB2 Leaf 8852_final_masked.jpg,Tomato___Late_blight
dataset\Tomato___Early_blight\4deeae7f-b339-4d5b-969c-b69ea27c1636___RS_Erly.B 7736_final_masked.jpg,Tomato___Early_blight
dataset\Tomato___Late_blight\3811b546-53ab-4856-a1b2-b228229b09a4___RS_Late.B 6131_final_masked.jpg,Tomato___Late_blight
dataset\Tomato___Bacterial_spot\d0246f26-0f37-4dd0-b6fa-40f03fedaa39___UF.GRC_BS_Lab Leaf 0424_final_masked.jpg,Tomato___Bacterial_spot
dataset\Tomato___Early_blight\0f12e22b-49a9-4d9a-84bc-76bb86ed2a14___RS_Erly.B 9572_final_masked.jpg,Tomato___Early_blight
dataset\Tomato___Bacterial_spot\6d746b6c-52f8-4831-b541-c74d0984c130___GCREC_Bact.Sp 3169_final_masked.jpg,Tomato___Bacterial_spot
dataset\Tomato___healthy\5b626f17-8c30-4b6e-bd66-8da2b7476326___RS_HL 9851_final_masked.jpg,Tomato___healthy
dataset\Tomato___Late_blight\700fdedf-00ca-4fbc-9871-ad67425777db___GHLB2 Leaf 8777_final_masked.jpg,Tomato___Late_blight
dataset\Tomato___Late_blight\2e5a8b76-c1d5-432c-bbde-7589e087b120___GHLB2 Leaf 8976_final_masked.jpg,Tomato___Late_blight
dataset\Tomato___Bacterial_spot\6fbea9aa-cc3b-46be-a066-a762cd659113___GCREC_Bact.Sp 6024_final_masked.jpg,Tomato___Bacterial_spot
dataset\Tomato___Late_blight\4fc2334d-be0a-45f9-970d-be7a0f6a6c2a___RS_Late.B 6268_final_masked.jpg,Tomato___Late_blight
dataset\Tomato___Late_blight\af7021ea-5138-4b6f-9ee5-c05daf993791___GHLB2 Leaf 77.1_final_masked.jpg,Tomato___Late_blight
dataset\Tomato___Late_blight\f2443e0e-d34e-4e25-aa5d-9653e2dd36ca___RS_Late.B 6465_final_masked.jpg,Tomato___Late_blight
dataset\Tomato___Early_blight\d98cdabc-9183-4829-aa46-d40538d25462___RS_Erly.B 7554_final_masked.jpg,Tomato___Early_blight
dataset\Tomato___Late_blight\10d91c8f-6d77-4c15-ad21-459688b52055___GHLB2 Leaf 154.4_final_masked.jpg,Tomato___Late_blight
dataset\Tomato___Late_blight\e56aa8e4-cb6f-4333-816b-3494fc4fe25e___GHLB2 Leaf 8764_final_masked.jpg,Tomato___Late_blight
dataset\Tomato___Late_blight\a0cdaa93-f328-466d-9722-57a29c53e18b___RS_Late.B 7006_final_masked.jpg,Tomato___Late_blight
dataset\Tomato___Late_blight\e3df7441-295f-4a70-833c-4127b5b738d5___GHLB2 Leaf 8760_final_masked.jpg,Tomato___Late_blight
dataset\Tomato___healthy\06d3fe74-beca-4722-ae07-eeb671b82780___RS_HL 9701_final_masked.jpg,Tomato___healthy
dataset\Tomato___healthy\065cd824-d515-49f6-a68a-c1b6dd313472___RS_HL 0139_final_masked.jpg,Tomato___healthy
dataset\Tomato___healthy\ff774aec-2504-4d11-8a61-2fd74c689a6f___RS_HL 9904_final_masked.jpg,Tomato___healthy
dataset\Tomato___Bacterial_spot\8a19d8fe-d257-40b7-9c98-34dc3d7bc39e___GCREC_Bact.Sp 5873_final_masked.jpg,Tomato___Bacterial_spot
dataset\Tomato___Early_blight\c163bdbd-0c60-44da-be29-a1d0cad71b72___RS_Erly.B 8343_final_masked.jpg,Tomato___Early_blight
dataset\Tomato___healthy\6ab4b4b5-3d4f-496b-9b08-7fa87bcfe875___RS_HL 9670_final_masked.jpg,Tomato___healthy
dataset\Tomato___Early_blight\289ba10b-f518-445a-8c54-cc981e2ffe34___RS_Erly.B 7399_final_masked.jpg,Tomato___Early_blight
dataset\Tomato___Bacterial_spot\ddfa387b-e1ba-4033-aea8-e6644c19b0fa___GCREC_Bact.Sp 3563_final_masked.jpg,Tomato___Bacterial_spot
dataset\Tomato___Late_blight\44673e7b-c880-4853-8816-065724e6c1ec___GHLB2 Leaf 8745_final_masked.jpg,Tomato___Late_blight
dataset\Tomato___Late_blight\e27901d0-1f93-4342-a8d1-6e19f234b296___GHLB2 Leaf 8916_final_masked.jpg,Tomato___Late_blight
dataset\Tomato___Late_blight\bf6cc0d5-0c8c-4a49-80d1-970c3e691073___RS_Late.B 4987_final_masked.jpg,Tomato___Late_blight
dataset\Tomato___healthy\7e37d8c3-2f62-4a95-b430-34746cb25776___RS_HL 0188_final_masked.jpg,Tomato___healthy
dataset\Tomato___Late_blight\e877b612-7d3e-4ad9-81ae-5dd50979fbb1___RS_Late.B 4949_final_masked.jpg,Tomato___Late_blight
dataset\Tomato___Early_blight\efb0d54f-53c7-4a6a-a194-2bd449799c8c___RS_Erly.B 7726_final_masked.jpg,Tomato___Early_blight
dataset\Tomato___healthy\af409ada-072e-4b27-ab15-5cd00116f82e___RS_HL 9824_final_masked.jpg,Tomato___healthy
dataset\Tomato___Bacterial_spot\f8c5fd52-52f4-4dca-aed6-171813775027___GCREC_Bact.Sp 3036_final_masked.jpg,Tomato___Bacterial_spot
dataset\Tomato___Late_blight\6ed34168-5646-44ae-8279-1d9ae0f4e962___RS_Late.B 6633_final_masked.jpg,Tomato___Late_blight
dataset\Tomato___Late_blight\65911337-0263-4cfa-a89d-9acf3f5eb39a___GHLB2 Leaf 8681_final_masked.jpg,Tomato___Late_blight
dataset\Tomato___Late_blight\86a83826-1cb7-458c-8999-91455fb9b4b0___GHLB2 Leaf 96.1_final_masked.jpg,Tomato___Late_blight
dataset\Tomato___Early_blight\dc4cc3e3-0181-48e9-93a2-7c019df0e04b___RS_Erly.B 9513_final_masked.jpg,Tomato___Early_blight
dataset\Tomato___healthy\80ad21d3-4571-49bd-a96e-2f75e9a9b673___RS_HL 9729_final_masked.jpg,Tomato___healthy
dataset\Tomato___Late_blight\16064ecf-b035-4531-a6c0-d654dfccd6de___GHLB2 Leaf 8570_final_masked.jpg,Tomato___Late_blight
dataset\Tomato___Early_blight\24f5a397-b5ac-451c-b979-28ee2bb056e6___RS_Erly.B 7795_final_masked.jpg,Tomato___Early_blight
dataset\Tomato___Bacterial_spot\bf25e8b0-1397-4fe7-ab01-655c01abdcfb___GCREC_Bact.Sp 3261_final_masked.jpg,Tomato___Bacterial_spot
dataset\Tomato___Bacterial_spot\9fc3b924-71f1-40a6-8826-de89c9e34e52___GCREC_Bact.Sp 3050_final_masked.jpg,Tomato___Bacterial_spot
dataset\Tomato___Early_blight\59dbd132-6e6c-4127-a218-b7602cbee670___RS_Erly.B 9449_final_masked.jpg,Tomato___Early_blight
dataset\Tomato___Early_blight\8ac21e2c-f953-4e96-8d43-e82dae24017e___RS_Erly.B 7459_final_masked.jpg,Tomato___Early_blight
dataset\Tomato___Early_blight\20459a26-c07a-4592-baf8-6d4172c23cec___RS_Erly.B 8358_final_masked.jpg,Tomato___Early_blight
dataset\Tomato___healthy\8db2e3c6-c5d9-41ec-9977-7b1a71964f24___GH_HL Leaf 501.2_final_masked.jpg,Tomato___healthy
dataset\Tomato___Early_blight\3d7f5e7a-3149-4bce-8fc3-f0df073d5a73___RS_Erly.B 7518_final_masked.jpg,Tomato___Early_blight
dataset\Tomato___Late_blight\06f654df-cf43-4fd6-b30f-78425136bc35___GHLB2 Leaf 86.2_final_masked.jpg,Tomato___Late_blight
dataset\Tomato___Bacterial_spot\919a61ac-2dc9-4eb7-8503-3b04fc0ce109___UF.GRC_BS_Lab Leaf 0303_final_masked.jpg,Tomato___Bacterial_spot
dataset\Tomato___Bacterial_spot\7b3ae7bd-0438-47a3-88ef-f8096e0fca60___GCREC_Bact.Sp 3229_final_masked.jpg,Tomato___Bacterial_spot
dataset\Tomato___Bacterial_spot\12440deb-4c37-42ed-a6ea-dcb018b52620___GCREC_Bact.Sp 3436_final_masked.jpg,Tomato___Bacterial_spot
dataset\Tomato___Bacterial_spot\b9d33a88-ed9a-4e64-a83e-b3deff976155___GCREC_Bact.Sp 3059_final_masked.jpg,Tomato___Bacterial_spot
dataset\Tomato___Late_blight\2821660a-106c-4e22-9167-6c22f0dd692b___GHLB2 Leaf 8712_final_masked.jpg,Tomato___Late_blight
dataset\Tomato___healthy\fcf52850-1cc7-4b7a-8e89-3c3ec1f4be1d___RS_HL 9766_final_masked.jpg,Tomato___healthy
dataset\Tomato___Bacterial_spot\bfd9caac-aa4c-4be2-91be-23f2ee32da9f___GCREC_Bact.Sp 5776_final_masked.jpg,Tomato___Bacterial_spot
dataset\Tomato___Late_blight\7076ebe9-be52-4b6e-a667-a3ce940a0cbc___RS_Late.B 5392_final_masked.jpg,Tomato___Late_blight
dataset\Tomato___healthy\05598cc1-60b9-4436-a233-973c42eff2d6___GH_HL Leaf 503.1_final_masked.jpg,Tomato___healthy
dataset\Tomato___Late_blight\d648ce42-6742-44b2-95b9-a01b24e3054a___RS_Late.B 6116_final_masked.jpg,Tomato___Late_blight
dataset\Tomato___healthy\48af8eac-8662-400b-a0bb-024a28ed3cc9___RS_HL 0266_final_masked.jpg,Tomato___healthy
dataset\Tomato___Bacterial_spot\eded37cb-c3b5-4b5b-be22-cc20aa142d24___GCREC_Bact.Sp 5677_final_masked.jpg,Tomato___Bacterial_spot
dataset\Tomato___healthy\9c3ad610-7677-4f3c-9646-88069e0c61cb___GH_HL Leaf 449.2_final_masked.jpg,Tomato___healthy
dataset\Tomato___Bacterial_spot\54f6ee80-e418-4320-b8bc-789e702c4b14___GCREC_Bact.Sp 6328_final_masked.jpg,Tomato___Bacterial_spot
dataset\Tomato___healthy\c14e3118-373b-4164-8f54-6c4239908d0f___GH_HL Leaf 488_final_masked.jpg,Tomato___healthy
dataset\Tomato___Early_blight\0f4e562d-77ee-47c2-8ee9-34b391bc0fc3___RS_Erly.B 9434_final_masked.jpg,Tomato___Early_blight
dataset\Tomato___healthy\83eb200d-ef9d-4b98-b4c1-58b7f0b169e4___RS_HL 0421_final_masked.jpg,Tomato___healthy
dataset\Tomato___Late_blight\5c33bdb3-8101-4b21-a9d1-8d490bb22e16___GHLB2 Leaf 8971_final_masked.jpg,Tomato___Late_blight
dataset\Tomato___healthy\fb084c48-8c42-43a1-8193-191ba873bd2d___GH_HL Leaf 514.1_final_masked.jpg,Tomato___healthy
dataset\Tomato___Late_blight\d81682aa-746b-4e07-af2b-52ebb6f4c017___GHLB2 Leaf 102_final_masked.jpg,Tomato___Late_blight
dataset\Tomato___Bacterial_spot\5c04a777-eb5c-4864-9c18-bc39d0c4dd2a___GCREC_Bact.Sp 5969_final_masked.jpg,Tomato___Bacterial_spot
dataset\Tomato___healthy\0d259481-e08d-459d-aa92-fe05e1524742___GH_HL Leaf 253.1_final_masked.jpg,Tomato___healthy
dataset\Tomato___Late_blight\532b2c20-d17b-4b3e-a69e-54a6e5343014___GHLB2 Leaf 9004_final_masked.jpg,Tomato___Late_blight
dataset\Tomato___Bacterial_spot\8f5439b2-dd11-4410-a0c0-1446c13c30b5___GCREC_Bact.Sp 3448_final_masked.jpg,Tomato___Bacterial_spot
dataset\Tomato___Bacterial_spot\68b70241-b295-4f1b-b28b-b15cc3e997d3___UF.GRC_BS_Lab Leaf 8601_final_masked.jpg,Tomato___Bacterial_spot
dataset\Tomato___Bacterial_spot\da471a01-eb1c-4b89-9b21-6dee2719c200___UF.GRC_BS_Lab Leaf 0495_final_masked.jpg,Tomato___Bacterial_spot
dataset\Tomato___healthy\79e298b2-32c5-40c6-abb7-67bb7f174751___GH_HL Leaf 391_final_masked.jpg,Tomato___healthy
dataset\Tomato___Bacterial_spot\f2cd6d62-01d1-4396-99f7-af3137a3bdc0___GCREC_Bact.Sp 5890_final_masked.jpg,Tomato___Bacterial_spot
dataset\Tomato___Bacterial_spot\9cb02c7d-6a6e-4e30-bce8-ea903db9b475___GCREC_Bact.Sp 5641_final_masked.jpg,Tomato___Bacterial_spot
dataset\Tomato___Early_blight\42ee69ea-4c2d-4e65-9c66-e3154dd08375___RS_Erly.B 8428_final_masked.jpg,Tomato___Early_blight
dataset\Tomato___healthy\381203e7-7030-4782-9e47-24d50969931a___RS_HL 9759_final_masked.jpg,Tomato___healthy
dataset\Tomato___Bacterial_spot\32198276-01c5-4088-bb55-2ccae3c95c87___GCREC_Bact.Sp 3015_final_masked.jpg,Tomato___Bacterial_spot
dataset\Tomato___healthy\bc21b9df-de42-4899-991c-065035815af4___RS_HL 0569_final_masked.jpg,Tomato___healthy
dataset\Tomato___Late_blight\b4aa6858-29d7-4ff7-9225-e5f003ce8566___GHLB2 Leaf 8856_final_masked.jpg,Tomato___Late_blight
dataset\Tomato___Bacterial_spot\2f3e2c44-a83b-4f72-a831-ac42aec1020e___UF.GRC_BS_Lab Leaf 0211_final_masked.jpg,Tomato___Bacterial_spot
dataset\Tomato___Bacterial_spot\f9fc3cdb-7205-4898-ae4d-0125ffab1066___GCREC_Bact.Sp 5917_final_masked.jpg,Tomato___Bacterial_spot
dataset\Tomato___healthy\0bfe260c-a71e-474e-bfb1-78f1e5ca5698___RS_HL 0497_final_masked.jpg,Tomato___healthy
dataset\Tomato___Early_blight\5ba2c9ec-1d6f-4870-933d-6c9d05833d47___RS_Erly.B 6337_final_masked.jpg,Tomato___Early_blight
dataset\Tomato___Bacterial_spot\d1c21ca6-efc2-48f3-a1be-1593320db75c___GCREC_Bact.Sp 3623_final_masked.jpg,Tomato___Bacterial_spot
dataset\Tomato___healthy\a424fe57-c3ff-400e-ac88-000ca1781300___RS_HL 9802_final_masked.jpg,Tomato___healthy
dataset\Tomato___Bacterial_spot\b0fc7984-f1bf-4d50-b495-0a363445158f___UF.GRC_BS_Lab Leaf 9102_final_masked.jpg,Tomato___Bacterial_spot
dataset\Tomato___healthy\541d6033-1cc7-4c86-a37b-423bc08d25a7___RS_HL 9973_final_masked.jpg,Tomato___healthy
dataset\Tomato___Early_blight\c084fdcc-8347-4e73-be57-e66840ffba28___RS_Erly.B 7787_final_masked.jpg,Tomato___Early_blight
dataset\Tomato___healthy\ba5a98fb-b13c-4984-984f-d05a60ad9dfb___RS_HL 9716_final_masked.jpg,Tomato___healthy
dataset\Tomato___healthy\f7069452-9405-45a6-bfb3-f21ea42b9b02___RS_HL 9966_final_masked.jpg,Tomato___healthy
dataset\Tomato___Bacterial_spot\68b7d7af-1071-42db-80b7-2d46261b9dff___GCREC_Bact.Sp 6132_final_masked.jpg,Tomato___Bacterial_spot
dataset\Tomato___Late_blight\16441ce5-dcfa-411c-8029-cef10b3f6474___GHLB2 Leaf 8687_final_masked.jpg,Tomato___Late_blight
dataset\Tomato___Late_blight\9d933bc8-f52e-4000-9ecb-d0d465c5c3ee___RS_Late.B 6660_final_masked.jpg,Tomato___Late_blight
dataset\Tomato___Late_blight\e3c4a4e5-4ec3-404f-8dbd-7de9dd3f184a___RS_Late.B 5073_final_masked.jpg,Tomato___Late_blight
dataset\Tomato___Late_blight\577ab276-9a57-4b43-ae4f-85f723ed10bc___RS_Late.B 6870_final_masked.jpg,Tomato___Late_blight
dataset\Tomato___Bacterial_spot\213539dc-f50d-4f98-a380-4fcfc575d208___UF.GRC_BS_Lab Leaf 9122_final_masked.jpg,Tomato___Bacterial_spot
dataset\Tomato___Late_blight\88e31b4e-77e8-46ed-8e90-e48e6ec4e8eb___RS_Late.B 7077_final_masked.jpg,Tomato___Late_blight
dataset\Tomato___Bacterial_spot\f248467c-ef23-484b-99d3-019559f58f4d___UF.GRC_BS_Lab Leaf 0407_final_masked.jpg,Tomato___Bacterial_spot
dataset\Tomato___Late_blight\914e1c39-d7e1-4b6e-83be-254ab705746b___GHLB2 Leaf 101.3_final_masked.jpg,Tomato___Late_blight
dataset\Tomato___healthy\dd7d8e47-35f8-4c97-900b-f095694c38ed___GH_HL Leaf 313_final_masked.jpg,Tomato___healthy
dataset\Tomato___Bacterial_spot\52b03992-9fe9-4829-bb4d-54f1b4b6a03e___GCREC_Bact.Sp 6194_final_masked.jpg,Tomato___Bacterial_spot
dataset\Tomato___Late_blight\fd26b445-5839-4337-858c-a91dfdd812cc___GHLB2 Leaf 8743_final_masked.jpg,Tomato___Late_blight
dataset\Tomato___Bacterial_spot\a4eb83fb-cf1e-4f5d-9966-da27478c697c___GCREC_Bact.Sp 6197_final_masked.jpg,Tomato___Bacterial_spot
dataset\Tomato___Bacterial_spot\e0f17fdb-6487-4087-8e72-de93c881ebb2___GCREC_Bact.Sp 5719_final_masked.jpg,Tomato___Bacterial_spot
dataset\Tomato___Bacterial_spot\25a52867-003f-4390-a80d-03c63c038e9a___UF.GRC_BS_Lab Leaf 0341_final_masked.jpg,Tomato___Bacterial_spot
dataset\Tomato___Early_blight\398d72f7-db26-4138-9364-eb506f9495f4___RS_Erly.B 9450_final_masked.jpg,Tomato___Early_blight
dataset\Tomato___healthy\0f5a5880-c1f1-4356-8336-d65c69b54cc1___GH_HL Leaf 380.1JPG_final_masked.jpg,Tomato___healthy
dataset\Tomato___Early_blight\bcae6e76-f374-446e-b5c3-a7d18f1444f6___RS_Erly.B 7643_final_masked.jpg,Tomato___Early_blight
dataset\Tomato___Bacterial_spot\ecba62cb-3f58-4de1-90a3-94e0ae818bc6___UF.GRC_BS_Lab Leaf 9124_final_masked.jpg,Tomato___Bacterial_spot
dataset\Tomato___Late_blight\4aeaacd8-ff6e-4d01-86d1-0a51c626cc99___GHLB2 Leaf 8943_final_masked.jpg,Tomato___Late_blight
dataset\Tomato___Late_blight\0d7b0e84-1c99-4699-84ed-ca86aec642e5___GHLB2 Leaf 8652_final_masked.jpg,Tomato___Late_blight
dataset\Tomato___Bacterial_spot\c41baf9d-cf9e-4acb-a7a8-bb0c7e201621___GCREC_Bact.Sp 3492_final_masked.jpg,Tomato___Bacterial_spot
dataset\Tomato___Bacterial_spot\0aa1c431-682b-4a6e-af5f-2a7081ea2e97___GCREC_Bact.Sp 3622_final_masked.jpg,Tomato___Bacterial_spot
dataset\Tomato___Early_blight\7b377a4c-886c-46c5-8a57-a636cc47c9a8___RS_Erly.B 6475_final_masked.jpg,Tomato___Early_blight
dataset\Tomato___Bacterial_spot\82b9b632-6609-4f02-b58c-63480badb4e9___GCREC_Bact.Sp 6164_final_masked.jpg,Tomato___Bacterial_spot
dataset\Tomato___healthy\d030352a-d87f-4ee2-a619-bc68d9896004___GH_HL Leaf 197_final_masked.jpg,Tomato___healthy
dataset\Tomato___Bacterial_spot\11a25ab9-8a55-4891-898c-ef29c0502fa2___GCREC_Bact.Sp 3531_final_masked.jpg,Tomato___Bacterial_spot
dataset\Tomato___Bacterial_spot\8a9a8f3a-945b-4921-87a2-2532654a0092___GCREC_Bact.Sp 6059_final_masked.jpg,Tomato___Bacterial_spot
dataset\Tomato___Bacterial_spot\98d7bfb4-4200-453f-8ebb-98019900a55c___GCREC_Bact.Sp 6201_final_masked.jpg,Tomato___Bacterial_spot
dataset\Tomato___Bacterial_spot\b5f208b2-bfa5-4542-bbd3-265519820575___GCREC_Bact.Sp 6127_final_masked.jpg,Tomato___Bacterial_spot
dataset\Tomato___healthy\6f489b75-4fca-4aae-834d-409db790224b___GH_HL Leaf 205_final_masked.jpg,Tomato___healthy
dataset\Tomato___Bacterial_spot\a129e8eb-e2b4-4a8a-a509-f6625da6b11c___GCREC_Bact.Sp 3002_final_masked.jpg,Tomato___Bacterial_spot
dataset\Tomato___healthy\6d2b6ab9-dd43-446a-ae14-0fc3fb12b9ca___GH_HL Leaf 265.2_final_masked.jpg,Tomato___healthy
dataset\Tomato___healthy\739d1e6a-f835-4ff4-ab1c-33946def661a___GH_HL Leaf 219_final_masked.jpg,Tomato___healthy
dataset\Tomato___Bacterial_spot\6dc6ed46-c38b-4ebd-8985-80f83ebd709e___GCREC_Bact.Sp 2954_final_masked.jpg,Tomato___Bacterial_spot
dataset\Tomato___Late_blight\ff735d59-0023-4c97-853c-ff4083ba96d6___RS_Late.B 6263_final_masked.jpg,Tomato___Late_blight
dataset\Tomato___healthy\5c51ad21-b0e9-4b61-8980-d5e7a225b594___GH_HL Leaf 485_final_masked.jpg,Tomato___healthy
dataset\Tomato___Bacterial_spot\409570ee-0708-46a7-a65b-592a682cf3cc___GCREC_Bact.Sp 2986_final_masked.jpg,Tomato___Bacterial_spot
dataset\Tomato___healthy\ba541656-6ae6-4471-8c17-7144e4c23edf___RS_HL 9947_final_masked.jpg,Tomato___healthy
dataset\Tomato___Late_blight\3889dc64-ba9e-4ac1-b6e3-06d5c84bee0a___GHLB2 Leaf 8866_final_masked.jpg,Tomato___Late_blight
dataset\Tomato___Late_blight\16c1763a-8e49-436c-865e-be56d8dadf4f___GHLB2 Leaf 9107_final_masked.jpg,Tomato___Late_blight
dataset\Tomato___Bacterial_spot\a75ed4a7-c1c6-4c44-ab20-61326f59021b___GCREC_Bact.Sp 3587_final_masked.jpg,Tomato___Bacterial_spot
dataset\Tomato___healthy\087e3b12-a80b-435f-8973-a3b07888f8b4___RS_HL 9847_final_masked.jpg,Tomato___healthy
dataset\Tomato___Early_blight\4e5f8530-2696-433d-91ec-5f53488b1d18___RS_Erly.B 8299_final_masked.jpg,Tomato___Early_blight
dataset\Tomato___Early_blight\df9e0c7e-59cb-4a87-abbd-66f0f78e5130___RS_Erly.B 8275_final_masked.jpg,Tomato___Early_blight
dataset\Tomato___Bacterial_spot\80c7525a-630e-4d8c-b261-668e8d1c6449___GCREC_Bact.Sp 6044_final_masked.jpg,Tomato___Bacterial_spot
dataset\Tomato___Late_blight\27616ae1-2960-4aeb-a03b-91607439eaa0___RS_Late.B 5983_final_masked.jpg,Tomato___Late_blight
dataset\Tomato___healthy\e020155a-f93a-496c-adc6-1810b4cea333___GH_HL Leaf 206_final_masked.jpg,Tomato___healthy
dataset\Tomato___Late_blight\6bd357a5-df74-4a18-a0d5-a078aeca7377___RS_Late.B 5134_final_masked.jpg,Tomato___Late_blight
dataset\Tomato___Late_blight\4a5a39d1-e05e-4ec2-acf7-3987cd04a71e___RS_Late.B 6547_final_masked.jpg,Tomato___Late_blight
dataset\Tomato___Bacterial_spot\1bddab06-9fb8-4727-8ea8-98e02a2fb178___GCREC_Bact.Sp 3237_final_masked.jpg,Tomato___Bacterial_spot
dataset\Tomato___Bacterial_spot\b77be1e3-a6c2-44a9-848c-409fbf071e2c___GCREC_Bact.Sp 3824_final_masked.jpg,Tomato___Bacterial_spot
dataset\Tomato___healthy\1ddf5950-e27f-4928-8f4e-33242953e306___RS_HL 0181_final_masked.jpg,Tomato___healthy
dataset\Tomato___Early_blight\3064e2fc-3a71-4a66-8cd1-dc76ebc0c2e6___RS_Erly.B 7345_final_masked.jpg,Tomato___Early_blight
dataset\Tomato___Bacterial_spot\745b1ca0-b6d8-442a-8206-eaa058452b51___GCREC_Bact.Sp 3700_final_masked.jpg,Tomato___Bacterial_spot
dataset\Tomato___healthy\83d9992c-b4ee-41f5-b3eb-792afd464f4e___RS_HL 9629_final_masked.jpg,Tomato___healthy
dataset\Tomato___Bacterial_spot\0ad88d7a-c14a-4ac9-8520-c11a0ade3a8f___UF.GRC_BS_Lab Leaf 0996_final_masked.jpg,Tomato___Bacterial_spot
dataset\Tomato___Late_blight\4bc2b44a-865c-4006-aa3d-fbd4bd2de695___RS_Late.B 5123_final_masked.jpg,Tomato___Late_blight
dataset\Tomato___Bacterial_spot\9a9e2a16-a9b3-44b9-8de8-be36b76b03ee___GCREC_Bact.Sp 5549_final_masked.jpg,Tomato___Bacterial_spot
dataset\Tomato___Bacterial_spot\53fbf33e-78a4-4e56-862b-69b2eed0d72e___GCREC_Bact.Sp 3047_final_masked.jpg,Tomato___Bacterial_spot
dataset\Tomato___healthy\01f98912-9627-4ce0-8f0f-e451b7acbb6c___RS_HL 0509_final_masked.jpg,Tomato___healthy
dataset\Tomato___Late_blight\697751e5-f4d4-448e-bf98-656ebfd01ba5___RS_Late.B 5180_final_masked.jpg,Tomato___Late_blight
dataset\Tomato___healthy\631c137e-7cd2-4923-829c-ec7cacdd2d01___GH_HL Leaf 420_final_masked.jpg,Tomato___healthy
dataset\Tomato___Bacterial_spot\74c63cbe-13e9-4256-aa02-b146cdd16c6b___GCREC_Bact.Sp 3127_final_masked.jpg,Tomato___Bacterial_spot
dataset\Tomato___Early_blight\352ced01-4645-44e5-bc3e-1b7172deb883___RS_Erly.B 7758_final_masked.jpg,Tomato___Early_blight
dataset\Tomato___Bacterial_spot\5a43dabd-d732-4fe5-bd01-1d23f4a41d5e___GCREC_Bact.Sp 6389_final_masked.jpg,Tomato___Bacterial_spot
dataset\Tomato___Bacterial_spot\fc1e1857-486c-485e-b9b4-4d1cf6ccb3b7___GCREC_Bact.Sp 6185_final_masked.jpg,Tomato___Bacterial_spot
dataset\Tomato___healthy\f1b0ad53-6f2a-44bd-9f58-da590c9cdde2___GH_HL Leaf 371_final_masked.jpg,Tomato___healthy
dataset\Tomato___Late_blight\0d98a9eb-18e7-47e7-9010-196189bae113___RS_Late.B 5047_final_masked.jpg,Tomato___Late_blight
dataset\Tomato___Bacterial_spot\50726baf-e64e-4fea-91f5-f5c908aa9737___GCREC_Bact.Sp 2947_final_masked.jpg,Tomato___Bacterial_spot
dataset\Tomato___healthy\cea3c7e9-94d8-4f97-bd50-e19a428c5162___RS_HL 0013_final_masked.jpg,Tomato___healthy
dataset\Tomato___Late_blight\c8fca126-5379-4a48-8de1-5fcc8643999b___RS_Late.B 6934_final_masked.jpg,Tomato___Late_blight
dataset\Tomato___Late_blight\1f38a263-cfb5-47fe-8c0e-f8d62141f922___GHLB_PS leaf 28 Day 12 _final_masked.jpg,Tomato___Late_blight
dataset\Tomato___Bacterial_spot\f2f180d1-45fb-46b6-b528-63a7f87dd78a___GCREC_Bact.Sp 5911_final_masked.jpg,Tomato___Bacterial_spot
dataset\Tomato___Bacterial_spot\ecc30297-bfb6-4e9e-8b3e-f29ca20cffa7___UF.GRC_BS_Lab Leaf 8904_final_masked.jpg,Tomato___Bacterial_spot
dataset\Tomato___Bacterial_spot\43b71f8a-175a-4847-a2c8-69c7d2f59f10___GCREC_Bact.Sp 3476_final_masked.jpg,Tomato___Bacterial_spot
dataset\Tomato___Bacterial_spot\2fa6fe6b-a7dc-471e-a878-b8d8e0121126___GCREC_Bact.Sp 3159_final_masked.jpg,Tomato___Bacterial_spot
dataset\Tomato___Early_blight\6e673a0a-ad79-489d-bd0a-d96479fd81b5___RS_Erly.B 7441_final_masked.jpg,Tomato___Early_blight
dataset\Tomato___Bacterial_spot\9e6a8241-00d3-474b-a664-1f67015d5187___UF.GRC_BS_Lab Leaf 0309_final_masked.jpg,Tomato___Bacterial_spot
dataset\Tomato___healthy\061bd6f1-8532-4bc8-977d-bc48ffab4ac3___RS_HL 0476_final_masked.jpg,Tomato___healthy
dataset\Tomato___healthy\1479f22a-c0d6-4dac-a752-578f575f276d___GH_HL Leaf 173.5_final_masked.jpg,Tomato___healthy
dataset\Tomato___Bacterial_spot\0ff228a7-60f4-47f0-b1a3-96969a63105f___GCREC_Bact.Sp 6056_final_masked.jpg,Tomato___Bacterial_spot
dataset\Tomato___healthy\e2bde260-6fac-4259-8b88-c7378f1ea730___RS_HL 0511_final_masked.jpg,Tomato___healthy
dataset\Tomato___healthy\bf0fa071-7128-4b45-b924-3c4b46fbf72f___RS_HL 9932_final_masked.jpg,Tomato___healthy
dataset\Tomato___Bacterial_spot\0a6d40e4-75d6-4659-8bc1-22f47cdb2ca8___GCREC_Bact.Sp 6247_final_masked.jpg,Tomato___Bacterial_spot
dataset\Tomato___Late_blight\050ddb3f-1eb7-4905-8fa3-fc537dc50b7a___GHLB2 Leaf 9042_final_masked.jpg,Tomato___Late_blight
dataset\Tomato___Late_blight\9bb49d22-976d-40c3-bc9a-bff5cbbd8e28___RS_Late.B 5057_final_masked.jpg,Tomato___Late_blight
dataset\Tomato___Early_blight\0fc8cb27-a10f-4587-a91d-4dbec9f839c7___RS_Erly.B 7715_final_masked.jpg,Tomato___Early_blight
dataset\Tomato___Bacterial_spot\6e8aef28-b9c4-4270-aa79-ca882d3b038e___UF.GRC_BS_Lab Leaf 9247_final_masked.jpg,Tomato___Bacterial_spot
dataset\Tomato___Early_blight\2c9fda20-f414-4aaa-8798-faf6bc38f014___RS_Erly.B 6491_final_masked.jpg,Tomato___Early_blight
dataset\Tomato___Early_blight\8b7b2dbe-cb3d-4ab1-a487-7c7d5553b796___RS_Erly.B 7448_final_masked.jpg,Tomato___Early_blight
dataset\Tomato___Bacterial_spot\c9c0a326-c094-4cea-94cb-bc240bb3be23___GCREC_Bact.Sp 3652_final_masked.jpg,Tomato___Bacterial_spot
dataset\Tomato___Bacterial_spot\a2347956-94dc-441c-80b4-f663e8b2edbd___GCREC_Bact.Sp 6054_final_masked.jpg,Tomato___Bacterial_spot
dataset\Tomato___Early_blight\fbb79594-419e-4bb7-9afa-6b9c0ba89033___RS_Erly.B 7644_final_masked.jpg,Tomato___Early_blight
dataset\Tomato___healthy\aa464ad5-f7d0-44ee-9042-fb4a4a64b7cd___RS_HL 9936_final_masked.jpg,Tomato___healthy
dataset\Tomato___Early_blight\074bc781-f586-46b0-bef5-0237e3bf5043___RS_Erly.B 8375_final_masked.jpg,Tomato___Early_blight
dataset\Tomato___Late_blight\6edd59f3-d87c-4583-a931-0f32a2748a79___RS_Late.B 4922_final_masked.jpg,Tomato___Late_blight
dataset\Tomato___Bacterial_spot\0f6384da-7338-4309-b6b2-0d4b1dfe9de3___GCREC_Bact.Sp 6039_final_masked.jpg,Tomato___Bacterial_spot
dataset\Tomato___Early_blight\546af1f7-3d4f-4024-88b1-f981fea7f2dd___RS_Erly.B 9455_final_masked.jpg,Tomato___Early_blight
dataset\Tomato___Late_blight\dcbd45d3-2e47-49e3-a887-d2aca70cfa33___RS_Late.B 6818_final_masked.jpg,Tomato___Late_blight
dataset\Tomato___Early_blight\b8b9300b-f085-49ce-a052-5c003e493f7e___RS_Erly.B 7507_final_masked.jpg,Tomato___Early_blight
dataset\Tomato___Bacterial_spot\e0d9aef6-cce9-4ca0-9af6-ea44e9985cdf___GCREC_Bact.Sp 5847_final_masked.jpg,Tomato___Bacterial_spot
dataset\Tomato___Early_blight\b7b39e7d-16ca-4b55-9b3a-9bd68b746055___RS_Erly.B 7386_final_masked.jpg,Tomato___Early_blight
dataset\Tomato___healthy\c6d62e0c-15e0-4e99-8dbd-40e8f7181131___RS_HL 9954_final_masked.jpg,Tomato___healthy
dataset\Tomato___Early_blight\9b16a9a4-c99b-4027-a301-4a8969761746___RS_Erly.B 7428_final_masked.jpg,Tomato___Early_blight
dataset\Tomato___Late_blight\c4e17a14-ebac-4e2b-b00f-8b6b5e267b42___RS_Late.B 5097_final_masked.jpg,Tomato___Late_blight
dataset\Tomato___Early_blight\98f19e26-5889-4e8e-9175-8dbbaa3439ef___RS_Erly.B 6449_final_masked.jpg,Tomato___Early_blight
dataset\Tomato___Late_blight\9f53a994-d5a5-4b15-82ae-a66c893b5e83___RS_Late.B 4865_final_masked.jpg,Tomato___Late_blight
dataset\Tomato___Bacterial_spot\23f67e39-1b4b-4296-a8a2-2a15890d0529___GCREC_Bact.Sp 3364_final_masked.jpg,Tomato___Bacterial_spot
dataset\Tomato___healthy\b1bbc0cc-730b-4154-85df-4e1de49f19f9___RS_HL 0384_final_masked.jpg,Tomato___healthy
dataset\Tomato___Late_blight\cc822a81-2140-421a-957c-e4ccfa2c0ba5___RS_Late.B 5357_final_masked.jpg,Tomato___Late_blight
dataset\Tomato___Early_blight\f882f8cc-49bc-49f6-a6c0-fbffe60d81a0___RS_Erly.B 7672_final_masked.jpg,Tomato___Early_blight
dataset\Tomato___Early_blight\b450abe9-9282-42a8-af4d-3fa7da258f40___RS_Erly.B 7735_final_masked.jpg,Tomato___Early_blight
dataset\Tomato___healthy\0fee8af3-ca03-418c-a71c-c4fb0a80dc7b___RS_HL 0199_final_masked.jpg,Tomato___healthy
dataset\Tomato___healthy\958b8eb8-7004-434a-ad02-e62ff64dded0___RS_HL 0276_final_masked.jpg,Tomato___healthy
dataset\Tomato___healthy\530faba8-67fa-45bc-8aad-353f879b224c___GH_HL Leaf 462_final_masked.jpg,Tomato___healthy
dataset\Tomato___Late_blight\6560f944-521b-4ed7-981d-39c66953e598___GHLB2 Leaf 8850_final_masked.jpg,Tomato___Late_blight
dataset\Tomato___Late_blight\c6cfdcc7-c5e6-45bc-8b5a-709bf2753902___RS_Late.B 7081_final_masked.jpg,Tomato___Late_blight
dataset\Tomato___Bacterial_spot\b227ea2d-9b5c-48a3-9746-033207311fc6___GCREC_Bact.Sp 3794_final_masked.jpg,Tomato___Bacterial_spot
dataset\Tomato___Late_blight\a5fe1111-38b0-4206-9ac7-3eec701beb79___GHLB2 Leaf 8868_final_masked.jpg,Tomato___Late_blight
dataset\Tomato___healthy\5f887895-963a-4a96-8962-5af383dbe29a___GH_HL Leaf 425.1_final_masked.jpg,Tomato___healthy
dataset\Tomato___Late_blight\7f3884a8-82eb-4db8-b5c2-cc3f6dbe0cf9___RS_Late.B 6196_final_masked.jpg,Tomato___Late_blight
dataset\Tomato___Bacterial_spot\c7fc1301-46d2-4474-8814-b3c29a719b57___GCREC_Bact.Sp 6241_final_masked.jpg,Tomato___Bacterial_spot
dataset\Tomato___Late_blight\7b8c983a-c159-4f79-86aa-13c8223155fd___RS_Late.B 5156_final_masked.jpg,Tomato___Late_blight
dataset\Tomato___Bacterial_spot\bea52a18-00de-4080-b460-4cf34c3c8688___GCREC_Bact.Sp 3499_final_masked.jpg,Tomato___Bacterial_spot
dataset\Tomato___Late_blight\1d6d043a-9df9-49ec-9b0f-e40a8e7f409f___RS_Late.B 5287_final_masked.jpg,Tomato___Late_blight
dataset\Tomato___healthy\4758f78c-2d77-4f22-aee8-914c0745edcf___RS_HL 0434_final_masked.jpg,Tomato___healthy
dataset\Tomato___Early_blight\18d8f15c-4948-4506-ae09-54169f95cf36___RS_Erly.B 7496_final_masked.jpg,Tomato___Early_blight
dataset\Tomato___Late_blight\0334d40b-d880-442f-a7db-e5c85a2e0bed___RS_Late.B 6367_final_masked.jpg,Tomato___Late_blight
dataset\Tomato___healthy\961e5369-8899-4d35-a83c-82eb55c2a848___GH_HL Leaf 188.2_final_masked.jpg,Tomato___healthy
dataset\Tomato___Bacterial_spot\5a82e7de-a72d-40cf-8e22-afe0e371fbf9___GCREC_Bact.Sp 6126_final_masked.jpg,Tomato___Bacterial_spot
dataset\Tomato___Bacterial_spot\4d33be8c-151b-4d2b-960f-f15ef077d4cc___GCREC_Bact.Sp 3767_final_masked.jpg,Tomato___Bacterial_spot
dataset\Tomato___healthy\2bd08574-9555-42a5-93b1-7fab8f9f8786___GH_HL Leaf 475.2_final_masked.jpg,Tomato___healthy
dataset\Tomato___Bacterial_spot\c838ca76-4670-44ef-b936-2eb00e249f52___GCREC_Bact.Sp 6370_final_masked.jpg,Tomato___Bacterial_spot
dataset\Tomato___Early_blight\10e7dcfd-2cbc-4623-ba9f-94f0e2e4fe13___RS_Erly.B 7648_final_masked.jpg,Tomato___Early_blight
dataset\Tomato___healthy\edd71d50-a50f-4f36-af69-6c9df7c040af___GH_HL Leaf 484.1_final_masked.jpg,Tomato___healthy
dataset\Tomato___healthy\3e98f24b-4c2e-4b4d-916f-fe48430cd94b___RS_HL 0129_final_masked.jpg,Tomato___healthy
dataset\Tomato___Late_blight\1c6b66db-9891-41cc-972f-a3521deee072___RS_Late.B 5589_final_masked.jpg,Tomato___Late_blight
dataset\Tomato___Bacterial_spot\29aa56e5-1c34-4617-97a9-bf7b0a85b644___GCREC_Bact.Sp 3355_final_masked.jpg,Tomato___Bacterial_spot
dataset\Tomato___Bacterial_spot\2cd0bf74-c7ca-4b2f-87e4-1ba003e8b944___GCREC_Bact.Sp 3414_final_masked.jpg,Tomato___Bacterial_spot
dataset\Tomato___Bacterial_spot\383335dc-fb2e-481c-a66f-9194f2715d92___UF.GRC_BS_Lab Leaf 0904_final_masked.jpg,Tomato___Bacterial_spot
dataset\Tomato___Bacterial_spot\d90c232c-8940-4931-8b77-346b7fecf992___GCREC_Bact.Sp 3729_final_masked.jpg,Tomato___Bacterial_spot
dataset\Tomato___healthy\77cd9b9e-9115-46ea-9c85-9744f1793b32___RS_HL 9699_final_masked.jpg,Tomato___healthy
dataset\Tomato___Bacterial_spot\00416648-be6e-4bd4-bc8d-82f43f8a7240___GCREC_Bact.Sp 3110_final_masked.jpg,Tomato___Bacterial_spot
dataset\Tomato___healthy\64518a58-5c06-4a14-9ab6-2c4f71456050___GH_HL Leaf 394_final_masked.jpg,Tomato___healthy
dataset\Tomato___Late_blight\948bd29b-11cf-4100-8e94-bae0a34def22___RS_Late.B 6781_final_masked.jpg,Tomato___Late_blight
dataset\Tomato___healthy\ff8b36d5-feaf-4d2d-8126-18670a312657___RS_HL 0229_final_masked.jpg,Tomato___healthy
dataset\Tomato___healthy\d984f436-1fde-4221-9563-82f55a42b545___RS_HL 0217_final_masked.jpg,Tomato___healthy
dataset\Tomato___healthy\02d94768-da6d-4c1a-b8b3-fa2e5a2fcd4d___RS_HL 0449_final_masked.jpg,Tomato___healthy
dataset\Tomato___Early_blight\8c9b351b-520c-46f9-960f-8850386e54ab___RS_Erly.B 7677_final_masked.jpg,Tomato___Early_blight
dataset\Tomato___healthy\59e72cea-137e-4c76-ba58-8b60aab68779___RS_HL 9885_final_masked.jpg,Tomato___healthy
dataset\Tomato___Late_blight\5b80231f-8012-42bb-97d0-12c48a4a2450___GHLB2 Leaf 8546_final_masked.jpg,Tomato___Late_blight
dataset\Tomato___Late_blight\8daa8725-05a2-4802-a524-9eba96fa89bc___RS_Late.B 6488_final_masked.jpg,Tomato___Late_blight
dataset\Tomato___Early_blight\b5795f23-792b-47ef-bd5e-5a2a4a01bdc6___RS_Erly.B 7501_final_masked.jpg,Tomato___Early_blight
dataset\Tomato___Bacterial_spot\2b1247ef-594a-4ada-9377-1f46af51859c___GCREC_Bact.Sp 3095_final_masked.jpg,Tomato___Bacterial_spot
dataset\Tomato___Late_blight\93ac9f1d-6694-44db-ad77-b9b8470cab1b___GHLB2 Leaf 8796_final_masked.jpg,Tomato___Late_blight
dataset\Tomato___healthy\2b4ab56e-4afa-4b0f-910a-3270e90c707c___RS_HL 0035_final_masked.jpg,Tomato___healthy
dataset\Tomato___Bacterial_spot\1ed14327-868e-43e3-a060-a3fb155494a9___GCREC_Bact.Sp 3082_final_masked.jpg,Tomato___Bacterial_spot
dataset\Tomato___Bacterial_spot\5faeaff0-1dcd-4c79-b6ad-22908cc519ac___GCREC_Bact.Sp 5655_final_masked.jpg,Tomato___Bacterial_spot
dataset\Tomato___Bacterial_spot\00639d29-2d1a-4fcf-9bd3-a2b3109c74c4___UF.GRC_BS_Lab Leaf 1054_final_masked.jpg,Tomato___Bacterial_spot
dataset\Tomato___Late_blight\f482cb70-826d-462b-8dc9-d5d173df65cd___GHLB2 Leaf 8562_final_masked.jpg,Tomato___Late_blight
dataset\Tomato___Bacterial_spot\b16f9d46-69a2-4774-ab87-50159dc34dcc___GCREC_Bact.Sp 3471_final_masked.jpg,Tomato___Bacterial_spot
dataset\Tomato___Early_blight\1863e110-8422-400b-89a6-f0ef457659cc___RS_Erly.B 6462_final_masked.jpg,Tomato___Early_blight
dataset\Tomato___Bacterial_spot\34385d7a-a724-4577-898b-dc9b9deb8ed9___GCREC_Bact.Sp 6098_final_masked.jpg,Tomato___Bacterial_spot
dataset\Tomato___Late_blight\0db85707-41f9-42df-ba3b-842d14f00a68___GHLB2 Leaf 8909_final_masked.jpg,Tomato___Late_blight
dataset\Tomato___Bacterial_spot\3cf036ee-c2ea-4823-aa07-e74f8fb1e98d___UF.GRC_BS_Lab Leaf 0592_final_masked.jpg,Tomato___Bacterial_spot
dataset\Tomato___Bacterial_spot\6a198118-1387-400d-bfb8-c1127df2570d___GCREC_Bact.Sp 5885_final_masked.jpg,Tomato___Bacterial_spot
dataset\Tomato___healthy\12c28bfa-a576-4787-8d4e-a500ac446766___RS_HL 0526_final_masked.jpg,Tomato___healthy
dataset\Tomato___healthy\807ee562-f616-4cf6-a28e-b4db6536a203___RS_HL 0050_final_masked.jpg,Tomato___healthy
dataset\Tomato___Bacterial_spot\ce0e079f-e989-45be-a487-fee23b77789b___GCREC_Bact.Sp 3527_final_masked.jpg,Tomato___Bacterial_spot
dataset\Tomato___Bacterial_spot\ae43f1d0-3ae6-4634-938c-0b003b193416___GCREC_Bact.Sp 6105_final_masked.jpg,Tomato___Bacterial_spot
dataset\Tomato___Late_blight\d75d625f-502f-4d16-b78f-b87c2a0f10e7___GHLB2 Leaf 8535_final_masked.jpg,Tomato___Late_blight
dataset\Tomato___healthy\93c9da62-19ca-4e90-b355-0dc71ff5cc4b___RS_HL 9752_final_masked.jpg,Tomato___healthy
dataset\Tomato___Late_blight\e5b328bf-1f13-4831-bd63-b1bdb30f02d9___GHLB2 Leaf 8674_final_masked.jpg,Tomato___Late_blight
dataset\Tomato___Bacterial_spot\b174fcf1-c7be-4819-8c91-4b3897b92297___GCREC_Bact.Sp 3195_final_masked.jpg,Tomato___Bacterial_spot
dataset\Tomato___Bacterial_spot\2fd17140-f483-4f98-9d08-fc9e57b355e1___GCREC_Bact.Sp 6269_final_masked.jpg,Tomato___Bacterial_spot
dataset\Tomato___Bacterial_spot\2f75f735-41de-445a-812c-72700ec68121___GCREC_Bact.Sp 5881_final_masked.jpg,Tomato___Bacterial_spot
dataset\Tomato___Late_blight\f0f8cbf1-f7d3-47e1-8a7c-87df9b65beb2___GHLB2 Leaf 125.1_final_masked.jpg,Tomato___Late_blight
dataset\Tomato___Bacterial_spot\5eeede3b-6469-48f4-9bd9-56732ee3c4cf___UF.GRC_BS_Lab Leaf 0627_final_masked.jpg,Tomato___Bacterial_spot
dataset\Tomato___healthy\ffb39943-eabb-42cf-ad09-b17019e46d66___RS_HL 9871_final_masked.jpg,Tomato___healthy
dataset\Tomato___Early_blight\079e0d43-e9d2-4217-b8e8-2f3b989cdab2___RS_Erly.B 7588_final_masked.jpg,Tomato___Early_blight
dataset\Tomato___Early_blight\3b1caf5d-9b90-4adc-bde6-8a16af479f0a___RS_Erly.B 8270_final_masked.jpg,Tomato___Early_blight
dataset\Tomato___healthy\050e7bff-2f2d-4c92-9422-05ce93f1d5a9___RS_HL 0097_final_masked.jpg,Tomato___healthy
dataset\Tomato___Bacterial_spot\62b151e8-3ff6-444f-aa56-af06e198d9ed___GCREC_Bact.Sp 5971_final_masked.jpg,Tomato___Bacterial_spot
dataset\Tomato___Bacterial_spot\fb10d9a2-d1f8-4ab7-bf12-986bceb83064___GCREC_Bact.Sp 5720_final_masked.jpg,Tomato___Bacterial_spot
dataset\Tomato___Late_blight\f5cb0905-3729-492a-a45f-63c20ae7e6a1___RS_Late.B 6777_final_masked.jpg,Tomato___Late_blight
dataset\Tomato___Early_blight\5390d8c0-5781-47cf-8d0a-482e000a01f3___RS_Erly.B 7400_final_masked.jpg,Tomato___Early_blight
dataset\Tomato___Early_blight\d94db5d9-2492-4680-bd2d-8ad66287243d___RS_Erly.B 7612_final_masked.jpg,Tomato___Early_blight
dataset\Tomato___Late_blight\0dd9d965-d68a-4e47-ba02-ebcadf13c7ae___GHLB2 Leaf 78.1_final_masked.jpg,Tomato___Late_blight
dataset\Tomato___healthy\1dae303e-6545-4c87-8c95-8805108f5282___RS_HL 0437_final_masked.jpg,Tomato___healthy
dataset\Tomato___Bacterial_spot\78c90a7a-a37f-44fa-bc11-38c1823a7af1___GCREC_Bact.Sp 6145_final_masked.jpg,Tomato___Bacterial_spot
dataset\Tomato___Late_blight\16064333-c2da-40e0-9f24-c709191e66b1___RS_Late.B 5421_final_masked.jpg,Tomato___Late_blight
dataset\Tomato___Early_blight\757b49d0-db8e-4352-820a-9f0bdb7d2657___RS_Erly.B 7748_final_masked.jpg,Tomato___Early_blight
dataset\Tomato___healthy\b5453c78-26b4-40ef-a460-c878eb82fcea___RS_HL 9968_final_masked.jpg,Tomato___healthy
dataset\Tomato___Late_blight\9c749114-89e9-49ee-a549-5b8bbf8da543___GHLB2 Leaf 119_final_masked.jpg,Tomato___Late_blight
dataset\Tomato___healthy\0f809e80-ee2b-4ad4-9a80-50d789298d48___GH_HL Leaf 192_final_masked.jpg,Tomato___healthy
dataset\Tomato___Early_blight\7b32caa4-0d67-4b84-a1bf-cf9dffd7ffe5___RS_Erly.B 6405_final_masked.jpg,Tomato___Early_blight
dataset\Tomato___Early_blight\d934ba74-0149-457f-b5e7-c11d595f285e___RS_Erly.B 7365_final_masked.jpg,Tomato___Early_blight
dataset\Tomato___Late_blight\28d91e73-4362-4a5f-bceb-980f5a0e1f8e___RS_Late.B 6228_final_masked.jpg,Tomato___Late_blight
dataset\Tomato___Early_blight\5bb67c87-9449-4365-aad2-0763164a608b___RS_Erly.B 7460_final_masked.jpg,Tomato___Early_blight
dataset\Tomato___healthy\33a75eb9-0745-4159-8c6e-3c4e4e418992___RS_HL 9767_final_masked.jpg,Tomato___healthy
dataset\Tomato___Bacterial_spot\e8fa0ef6-3af0-4cb1-b22b-0fe913ec014a___UF.GRC_BS_Lab Leaf 0277_final_masked.jpg,Tomato___Bacterial_spot
dataset\Tomato___healthy\4184da3b-ccbd-4880-9aa7-dbb868a7f571___GH_HL Leaf 355_final_masked.jpg,Tomato___healthy
dataset\Tomato___healthy\2f07c3a8-90db-4d61-b8e3-55b3c016c510___GH_HL Leaf 382.1_final_masked.jpg,Tomato___healthy
dataset\Tomato___healthy\31dd192f-dcf8-4f89-9890-7bd22653f823___RS_HL 0052_final_masked.jpg,Tomato___healthy
dataset\Tomato___Late_blight\7f3e0b01-3bfc-44d2-b04d-b27032115a6c___GHLB2 Leaf 9106_final_masked.jpg,Tomato___Late_blight
dataset\Tomato___Late_blight\18ab423e-c11a-4800-a84b-4598f08560d8___RS_Late.B 6571_final_masked.jpg,Tomato___Late_blight
dataset\Tomato___Late_blight\97cb14c0-e0e6-4acb-b387-583e12cdc859___RS_Late.B 4860_final_masked.jpg,Tomato___Late_blight
dataset\Tomato___healthy\c9f92d4b-9d9c-4932-ba1b-bc290987c154___RS_HL 0350_final_masked.jpg,Tomato___healthy
dataset\Tomato___Bacterial_spot\c3d68df9-2312-4b85-8d14-47b06fe5d0d8___UF.GRC_BS_Lab Leaf 0374_final_masked.jpg,Tomato___Bacterial_spot
dataset\Tomato___Late_blight\9ce46f18-eccc-4dc4-aa01-f41ad7e6e7fb___GHLB2 Leaf 8544_final_masked.jpg,Tomato___Late_blight
dataset\Tomato___Late_blight\c14302ad-0333-4038-8b4f-a4f75049fbaa___RS_Late.B 6939_final_masked.jpg,Tomato___Late_blight
dataset\Tomato___healthy\2a1dd125-ece3-499f-a24b-1d00dbcc3184___GH_HL Leaf 227_final_masked.jpg,Tomato___healthy
dataset\Tomato___Bacterial_spot\9496a9b6-5474-4163-bfa0-2e3d25ca252d___GCREC_Bact.Sp 3489_final_masked.jpg,Tomato___Bacterial_spot
dataset\Tomato___healthy\0c4b06d5-4053-44fc-99b6-504934fdd3a9___GH_HL Leaf 199.1_final_masked.jpg,Tomato___healthy
dataset\Tomato___healthy\fde29807-8223-4fc5-a06b-7cc93101a6d1___GH_HL Leaf 174_final_masked.jpg,Tomato___healthy
dataset\Tomato___Bacterial_spot\f1882d7d-3cd9-44fe-a1ea-a114fc462059___GCREC_Bact.Sp 3862_final_masked.jpg,Tomato___Bacterial_spot
dataset\Tomato___healthy\647d15d1-5520-458d-92a4-bd647bbccb90___RS_HL 9934_final_masked.jpg,Tomato___healthy
dataset\Tomato___healthy\2aeb668a-251a-4f68-b52f-aadeb3376d55___RS_HL 9744_final_masked.jpg,Tomato___healthy
dataset\Tomato___Bacterial_spot\68bc253e-0c0f-4180-8f86-13048c04b26e___GCREC_Bact.Sp 6088_final_masked.jpg,Tomato___Bacterial_spot
dataset\Tomato___healthy\b7aea5b5-5db2-4861-b322-63af0162770c___RS_HL 9837_final_masked.jpg,Tomato___healthy
dataset\Tomato___Late_blight\44c7f2c3-bec1-4f42-b9b6-946c2b92f50e___RS_Late.B 6261_final_masked.jpg,Tomato___Late_blight
dataset\Tomato___healthy\70ae81f5-0d05-4b69-a182-fa35bb3fe0ad___GH_HL Leaf 339.1_final_masked.jpg,Tomato___healthy
dataset\Tomato___healthy\2a0d08cc-91b5-436b-abe4-31835c5f470b___RS_HL 0396_final_masked.jpg,Tomato___healthy
dataset\Tomato___Late_blight\661574bd-8e14-4cf6-8b39-28190239ddc6___RS_Late.B 5305_final_masked.jpg,Tomato___Late_blight
dataset\Tomato___Bacterial_spot\a670a03a-d0f1-4d5c-817b-056746be8bd2___UF.GRC_BS_Lab Leaf 0279_final_masked.jpg,Tomato___Bacterial_spot
dataset\Tomato___healthy\1bd9f661-9b9c-4faf-80ab-86a8a64a8bc2___RS_HL 0271_final_masked.jpg,Tomato___healthy
dataset\Tomato___healthy\b2652ef9-f0d2-4039-b40a-520073551b16___RS_HL 0009_final_masked.jpg,Tomato___healthy
dataset\Tomato___Bacterial_spot\aff1cc2d-2667-4546-bfad-0c44d8e1ffa9___GCREC_Bact.Sp 5896_final_masked.jpg,Tomato___Bacterial_spot
dataset\Tomato___Bacterial_spot\0b13b997-9957-4029-b2a4-ef4a046eb088___UF.GRC_BS_Lab Leaf 0595_final_masked.jpg,Tomato___Bacterial_spot
dataset\Tomato___Bacterial_spot\a6d6640b-c086-44f5-a53f-8cb59f72a7b4___GCREC_Bact.Sp 5886_final_masked.jpg,Tomato___Bacterial_spot
dataset\Tomato___Late_blight\993a04d9-3bfe-4cd2-8f89-981a0bb2405c___RS_Late.B 4956_final_masked.jpg,Tomato___Late_blight
dataset\Tomato___Late_blight\5acc6d4e-6ca5-4a1b-b0bd-7678c6c280f9___GHLB2 Leaf 8709_final_masked.jpg,Tomato___Late_blight
dataset\Tomato___Late_blight\fabaa5c5-3180-49b7-b538-d1a31316afd8___GHLB2 Leaf 121.4_final_masked.jpg,Tomato___Late_blight
dataset\Tomato___Bacterial_spot\7e423f77-2947-4e4e-9777-17a780996d39___GCREC_Bact.Sp 5600_final_masked.jpg,Tomato___Bacterial_spot
dataset\Tomato___Late_blight\10f6247e-c3d0-4f3f-92aa-f1da76db8086___RS_Late.B 5147_final_masked.jpg,Tomato___Late_blight
dataset\Tomato___Late_blight\8f652c9e-134b-4b9f-bdca-15ad4f6a87ba___GHLB2 Leaf 8808_final_masked.jpg,Tomato___Late_blight
dataset\Tomato___healthy\c866865c-d239-48ff-9134-92df32fe972a___RS_HL 9791_final_masked.jpg,Tomato___healthy
dataset\Tomato___Late_blight\cf0469e3-6a8c-4d3b-a1d3-43b99619b472___GHLB2 Leaf 8699_final_masked.jpg,Tomato___Late_blight
dataset\Tomato___Bacterial_spot\6a56a429-b241-428d-9fb7-7ea0b84d2b12___GCREC_Bact.Sp 3246_final_masked.jpg,Tomato___Bacterial_spot
dataset\Tomato___Bacterial_spot\e928ca07-1757-4734-a146-b18176167cf9___GCREC_Bact.Sp 3709_final_masked.jpg,Tomato___Bacterial_spot
dataset\Tomato___healthy\4b696198-bb02-426d-bcbd-cc00177a0fb7___RS_HL 0093_final_masked.jpg,Tomato___healthy
dataset\Tomato___Late_blight\475ea338-8e88-4164-b2e3-e8b386df415d___RS_Late.B 6362_final_masked.jpg,Tomato___Late_blight
dataset\Tomato___Bacterial_spot\517dac9f-61a6-4e5a-928e-b0009c2d6d47___GCREC_Bact.Sp 3516_final_masked.jpg,Tomato___Bacterial_spot
dataset\Tomato___healthy\3005a6ed-8ede-4bc5-ab3c-a54f87c45716___GH_HL Leaf 353.1_final_masked.jpg,Tomato___healthy
dataset\Tomato___healthy\b593dd4e-e792-4469-a855-109e9edbe1ce___RS_HL 9796_final_masked.jpg,Tomato___healthy
dataset\Tomato___Early_blight\99cfe9bb-77a1-4bd6-9c48-58fffac2a133___RS_Erly.B 7387_final_masked.jpg,Tomato___Early_blight
dataset\Tomato___Bacterial_spot\9f3071fe-2426-4ab2-9685-d3bbed8163f3___GCREC_Bact.Sp 6172_final_masked.jpg,Tomato___Bacterial_spot
dataset\Tomato___Bacterial_spot\e1a293e6-03fa-4513-b45b-94fbe2d0b748___GCREC_Bact.Sp 3833_final_masked.jpg,Tomato___Bacterial_spot
dataset\Tomato___Bacterial_spot\484ce1a5-f249-43ed-afb7-9cd7c2173e29___GCREC_Bact.Sp 3596_final_masked.jpg,Tomato___Bacterial_spot
dataset\Tomato___Late_blight\861d8b00-57a4-46b0-b51a-09d102dbe119___GHLB_PS Leaf 24 Day 13_final_masked.jpg,Tomato___Late_blight
dataset\Tomato___Bacterial_spot\086dd5ed-279a-458b-aa4a-1484305ac21c___UF.GRC_BS_Lab Leaf 8835_final_masked.jpg,Tomato___Bacterial_spot
dataset\Tomato___Late_blight\48c55974-9fe9-4f4b-94f7-c8cd127d1e05___GHLB_PS Leaf 23.7 Day 13_final_masked.jpg,Tomato___Late_blight
dataset\Tomato___healthy\5b2457f5-96d5-4bcd-8025-dc55e666f660___RS_HL 0605_final_masked.jpg,Tomato___healthy
dataset\Tomato___healthy\3f1ce663-3715-4220-bbce-93bcc9f0c478___GH_HL Leaf 311_final_masked.jpg,Tomato___healthy
dataset\Tomato___Bacterial_spot\dbda016b-fd39-451d-82e5-08e42ea6bcda___GCREC_Bact.Sp 3285_final_masked.jpg,Tomato___Bacterial_spot
dataset\Tomato___Bacterial_spot\759ba7d2-9535-45b5-a11d-935602edf6cd___GCREC_Bact.Sp 3314_final_masked.jpg,Tomato___Bacterial_spot
dataset\Tomato___Early_blight\6b52f204-547d-47aa-926c-b9508a5e6cbc___RS_Erly.B 7434_final_masked.jpg,Tomato___Early_blight
dataset\Tomato___Early_blight\bad3a868-aed5-408f-b0a8-f018994ce28b___RS_Erly.B 7789_final_masked.jpg,Tomato___Early_blight
dataset\Tomato___Early_blight\58268d35-a896-406d-9686-5f2f2b9a5b10___RS_Erly.B 7433_final_masked.jpg,Tomato___Early_blight
dataset\Tomato___Late_blight\09e2fe63-c535-4986-a697-ed275752dc75___GHLB2 Leaf 9030_final_masked.jpg,Tomato___Late_blight
dataset\Tomato___Early_blight\b0bc0b85-fce9-43cc-87d1-481d4a107b5c___RS_Erly.B 9451_final_masked.jpg,Tomato___Early_blight
dataset\Tomato___Late_blight\555b889a-d22e-4371-bd35-21ae629604ff___RS_Late.B 6742_final_masked.jpg,Tomato___Late_blight
dataset\Tomato___Late_blight\cad32686-aa52-4c8d-85e7-2578027af2a5___RS_Late.B 4857_final_masked.jpg,Tomato___Late_blight
dataset\Tomato___Bacterial_spot\4dcc0165-a3c5-4290-8262-16c63b677a7d___GCREC_Bact.Sp 3602_final_masked.jpg,Tomato___Bacterial_spot
dataset\Tomato___Bacterial_spot\88f0b60f-1758-449a-afee-16c95edc6355___GCREC_Bact.Sp 2979_final_masked.jpg,Tomato___Bacterial_spot
dataset\Tomato___Late_blight\62474b8c-4625-4d73-ab6a-5e1d328a9cd4___GHLB2 Leaf 9038_final_masked.jpg,Tomato___Late_blight
dataset\Tomato___Late_blight\a5fbcb1e-c1f2-4cc9-b69b-24ce89f7ec7a___RS_Late.B 5585_final_masked.jpg,Tomato___Late_blight
dataset\Tomato___Early_blight\29e36e1e-0857-4985-8d33-505290dff591___RS_Erly.B 6343_final_masked.jpg,Tomato___Early_blight
dataset\Tomato___Bacterial_spot\803dada3-6a01-491a-b743-b1bb21a9af6b___GCREC_Bact.Sp 6093_final_masked.jpg,Tomato___Bacterial_spot
dataset\Tomato___Late_blight\558681eb-ad2c-4c93-a347-c140f7e4517a___GHLB2 Leaf 116.1_final_masked.jpg,Tomato___Late_blight
dataset\Tomato___Bacterial_spot\afd78d63-13b3-400f-8e9a-1c87f27fa12f___UF.GRC_BS_Lab Leaf 0239_final_masked.jpg,Tomato___Bacterial_spot
dataset\Tomato___Bacterial_spot\87cfe0ca-e9cc-4a35-a01e-ffe71eab482c___GCREC_Bact.Sp 6133_final_masked.jpg,Tomato___Bacterial_spot
dataset\Tomato___Early_blight\4c927622-ea22-4718-8e36-319218ee53bf___RS_Erly.B 7712_final_masked.jpg,Tomato___Early_blight
dataset\Tomato___Early_blight\0fbc786c-62a7-44f3-8db8-2649809bf1aa___RS_Erly.B 9514_final_masked.jpg,Tomato___Early_blight
dataset\Tomato___healthy\4ff86e18-434e-4d1d-819c-c40c908e064a___RS_HL 0273_final_masked.jpg,Tomato___healthy
dataset\Tomato___Bacterial_spot\c6802f8a-d9c0-47ea-bd12-cd51b3bd9ef2___GCREC_Bact.Sp 3058_final_masked.jpg,Tomato___Bacterial_spot
dataset\Tomato___Early_blight\c5ab9d87-f1bf-4fce-8133-c80ac2d52dd5___RS_Erly.B 7849_final_masked.jpg,Tomato___Early_blight
dataset\Tomato___Late_blight\52edaa52-3129-44d4-9d3b-cfb9edf3e3fe___GHLB2 Leaf 8702_final_masked.jpg,Tomato___Late_blight
dataset\Tomato___healthy\2b1cbc53-a62b-4daf-b233-8fc1d8d8c099___RS_HL 0296_final_masked.jpg,Tomato___healthy
dataset\Tomato___Late_blight\546b8a7a-6dd4-4f75-9794-4328a9d40758___GHLB2 Leaf 8618_final_masked.jpg,Tomato___Late_blight
dataset\Tomato___healthy\16c1b712-2c55-4a8d-899f-cc0e725d4835___GH_HL Leaf 314_final_masked.jpg,Tomato___healthy
dataset\Tomato___Bacterial_spot\411860f2-2474-462d-83ea-ab11e3f5afe6___GCREC_Bact.Sp 3373_final_masked.jpg,Tomato___Bacterial_spot
dataset\Tomato___Late_blight\a65ce89e-dc42-4ef6-ae82-68017cec5884___GHLB2 Leaf 8653_final_masked.jpg,Tomato___Late_blight
dataset\Tomato___Bacterial_spot\d5701f4d-4aa3-4f95-ac7c-07f8747c1332___GCREC_Bact.Sp 6368_final_masked.jpg,Tomato___Bacterial_spot
dataset\Tomato___Late_blight\9adeaa24-183e-4403-b899-6fdce79ed524___RS_Late.B 6023_final_masked.jpg,Tomato___Late_blight
dataset\Tomato___Late_blight\8fb5837a-daa2-49c9-8e6e-eeca83e1e764___GHLB_PS Leaf 26.1 Day 13_final_masked.jpg,Tomato___Late_blight
dataset\Tomato___Bacterial_spot\ac444acf-1d85-4928-9f73-947497fb6b9f___GCREC_Bact.Sp 5762_final_masked.jpg,Tomato___Bacterial_spot
dataset\Tomato___Early_blight\1b4a2ad5-057d-4fac-9188-648edbe49751___RS_Erly.B 7767_final_masked.jpg,Tomato___Early_blight
dataset\Tomato___Bacterial_spot\e0e5620f-d8bb-4f6e-9d87-87aff4b7c230___GCREC_Bact.Sp 5737_final_masked.jpg,Tomato___Bacterial_spot
dataset\Tomato___Bacterial_spot\a1f6fda4-d03d-493d-b4f4-14098f1e2c57___UF.GRC_BS_Lab Leaf 1114_final_masked.jpg,Tomato___Bacterial_spot
dataset\Tomato___Late_blight\2e86ab04-c41e-4a4b-a674-552176d72ab1___GHLB2 Leaf 100_final_masked.jpg,Tomato___Late_blight
dataset\Tomato___Bacterial_spot\06d99389-13fd-4fd1-8734-eb82ea657ce3___UF.GRC_BS_Lab Leaf 8896_final_masked.jpg,Tomato___Bacterial_spot
dataset\Tomato___Late_blight\0893ac69-4004-4577-b4aa-496983116208___GHLB2 Leaf 8738_final_masked.jpg,Tomato___Late_blight
dataset\Tomato___Late_blight\cbbf7dc3-4ff9-4864-bd26-54ed77b01e51___RS_Late.B 6628_final_masked.jpg,Tomato___Late_blight
dataset\Tomato___Early_blight\9b0106a7-eb90-4bb2-beec-6c9eb2d90d4b___RS_Erly.B 7424_final_masked.jpg,Tomato___Early_blight
dataset\Tomato___Bacterial_spot\482ef065-ba2f-4492-b215-9a60138a0047___GCREC_Bact.Sp 3090_final_masked.jpg,Tomato___Bacterial_spot
dataset\Tomato___Bacterial_spot\e8a89c70-47c0-478f-b4b3-4f4a754f879f___GCREC_Bact.Sp 3807_final_masked.jpg,Tomato___Bacterial_spot
dataset\Tomato___Late_blight\bd9341f4-34d9-4acb-9aa0-5dbff08f8ba6___GHLB_PS Leaf 23 Day 9_final_masked.jpg,Tomato___Late_blight
dataset\Tomato___healthy\1a393116-cbd1-4e3f-acfc-563e96ae1e80___RS_HL 0268_final_masked.jpg,Tomato___healthy
dataset\Tomato___Bacterial_spot\6cf1c4d7-d99f-4f70-a003-37054e9f617a___GCREC_Bact.Sp 3417_final_masked.jpg,Tomato___Bacterial_spot
dataset\Tomato___Late_blight\2a295211-a73b-4460-95c5-81842743518f___RS_Late.B 5116_final_masked.jpg,Tomato___Late_blight
dataset\Tomato___Bacterial_spot\50950fff-ebce-4985-bf46-713a0cdae29c___GCREC_Bact.Sp 5589_final_masked.jpg,Tomato___Bacterial_spot
dataset\Tomato___Bacterial_spot\16119e7a-b9d7-4004-9a07-45b6c9f6d480___UF.GRC_BS_Lab Leaf 9172_final_masked.jpg,Tomato___Bacterial_spot
dataset\Tomato___healthy\1531dc0c-64d5-49f2-a78a-c7b39882a47a___RS_HL 9727_final_masked.jpg,Tomato___healthy
dataset\Tomato___Bacterial_spot\b90cb55e-b1fb-47b5-90f9-543845814e68___GCREC_Bact.Sp 6029_final_masked.jpg,Tomato___Bacterial_spot
dataset\Tomato___healthy\414359b9-153b-4985-bfe0-eaf22f7ff6ab___RS_HL 0062_final_masked.jpg,Tomato___healthy
dataset\Tomato___Late_blight\008ebb44-eb77-4843-b621-4b88b5df7d43___RS_Late.B 5188_final_masked.jpg,Tomato___Late_blight
dataset\Tomato___healthy\7188d286-5201-40b6-925a-52af6e6c7c03___GH_HL Leaf 479.1_final_masked.jpg,Tomato___healthy
dataset\Tomato___healthy\a98d00cf-f048-44d7-b82b-3328a8e891b3___RS_HL 0585_final_masked.jpg,Tomato___healthy
dataset\Tomato___Late_blight\f96c2269-cf72-448e-a1b7-d74f2e46a675___RS_Late.B 6851_final_masked.jpg,Tomato___Late_blight
dataset\Tomato___Late_blight\ec18fe55-482e-4d1f-aa17-715b89f8a371___RS_Late.B 5093_final_masked.jpg,Tomato___Late_blight
dataset\Tomato___Bacterial_spot\2a2d11a9-e334-491f-8d43-66320cd26010___GCREC_Bact.Sp 6124_final_masked.jpg,Tomato___Bacterial_spot
dataset\Tomato___healthy\afbedba8-4d3a-4816-9c55-bd666d262b59___RS_HL 9841_final_masked.jpg,Tomato___healthy
dataset\Tomato___Late_blight\975cefdc-29dc-4355-b9bb-5abd4a910654___GHLB2 Leaf 8657_final_masked.jpg,Tomato___Late_blight
dataset\Tomato___Bacterial_spot\0a64655c-4052-4e5f-a696-2a6cf25d10c9___GCREC_Bact.Sp 6017_final_masked.jpg,Tomato___Bacterial_spot
dataset\Tomato___Bacterial_spot\6d1aae86-2d68-47ea-9f7e-caef44898e0d___GCREC_Bact.Sp 3839_final_masked.jpg,Tomato___Bacterial_spot
dataset\Tomato___Late_blight\4fa3fe36-2c59-4860-be94-508954283149___RS_Late.B 5495_final_masked.jpg,Tomato___Late_blight
dataset\Tomato___Late_blight\8938dd69-1d88-4885-8a20-b0db3ab84817___RS_Late.B 5417_final_masked.jpg,Tomato___Late_blight
dataset\Tomato___Early_blight\ab6d16d4-8426-472d-9644-61609392cd6a___RS_Erly.B 7628_final_masked.jpg,Tomato___Early_blight
dataset\Tomato___Early_blight\38685009-d6e6-4b3a-9957-bf049a210cda___RS_Erly.B 7606_final_masked.jpg,Tomato___Early_blight
dataset\Tomato___Bacterial_spot\0524de69-51ec-4794-a955-04a8e0c5656c___GCREC_Bact.Sp 3695_final_masked.jpg,Tomato___Bacterial_spot
dataset\Tomato___healthy\622044a4-97d7-46a1-a702-2f586bb04a78___GH_HL Leaf 334_final_masked.jpg,Tomato___healthy
dataset\Tomato___Late_blight\359ad718-024d-4c9e-b871-4144ca25da76___GHLB_PS Leaf 23.1 Day 13_final_masked.jpg,Tomato___Late_blight
dataset\Tomato___Early_blight\5fdc3c4f-b88a-4aef-8a56-87336f220ff4___RS_Erly.B 6376_final_masked.jpg,Tomato___Early_blight
dataset\Tomato___Bacterial_spot\4ac4ef34-f2c2-4e08-a0d6-ad3d225159f5___GCREC_Bact.Sp 6177_final_masked.jpg,Tomato___Bacterial_spot
dataset\Tomato___healthy\dad127e0-8761-47bd-8ea1-21727847a1f4___RS_HL 0416_final_masked.jpg,Tomato___healthy
dataset\Tomato___Late_blight\a5ef7726-d20f-4109-985f-7fc8989e4aa5___GHLB_PS Leaf 2.2 Day 8_final_masked.jpg,Tomato___Late_blight
dataset\Tomato___healthy\4565ba85-5676-49cf-beac-79832cd30067___RS_HL 0639_final_masked.jpg,Tomato___healthy
dataset\Tomato___Bacterial_spot\a41bdd7e-869b-4341-8023-cfd057efd537___GCREC_Bact.Sp 6278_final_masked.jpg,Tomato___Bacterial_spot
dataset\Tomato___healthy\1421f343-ba3a-424c-ac71-b5eb9ac26c10___GH_HL Leaf 201_final_masked.jpg,Tomato___healthy
dataset\Tomato___Bacterial_spot\2a43c0fa-a3dc-4f6d-a9e9-cb4274ae019f___GCREC_Bact.Sp 3621_final_masked.jpg,Tomato___Bacterial_spot
dataset\Tomato___Bacterial_spot\dde8f28e-38a3-4736-a44b-e37c28b8acd8___UF.GRC_BS_Lab Leaf 8960_final_masked.jpg,Tomato___Bacterial_spot
dataset\Tomato___Bacterial_spot\6b30245b-6c88-4cdb-b170-96bcba1212c4___UF.GRC_BS_Lab Leaf 8765_final_masked.jpg,Tomato___Bacterial_spot
dataset\Tomato___Bacterial_spot\6c60e843-43e5-4983-a406-a77b82d294e2___UF.GRC_BS_Lab Leaf 8811_final_masked.jpg,Tomato___Bacterial_spot
dataset\Tomato___Early_blight\11922494-321b-4742-afbe-f6db6a8b4005___RS_Erly.B 9392_final_masked.jpg,Tomato___Early_blight
dataset\Tomato___Late_blight\07897854-c2ab-465b-8cf7-a134b6066a1c___GHLB Leaf 1.1 Day 6_final_masked.jpg,Tomato___Late_blight
dataset\Tomato___healthy\63568703-0cfc-4d23-a5e1-e3393df2d2fc___RS_HL 0246_final_masked.jpg,Tomato___healthy
dataset\Tomato___Late_blight\9cea37cf-f81c-464d-9379-13026d428cc9___RS_Late.B 5344_final_masked.jpg,Tomato___Late_blight
dataset\Tomato___healthy\45b3e6ad-f79c-4132-9bb5-9e9d26cbdfce___RS_HL 9908_final_masked.jpg,Tomato___healthy
dataset\Tomato___Late_blight\136d79a3-4eea-4415-9f3e-0ccb61d7aeef___RS_Late.B 5216_final_masked.jpg,Tomato___Late_blight
dataset\Tomato___Bacterial_spot\c9270cd9-e0ec-4aee-9411-a7977c2b9af8___GCREC_Bact.Sp 3706_final_masked.jpg,Tomato___Bacterial_spot
dataset\Tomato___Early_blight\65568918-2d9c-4f0c-aa9d-3f4fa8b9a60c___RS_Erly.B 7354_final_masked.jpg,Tomato___Early_blight
dataset\Tomato___Bacterial_spot\0c5eb8e4-e0fb-424a-8873-e43f9a6121ef___GCREC_Bact.Sp 6281_final_masked.jpg,Tomato___Bacterial_spot
dataset\Tomato___Bacterial_spot\357e7fb6-0d3f-44f5-9f13-ae84759da804___UF.GRC_BS_Lab Leaf 0525_final_masked.jpg,Tomato___Bacterial_spot
dataset\Tomato___Bacterial_spot\ce5152ad-92fb-4187-80f6-eef2524bf131___GCREC_Bact.Sp 3432_final_masked.jpg,Tomato___Bacterial_spot
dataset\Tomato___Early_blight\7a259d3d-cca4-4041-88ec-d3140cd96f25___RS_Erly.B 7415_final_masked.jpg,Tomato___Early_blight
dataset\Tomato___Late_blight\88a90e6d-c7d6-4ecb-a52f-c9ac596e39ee___GHLB2 Leaf 8648_final_masked.jpg,Tomato___Late_blight
dataset\Tomato___Bacterial_spot\06ac210d-bdb1-4224-9053-c218cb14fa60___GCREC_Bact.Sp 3220_final_masked.jpg,Tomato___Bacterial_spot
dataset\Tomato___Late_blight\979c7630-3f70-4b8e-80eb-cbcc479e8220___RS_Late.B 5019_final_masked.jpg,Tomato___Late_blight
dataset\Tomato___Late_blight\4cbf0243-7350-4ce5-893a-34f7b13c97ea___RS_Late.B 6810_final_masked.jpg,Tomato___Late_blight
dataset\Tomato___healthy\0fd3432a-e22a-4a71-9a63-1c56ee4ce067___GH_HL Leaf 463.1_final_masked.jpg,Tomato___healthy
dataset\Tomato___Late_blight\7868d41c-77db-4a0e-90e3-b4a90a17bfdc___RS_Late.B 5401_final_masked.jpg,Tomato___Late_blight
dataset\Tomato___Bacterial_spot\afb75fca-bf21-4def-99aa-1fdf5455a95a___GCREC_Bact.Sp 3440_final_masked.jpg,Tomato___Bacterial_spot
dataset\Tomato___Late_blight\80143d7f-db3e-4ed8-8a20-647dc0caa908___GHLB2 Leaf 78_final_masked.jpg,Tomato___Late_blight
dataset\Tomato___Late_blight\9c726f4e-045b-4080-b53d-d7e66d45bcb1___RS_Late.B 4876_final_masked.jpg,Tomato___Late_blight
dataset\Tomato___Late_blight\a7c97904-d28e-4dd3-93d1-0758a44bba96___RS_Late.B 7089_final_masked.jpg,Tomato___Late_blight
dataset\Tomato___Late_blight\67bb7136-ae93-4839-853b-26e6cbf868f6___GHLB2 Leaf 105_final_masked.jpg,Tomato___Late_blight
dataset\Tomato___Bacterial_spot\8bae19e3-0db1-423f-a588-665eb7f08eb9___GCREC_Bact.Sp 6355_final_masked.jpg,Tomato___Bacterial_spot
dataset\Tomato___Bacterial_spot\c693b071-ccf9-40e9-97f9-341c2da3c5b1___GCREC_Bact.Sp 3751_final_masked.jpg,Tomato___Bacterial_spot
dataset\Tomato___Late_blight\225d8d96-41c1-4a03-b02d-0c1ca8c2017a___RS_Late.B 6795_final_masked.jpg,Tomato___Late_blight
dataset\Tomato___healthy\fcfb486e-63dc-405c-8a17-0551e5f76959___RS_HL 9663_final_masked.jpg,Tomato___healthy
dataset\Tomato___Bacterial_spot\1552a68d-efde-4536-b883-f6da947f5a33___GCREC_Bact.Sp 5583_final_masked.jpg,Tomato___Bacterial_spot
dataset\Tomato___Bacterial_spot\a58a9c80-0f76-42ac-8f85-a734ea417286___GCREC_Bact.Sp 3017_final_masked.jpg,Tomato___Bacterial_spot
dataset\Tomato___Bacterial_spot\8ff85c38-bc88-4bd3-872b-363316b27b5b___GCREC_Bact.Sp 5843_final_masked.jpg,Tomato___Bacterial_spot
dataset\Tomato___healthy\80e6c399-040d-426f-94d9-8fb720b3836d___RS_HL 0333_final_masked.jpg,Tomato___healthy
dataset\Tomato___healthy\0d70d565-520e-474c-85c1-ab478c9f1d4b___GH_HL Leaf 203.1_final_masked.jpg,Tomato___healthy
dataset\Tomato___Late_blight\0f575c94-5c7d-4058-9e65-9046572f9370___GHLB2 Leaf 8956_final_masked.jpg,Tomato___Late_blight
dataset\Tomato___healthy\fda63621-b0eb-4938-8ec4-8afffc81ddd6___GH_HL Leaf 268_final_masked.jpg,Tomato___healthy
dataset\Tomato___healthy\06704d9f-3bbc-40cd-a5eb-258ed55e172b___GH_HL Leaf 491.1_final_masked.jpg,Tomato___healthy
dataset\Tomato___Late_blight\a3deb552-d098-4b15-992a-d6f2fc49ae4c___GHLB2 Leaf 109.1_final_masked.jpg,Tomato___Late_blight
dataset\Tomato___healthy\bb9683d5-9302-4525-bd77-05153f65ffa3___RS_HL 0623_final_masked.jpg,Tomato___healthy
dataset\Tomato___Bacterial_spot\befc4ca2-a878-4f85-b983-c1506a4a1a69___GCREC_Bact.Sp 5883_final_masked.jpg,Tomato___Bacterial_spot
dataset\Tomato___healthy\fd09836b-96be-498a-a720-e17a54522de7___RS_HL 9687_final_masked.jpg,Tomato___healthy
dataset\Tomato___Late_blight\17fcb016-4663-4f95-bc0b-b40392235015___GHLB_PS Leaf 35.1 Day 13_final_masked.jpg,Tomato___Late_blight
dataset\Tomato___Late_blight\94f53287-b156-4ece-94a2-3c12783e4fbb___RS_Late.B 5409_final_masked.jpg,Tomato___Late_blight
dataset\Tomato___healthy\d673db62-484e-49d3-baca-0ffc0d2ba8f5___RS_HL 0230_final_masked.jpg,Tomato___healthy
dataset\Tomato___healthy\bc5e650e-075e-4359-9f31-79cd0ef3208b___RS_HL 9807_final_masked.jpg,Tomato___healthy
dataset\Tomato___Bacterial_spot\d64951f4-a447-44c7-80b7-1143a6e4a4e8___UF.GRC_BS_Lab Leaf 9190_final_masked.jpg,Tomato___Bacterial_spot
dataset\Tomato___healthy\d7c5d552-e2c6-4868-ac4a-4ffa33151632___RS_HL 0502_final_masked.jpg,Tomato___healthy
dataset\Tomato___Late_blight\7b343a4c-5fbc-40f6-83da-ccae49ebd5fb___GHLB_PS Leaf 35 Day 13_final_masked.jpg,Tomato___Late_blight
dataset\Tomato___Early_blight\e221d1fa-e003-44eb-a0b0-57e8fcd73fd3___RS_Erly.B 7571_final_masked.jpg,Tomato___Early_blight
dataset\Tomato___Late_blight\76f42272-013f-4150-8c60-58a853336160___GHLB2 Leaf 82_final_masked.jpg,Tomato___Late_blight
dataset\Tomato___Early_blight\eefcdf5d-5207-47ca-916d-0479f010bae8___RS_Erly.B 9482_final_masked.jpg,Tomato___Early_blight
dataset\Tomato___Bacterial_spot\76bf0511-84d8-4609-94e6-248bea3d1465___GCREC_Bact.Sp 6032_final_masked.jpg,Tomato___Bacterial_spot
dataset\Tomato___Bacterial_spot\2e44b9e9-05f3-4465-9747-b90a5ea44579___UF.GRC_BS_Lab Leaf 0224_final_masked.jpg,Tomato___Bacterial_spot
dataset\Tomato___Late_blight\851d91ae-4a1f-448e-afdc-09a961345353___RS_Late.B 5466_final_masked.jpg,Tomato___Late_blight
dataset\Tomato___Bacterial_spot\9040e017-35a4-4f74-a327-7c7d6f20ef65___GCREC_Bact.Sp 5578_final_masked.jpg,Tomato___Bacterial_spot
dataset\Tomato___healthy\c910ce6d-8dd7-4c9f-9530-dd26684058d3___RS_HL 9697_final_masked.jpg,Tomato___healthy
dataset\Tomato___Early_blight\5c498e4e-e9b8-4380-828e-53dfd9beb683___RS_Erly.B 7788_final_masked.jpg,Tomato___Early_blight
dataset\Tomato___Bacterial_spot\32600a73-f03e-448b-b0a2-dcf5e894eac7___GCREC_Bact.Sp 5587_final_masked.jpg,Tomato___Bacterial_spot
dataset\Tomato___Bacterial_spot\891189aa-f345-470c-91ad-509bae4bf611___GCREC_Bact.Sp 3277_final_masked.jpg,Tomato___Bacterial_spot
dataset\Tomato___Early_blight\57ff9c36-2345-4401-986e-d9c06a784c15___RS_Erly.B 9515_final_masked.jpg,Tomato___Early_blight
dataset\Tomato___Early_blight\22b8de0e-636d-4407-a270-ef3614c33227___RS_Erly.B 8257_final_masked.jpg,Tomato___Early_blight
dataset\Tomato___Bacterial_spot\5def221c-54e3-4322-ba12-327adcd50dee___GCREC_Bact.Sp 3014_final_masked.jpg,Tomato___Bacterial_spot
dataset\Tomato___healthy\66534b5a-a6b7-46bb-bc09-a6bba9d9a61a___GH_HL Leaf 225.2_final_masked.jpg,Tomato___healthy
dataset\Tomato___healthy\7d1cbe82-bda7-498a-ac8f-f01a0e279940___RS_HL 9639_final_masked.jpg,Tomato___healthy
dataset\Tomato___healthy\c59a5a86-2645-49e0-a6e0-c9e8112f95d5___GH_HL Leaf 166.1_final_masked.jpg,Tomato___healthy
dataset\Tomato___Bacterial_spot\624af462-6321-42a3-a79e-52cedc26a10e___GCREC_Bact.Sp 3764_final_masked.jpg,Tomato___Bacterial_spot
dataset\Tomato___Late_blight\c03b8994-6c6e-4997-83fd-803f3cc580ad___GHLB2 Leaf 8833_final_masked.jpg,Tomato___Late_blight
dataset\Tomato___healthy\50a1376a-3a56-40b5-9f95-614689509505___GH_HL Leaf 413_final_masked.jpg,Tomato___healthy
dataset\Tomato___Late_blight\589aa880-2e56-4025-b997-6c495644302a___GHLB Leaf 2.1 Day 6_final_masked.jpg,Tomato___Late_blight
dataset\Tomato___Bacterial_spot\bf962eca-a579-4f9d-aab4-7406179290b9___GCREC_Bact.Sp 6283_final_masked.jpg,Tomato___Bacterial_spot
dataset\Tomato___Bacterial_spot\0e94696b-3e0d-4d4c-a712-01197e228cf1___UF.GRC_BS_Lab Leaf 8641_final_masked.jpg,Tomato___Bacterial_spot
dataset\Tomato___Bacterial_spot\25a94cb1-a32d-4da4-a379-4d5732fb6f5e___GCREC_Bact.Sp 3615_final_masked.jpg,Tomato___Bacterial_spot
dataset\Tomato___Bacterial_spot\177b313d-c3e5-417f-b17b-d945ca4e48ea___GCREC_Bact.Sp 5687_final_masked.jpg,Tomato___Bacterial_spot
dataset\Tomato___healthy\74579097-2dd7-4d15-8f73-f09e7d919b51___RS_HL 9773_final_masked.jpg,Tomato___healthy
dataset\Tomato___Bacterial_spot\6ce28ed1-b504-427c-97fe-1ca22d7dd20a___GCREC_Bact.Sp 3061_final_masked.jpg,Tomato___Bacterial_spot
dataset\Tomato___Bacterial_spot\8e97cba6-8d12-420d-b2a7-914af21e0c7b___GCREC_Bact.Sp 6066_final_masked.jpg,Tomato___Bacterial_spot
dataset\Tomato___Late_blight\39f11cfa-d3a8-4845-9cc8-8ffa2f707d66___RS_Late.B 6119_final_masked.jpg,Tomato___Late_blight
dataset\Tomato___Late_blight\0406a9d1-1b4e-42e2-814b-e03e525a51b2___RS_Late.B 5224_final_masked.jpg,Tomato___Late_blight
dataset\Tomato___Late_blight\91b7a899-ee48-4bc2-98a9-f6a5fbf01a1d___RS_Late.B 5084_final_masked.jpg,Tomato___Late_blight
dataset\Tomato___Bacterial_spot\50affc63-4d3e-4eb4-ad9c-4f9b7311e989___GCREC_Bact.Sp 3035_final_masked.jpg,Tomato___Bacterial_spot
dataset\Tomato___Bacterial_spot\61a05330-1086-4891-8482-3f422ff59492___GCREC_Bact.Sp 3429_final_masked.jpg,Tomato___Bacterial_spot
dataset\Tomato___Bacterial_spot\27753ef8-a51a-4414-970d-c26419c6e13a___GCREC_Bact.Sp 3252_final_masked.jpg,Tomato___Bacterial_spot
dataset\Tomato___healthy\1ca23194-53c1-44a9-973a-39aa073f4a33___RS_HL 0058_final_masked.jpg,Tomato___healthy
dataset\Tomato___Bacterial_spot\d1b03545-d17a-4d66-82b9-6c7e73e71906___GCREC_Bact.Sp 6316_final_masked.jpg,Tomato___Bacterial_spot
dataset\Tomato___Bacterial_spot\7b364fcb-622e-40fd-92fe-aec01682497e___GCREC_Bact.Sp 6087_final_masked.jpg,Tomato___Bacterial_spot
dataset\Tomato___Late_blight\85a581dc-108b-4ca0-9f34-f8b2baeccbe6___GHLB2 Leaf 8788_final_masked.jpg,Tomato___Late_blight
dataset\Tomato___Early_blight\6797ee0c-20a8-4a39-ab57-f65eb9c57885___RS_Erly.B 7647_final_masked.jpg,Tomato___Early_blight
dataset\Tomato___Bacterial_spot\1a83cb1d-6e47-4caf-931f-61ecad37dca4___GCREC_Bact.Sp 6167_final_masked.jpg,Tomato___Bacterial_spot
dataset\Tomato___Late_blight\760a8072-2979-49aa-a6bf-e075151758d8___RS_Late.B 5089_final_masked.jpg,Tomato___Late_blight
dataset\Tomato___Late_blight\0b33d7a7-d017-4857-845a-874a004ccd26___RS_Late.B 4970_final_masked.jpg,Tomato___Late_blight
dataset\Tomato___healthy\b4a854a1-cd40-4bac-b377-97fc49b8314c___RS_HL 9628_final_masked.jpg,Tomato___healthy
dataset\Tomato___Bacterial_spot\fa70414b-4b11-43b7-a335-f73714c4894e___GCREC_Bact.Sp 3211_final_masked.jpg,Tomato___Bacterial_spot
dataset\Tomato___Bacterial_spot\fae0f0ee-3a9a-403f-b95f-97caa0efaabd___GCREC_Bact.Sp 5615_final_masked.jpg,Tomato___Bacterial_spot
dataset\Tomato___Late_blight\0545d961-8c4c-43ee-9574-e05d7682a99f___GHLB2 Leaf 8631_final_masked.jpg,Tomato___Late_blight
dataset\Tomato___Bacterial_spot\6fba21aa-5e08-4072-af5c-1ffb9cf67c92___GCREC_Bact.Sp 5551_final_masked.jpg,Tomato___Bacterial_spot
dataset\Tomato___Late_blight\784f6313-1080-4bd1-a556-d4e14e6879d0___GHLB_PS Leaf 53.1 Day 18 _final_masked.jpg,Tomato___Late_blight
dataset\Tomato___healthy\3e6c73ad-cfcb-4614-b927-150c2c642c9e___RS_HL 0074_final_masked.jpg,Tomato___healthy
dataset\Tomato___Late_blight\7d8f07cb-cb5b-4c4a-97f9-224258af8343___GHLB2 Leaf 8791_final_masked.jpg,Tomato___Late_blight
dataset\Tomato___Bacterial_spot\90c73b3d-1467-4c37-81d0-a264e13348a6___GCREC_Bact.Sp 3147_final_masked.jpg,Tomato___Bacterial_spot
dataset\Tomato___Bacterial_spot\99dd70e6-925c-43df-b82a-66137e9663a4___GCREC_Bact.Sp 5848_final_masked.jpg,Tomato___Bacterial_spot
dataset\Tomato___healthy\32beeb9a-49d5-4ffe-bee0-216779e4306e___RS_HL 0327_final_masked.jpg,Tomato___healthy
dataset\Tomato___Bacterial_spot\fac7526f-f9b4-439f-a158-48f8f04ccd4a___GCREC_Bact.Sp 6250_final_masked.jpg,Tomato___Bacterial_spot
dataset\Tomato___Late_blight\c8e70ac1-1fbc-496d-a6eb-954ef48d4f56___RS_Late.B 4932_final_masked.jpg,Tomato___Late_blight
dataset\Tomato___Early_blight\e3e8305e-a7f1-4ac2-9ed0-7a09660b2fa3___RS_Erly.B 9447_final_masked.jpg,Tomato___Early_blight
dataset\Tomato___Bacterial_spot\bea776af-8c63-4376-a7f2-7cbd0e15e743___GCREC_Bact.Sp 3631_final_masked.jpg,Tomato___Bacterial_spot
dataset\Tomato___Late_blight\e4da845b-394d-4c3b-8f7c-cdab011acafd___RS_Late.B 6712_final_masked.jpg,Tomato___Late_blight
dataset\Tomato___healthy\5d5b9f07-dd6a-4927-9ca0-92945e9ad8df___GH_HL Leaf 209.1_final_masked.jpg,Tomato___healthy
dataset\Tomato___Late_blight\67b4c3a2-6d38-4db4-be3e-7655303ae13c___RS_Late.B 5051_final_masked.jpg,Tomato___Late_blight
dataset\Tomato___Late_blight\35a4883c-bef7-4465-b136-a7465a0752de___RS_Late.B 5054_final_masked.jpg,Tomato___Late_blight
dataset\Tomato___Late_blight\d865620c-16b6-484b-a45b-71ebc126d53f___GHLB2 Leaf 8795_final_masked.jpg,Tomato___Late_blight
dataset\Tomato___Late_blight\aa1945c1-9d44-4e84-a18c-e5d78e3f4c37___RS_Late.B 5601_final_masked.jpg,Tomato___Late_blight
dataset\Tomato___Late_blight\eedd252b-1d20-4cc8-94ca-b8800334996c___GHLB2 Leaf 8667_final_masked.jpg,Tomato___Late_blight
dataset\Tomato___Late_blight\b6c7fcf9-6f88-4814-9620-04ae2c23cbad___RS_Late.B 5234_final_masked.jpg,Tomato___Late_blight
dataset\Tomato___Early_blight\84fe717f-2161-43c2-ad2f-ee2678a31e9f___RS_Erly.B 9416_final_masked.jpg,Tomato___Early_blight
dataset\Tomato___Bacterial_spot\6d0dd572-9911-4c87-8493-7dde760c19bf___GCREC_Bact.Sp 3055_final_masked.jpg,Tomato___Bacterial_spot
dataset\Tomato___Bacterial_spot\5c130080-6cae-4d1e-acd7-629129d66a47___UF.GRC_BS_Lab Leaf 0412_final_masked.jpg,Tomato___Bacterial_spot
dataset\Tomato___Bacterial_spot\46520eb0-dbd0-40c7-ba4f-37510a15af9e___GCREC_Bact.Sp 5558_final_masked.jpg,Tomato___Bacterial_spot
dataset\Tomato___Bacterial_spot\1d83362f-5ea5-40f4-aa21-dfff0e99aff7___UF.GRC_BS_Lab Leaf 0566_final_masked.jpg,Tomato___Bacterial_spot
dataset\Tomato___healthy\e73f62f9-46f5-4827-a891-169cd96e066e___RS_HL 0467_final_masked.jpg,Tomato___healthy
dataset\Tomato___healthy\2a8f7c7a-fbd4-4669-90eb-61ee118db2a7___RS_HL 0126_final_masked.jpg,Tomato___healthy
dataset\Tomato___Bacterial_spot\da934beb-3546-440a-83a8-016d9d480824___GCREC_Bact.Sp 3464_final_masked.jpg,Tomato___Bacterial_spot
dataset\Tomato___Late_blight\a5278b93-6815-488a-b359-27edb3ff7220___RS_Late.B 5381_final_masked.jpg,Tomato___Late_blight
dataset\Tomato___healthy\e1eaf28e-7726-4e87-a1f4-f1ccd44355d7___RS_HL 0405_final_masked.jpg,Tomato___healthy
dataset\Tomato___Late_blight\b4a271bd-619a-4735-8fd5-28124c4f4508___GHLB2 Leaf 8949_final_masked.jpg,Tomato___Late_blight
dataset\Tomato___Bacterial_spot\f14581e5-cc67-403d-a4f3-7f0be31b4899___GCREC_Bact.Sp 3497_final_masked.jpg,Tomato___Bacterial_spot
dataset\Tomato___Bacterial_spot\0eeb4776-110d-4100-8c88-26a64eb05b22___GCREC_Bact.Sp 6101_final_masked.jpg,Tomato___Bacterial_spot
dataset\Tomato___healthy\ad270b53-60f2-4d27-8d7a-54d8f60f268b___RS_HL 0253_final_masked.jpg,Tomato___healthy
dataset\Tomato___Late_blight\5916c8e5-c9d2-4bc5-b5e7-8812caf890aa___GHLB_PS Leaf 29 Day 12_final_masked.jpg,Tomato___Late_blight
dataset\Tomato___Bacterial_spot\d5811974-694f-4a83-a5d1-cfa56f59c67a___UF.GRC_BS_Lab Leaf 0384_final_masked.jpg,Tomato___Bacterial_spot
dataset\Tomato___healthy\9df3c983-0c0c-4e9b-a0c8-f3e1fd3ec908___RS_HL 0634_final_masked.jpg,Tomato___healthy
dataset\Tomato___Early_blight\5d5d73a4-b480-4479-a5a5-8d6ba6909eac___RS_Erly.B 9409_final_masked.jpg,Tomato___Early_blight
dataset\Tomato___Bacterial_spot\b6b93fa0-be86-452b-86ff-dc7863af16ba___UF.GRC_BS_Lab Leaf 8785_final_masked.jpg,Tomato___Bacterial_spot
dataset\Tomato___Late_blight\f8e2f06c-ffc4-426b-a7ad-300f6472fdcc___RS_Late.B 5238_final_masked.jpg,Tomato___Late_blight
dataset\Tomato___Bacterial_spot\225a427b-3e65-45fc-aaa4-1210fb81c20e___GCREC_Bact.Sp 3457_final_masked.jpg,Tomato___Bacterial_spot
dataset\Tomato___Bacterial_spot\43d79893-c9e3-49b1-9dd7-52677d9bd325___GCREC_Bact.Sp 3196_final_masked.jpg,Tomato___Bacterial_spot
dataset\Tomato___Bacterial_spot\4850260f-50f5-4f6a-a0ab-1b5b744bdd13___GCREC_Bact.Sp 3346_final_masked.jpg,Tomato___Bacterial_spot
dataset\Tomato___healthy\45aa56d9-24bf-40e4-93ca-a34ce0fb905d___RS_HL 0144_final_masked.jpg,Tomato___healthy
dataset\Tomato___Bacterial_spot\7688c6b6-910a-4f6f-854e-e00bf11ce9b0___UF.GRC_BS_Lab Leaf 9045_final_masked.jpg,Tomato___Bacterial_spot
dataset\Tomato___Bacterial_spot\d41b41df-08b1-498c-9c41-6967a6a46151___GCREC_Bact.Sp 3109_final_masked.jpg,Tomato___Bacterial_spot
dataset\Tomato___Bacterial_spot\9484f784-b2c1-4bba-b085-ccf981c01d31___GCREC_Bact.Sp 6267_final_masked.jpg,Tomato___Bacterial_spot
dataset\Tomato___healthy\77e04405-25a3-4be4-8fa8-60c73888eca6___RS_HL 0599_final_masked.jpg,Tomato___healthy
dataset\Tomato___Bacterial_spot\ab4114fb-2312-41ba-a60d-bd262c97889f___GCREC_Bact.Sp 6258_final_masked.jpg,Tomato___Bacterial_spot
dataset\Tomato___Bacterial_spot\6a4a7ca5-06c2-44b6-b08c-073d94a01db4___GCREC_Bact.Sp 5960_final_masked.jpg,Tomato___Bacterial_spot
dataset\Tomato___Bacterial_spot\86ea5fc3-b719-46a9-bee2-66eb0b3a217a___GCREC_Bact.Sp 5833_final_masked.jpg,Tomato___Bacterial_spot
dataset\Tomato___healthy\f0068af9-0c54-4a08-8cf1-3890bead99d0___RS_HL 0336_final_masked.jpg,Tomato___healthy
dataset\Tomato___healthy\eb2c5c0c-2422-4c38-af0a-624e97f9f981___RS_HL 0603_final_masked.jpg,Tomato___healthy
dataset\Tomato___Early_blight\4ce52d04-06f4-4b35-af47-804fdabed996___RS_Erly.B 8254_final_masked.jpg,Tomato___Early_blight
dataset\Tomato___healthy\b3ff240c-bcdd-4926-9e87-c515cd6c2971___GH_HL Leaf 409_final_masked.jpg,Tomato___healthy
dataset\Tomato___Early_blight\f33995ae-6456-476c-b832-4ff4cbaf49f7___RS_Erly.B 7525_final_masked.jpg,Tomato___Early_blight
dataset\Tomato___healthy\9b668abb-fc96-412e-948f-442af45ec580___RS_HL 9972_final_masked.jpg,Tomato___healthy
dataset\Tomato___Early_blight\ba75cd48-68cb-49cb-9d79-d03c1b007852___RS_Erly.B 7432_final_masked.jpg,Tomato___Early_blight
dataset\Tomato___healthy\efe6c986-b85c-40f1-8cb5-345acbb36b71___RS_HL 0579_final_masked.jpg,Tomato___healthy
dataset\Tomato___Early_blight\69e0581c-14a5-42d8-ad48-4f689d05632f___RS_Erly.B 6432_final_masked.jpg,Tomato___Early_blight
dataset\Tomato___Early_blight\baea464c-e54b-4e22-8bbc-8047d19ed0cf___RS_Erly.B 8323_final_masked.jpg,Tomato___Early_blight
dataset\Tomato___Late_blight\1e55a2c0-6618-4c42-93a6-cfc8a9d5ca77___GHLB2 Leaf 9039_final_masked.jpg,Tomato___Late_blight
dataset\Tomato___healthy\5216e02b-891f-4b00-9768-73f13e6d8ebf___GH_HL Leaf 433.1_final_masked.jpg,Tomato___healthy
dataset\Tomato___Late_blight\f3b38383-f6ff-4779-a57a-fd1766721555___GHLB2 Leaf 9088_final_masked.jpg,Tomato___Late_blight
dataset\Tomato___Bacterial_spot\ef79c0ac-b8c5-437b-8d10-971f819b4ab8___GCREC_Bact.Sp 6084_final_masked.jpg,Tomato___Bacterial_spot
dataset\Tomato___Early_blight\503785a3-9eaa-4887-b832-2288f747624a___RS_Erly.B 7636_final_masked.jpg,Tomato___Early_blight
dataset\Tomato___Bacterial_spot\e8b966f1-b1e8-460d-899f-73a3780a36e4___GCREC_Bact.Sp 6179_final_masked.jpg,Tomato___Bacterial_spot
dataset\Tomato___Late_blight\c9c8854f-00f2-4bec-b263-f03354f58114___RS_Late.B 6997_final_masked.jpg,Tomato___Late_blight
dataset\Tomato___Bacterial_spot\3eb58ecd-dff2-47e6-a7a9-81fc4b75ada0___GCREC_Bact.Sp 5563_final_masked.jpg,Tomato___Bacterial_spot
dataset\Tomato___Bacterial_spot\ad9ce3a4-3686-42dd-b64c-c6ebc6c0b242___GCREC_Bact.Sp 6195_final_masked.jpg,Tomato___Bacterial_spot
dataset\Tomato___Early_blight\d354267e-4855-4197-a18a-668d706db705___RS_Erly.B 7405_final_masked.jpg,Tomato___Early_blight
dataset\Tomato___Late_blight\03d8267a-c675-439f-9b98-a9c7653dd05e___GHLB2 Leaf 8558_final_masked.jpg,Tomato___Late_blight
dataset\Tomato___Late_blight\7879051c-bbca-4c32-946d-34cf2a02434d___GHLB2 Leaf 8851_final_masked.jpg,Tomato___Late_blight
dataset\Tomato___Bacterial_spot\b760ae3c-bca5-48e1-bce3-a03e515dea88___GCREC_Bact.Sp 3322_final_masked.jpg,Tomato___Bacterial_spot
dataset\Tomato___Early_blight\d204ed67-ae0c-40fa-84a4-0e7ef9bca62d___RS_Erly.B 8432_final_masked.jpg,Tomato___Early_blight
dataset\Tomato___Bacterial_spot\7410937a-85f8-48ae-bebf-eed37eddf361___GCREC_Bact.Sp 5858_final_masked.jpg,Tomato___Bacterial_spot
dataset\Tomato___Early_blight\b383b96d-13d9-454a-a179-3093e48d8708___RS_Erly.B 7500_final_masked.jpg,Tomato___Early_blight
dataset\Tomato___Late_blight\6d746e99-e139-42e5-b0be-4c38c0efe6b2___RS_Late.B 5456_final_masked.jpg,Tomato___Late_blight
dataset\Tomato___Late_blight\90b4fa52-1f63-466f-ab26-e2b180935c94___RS_Late.B 6323_final_masked.jpg,Tomato___Late_blight
dataset\Tomato___Late_blight\67a63018-22b8-45c5-8f71-90f7589a6ba5___GHLB2 Leaf 9032_final_masked.jpg,Tomato___Late_blight
dataset\Tomato___Late_blight\a5e71962-bf6d-486d-ab54-14004feb76da___RS_Late.B 6088_final_masked.jpg,Tomato___Late_blight
dataset\Tomato___Late_blight\6f6d2197-8756-4771-ac32-61bd0bc31aa0___GHLB2 Leaf 9074_final_masked.jpg,Tomato___Late_blight
dataset\Tomato___healthy\33936d1f-7074-49d2-9b3e-3964972fc636___RS_HL 0119_final_masked.jpg,Tomato___healthy
dataset\Tomato___Bacterial_spot\2ef68d83-8e54-49b9-9a2e-67382e843a31___GCREC_Bact.Sp 3190_final_masked.jpg,Tomato___Bacterial_spot
dataset\Tomato___Bacterial_spot\0cc3364e-3f2a-42b2-aefe-5af03dad2966___GCREC_Bact.Sp 5580_final_masked.jpg,Tomato___Bacterial_spot
dataset\Tomato___Early_blight\08fe6531-bb66-4e0a-98b3-4b86a794f9f9___RS_Erly.B 7483_final_masked.jpg,Tomato___Early_blight
dataset\Tomato___Bacterial_spot\d9abd611-5a0a-4d54-8c73-8df2c7f909d2___GCREC_Bact.Sp 5815_final_masked.jpg,Tomato___Bacterial_spot
dataset\Tomato___Early_blight\6873f362-d13b-41f7-a44d-da51875e46f1___RS_Erly.B 9436_final_masked.jpg,Tomato___Early_blight
dataset\Tomato___Early_blight\e87f8d6a-9728-4d12-b6b3-e07c77db939b___RS_Erly.B 9576_final_masked.jpg,Tomato___Early_blight
dataset\Tomato___healthy\e2869c8b-aedf-4074-bb99-28e6ed2b4223___RS_HL 9673_final_masked.jpg,Tomato___healthy
dataset\Tomato___Bacterial_spot\e4ea3383-b5fc-45b6-a583-0363f632c3be___GCREC_Bact.Sp 3094_final_masked.jpg,Tomato___Bacterial_spot
dataset\Tomato___Late_blight\44de5100-871f-495d-b4c6-70ab89059a68___RS_Late.B 7043_final_masked.jpg,Tomato___Late_blight
dataset\Tomato___healthy\5bded339-547a-4f93-b7cf-bbf8c948aa26___RS_HL 9748_final_masked.jpg,Tomato___healthy
dataset\Tomato___Early_blight\29fb6588-a368-4143-9cdd-8a131f0d50f4___RS_Erly.B 7779_final_masked.jpg,Tomato___Early_blight
dataset\Tomato___Late_blight\573be558-1fa3-4889-88d6-4c733f4c79d6___GHLB2 Leaf 8598_final_masked.jpg,Tomato___Late_blight
dataset\Tomato___healthy\f17dd662-f947-4892-9136-56dbe0feaca2___RS_HL 0503_final_masked.jpg,Tomato___healthy
dataset\Tomato___Bacterial_spot\2290365c-ec97-46fb-bc6c-51395d458821___GCREC_Bact.Sp 5937_final_masked.jpg,Tomato___Bacterial_spot
dataset\Tomato___Bacterial_spot\fe5de322-e644-44d7-9492-86cc6ed022b5___UF.GRC_BS_Lab Leaf 9072_final_masked.jpg,Tomato___Bacterial_spot
dataset\Tomato___Late_blight\b7c56bb2-80c1-4ffb-9be5-f8bf669ce6d8___GHLB2 Leaf 9025_final_masked.jpg,Tomato___Late_blight
dataset\Tomato___Late_blight\8fb69288-9a9a-429d-96ff-a425e9753cef___RS_Late.B 6913_final_masked.jpg,Tomato___Late_blight
dataset\Tomato___Early_blight\676eb874-87e8-4f5d-bd38-013799c31996___RS_Erly.B 6458_final_masked.jpg,Tomato___Early_blight
dataset\Tomato___healthy\2b91175f-d3de-47dd-b386-5fd639e8b531___RS_HL 0216_final_masked.jpg,Tomato___healthy
dataset\Tomato___healthy\85656232-738b-4a83-ab54-cfa6ecff99f1___RS_HL 0477_final_masked.jpg,Tomato___healthy
dataset\Tomato___Bacterial_spot\e8d5ea0b-2943-4529-9238-b0f7d087250b___GCREC_Bact.Sp 3056_final_masked.jpg,Tomato___Bacterial_spot
dataset\Tomato___Bacterial_spot\72bde0f1-7bb5-4943-8548-d3e912f314e8___GCREC_Bact.Sp 5786_final_masked.jpg,Tomato___Bacterial_spot
dataset\Tomato___healthy\32de8c50-e831-456a-b46b-352a58c129cc___RS_HL 0007_final_masked.jpg,Tomato___healthy
dataset\Tomato___healthy\71867583-027b-4304-8854-7b88efaf280b___RS_HL 9920_final_masked.jpg,Tomato___healthy
dataset\Tomato___healthy\3eb7e000-68e2-4cf3-b202-2aaf17642cb4___RS_HL 9957_final_masked.jpg,Tomato___healthy
dataset\Tomato___Bacterial_spot\be5c54f2-f81d-4365-ac23-6a1c4ce3c8d8___GCREC_Bact.Sp 3611_final_masked.jpg,Tomato___Bacterial_spot
dataset\Tomato___Bacterial_spot\5e258cf7-39d9-4f9e-9727-61401a3cb841___GCREC_Bact.Sp 5612_final_masked.jpg,Tomato___Bacterial_spot
dataset\Tomato___Bacterial_spot\acbad9e6-d801-48d5-92ee-9fae23fcfb93___UF.GRC_BS_Lab Leaf 0250_final_masked.jpg,Tomato___Bacterial_spot
dataset\Tomato___Late_blight\79619905-8b34-42a0-8176-17e28c200a5b___RS_Late.B 5090_final_masked.jpg,Tomato___Late_blight
dataset\Tomato___Early_blight\5d89c2ab-31d9-4f0a-bd00-2c2475b2a037___RS_Erly.B 9377_final_masked.jpg,Tomato___Early_blight
dataset\Tomato___healthy\c49577fa-06ce-40f1-ab69-ff21836b5061___GH_HL Leaf 277.2_final_masked.jpg,Tomato___healthy
dataset\Tomato___Late_blight\2018ff03-69eb-437f-96e2-f51801042c32___RS_Late.B 6157_final_masked.jpg,Tomato___Late_blight
dataset\Tomato___Bacterial_spot\bd968a32-63e8-4f39-a379-c2e469622250___GCREC_Bact.Sp 3496_final_masked.jpg,Tomato___Bacterial_spot
dataset\Tomato___Late_blight\31ba9bec-b1f2-49ee-b531-df197dc83ac5___GHLB2 Leaf 116_final_masked.jpg,Tomato___Late_blight
dataset\Tomato___Bacterial_spot\08fd8d64-fdb3-49bb-93d9-6635ced701d4___UF.GRC_BS_Lab Leaf 0272_final_masked.jpg,Tomato___Bacterial_spot
dataset\Tomato___healthy\90af034e-dedd-4edf-afb7-9449c4508535___RS_HL 9675_final_masked.jpg,Tomato___healthy
dataset\Tomato___healthy\9d06e189-6e39-4fb9-853b-e2ce180469a5___RS_HL 0407_final_masked.jpg,Tomato___healthy
dataset\Tomato___Early_blight\8b448aba-68ad-461d-a8f4-99c6ccee8fbe___RS_Erly.B 7463_final_masked.jpg,Tomato___Early_blight
dataset\Tomato___Late_blight\62ca9559-f079-4bac-864e-9da06a4eb3a2___GHLB2 Leaf 148.1_final_masked.jpg,Tomato___Late_blight
dataset\Tomato___Bacterial_spot\b4181c58-367b-4289-a1f1-7d0ec04ebf58___GCREC_Bact.Sp 3555_final_masked.jpg,Tomato___Bacterial_spot
dataset\Tomato___Early_blight\d60c253c-b97e-4076-8eac-bae34e1bbdc9___RS_Erly.B 7749_final_masked.jpg,Tomato___Early_blight
dataset\Tomato___Late_blight\7da8f393-2df9-42cc-a864-bc8d7ead2fe4___GHLB2 Leaf 8619_final_masked.jpg,Tomato___Late_blight
dataset\Tomato___healthy\45a1a63e-d00e-434d-b1b8-5b14dcde5b1e___GH_HL Leaf 250_final_masked.jpg,Tomato___healthy
dataset\Tomato___healthy\ceb2bf82-b22d-43bb-9a32-cac11e19febd___RS_HL 0406_final_masked.jpg,Tomato___healthy
dataset\Tomato___Late_blight\72e49321-5eeb-4669-9641-0e9146da9159___RS_Late.B 5102_final_masked.jpg,Tomato___Late_blight
dataset\Tomato___healthy\4e8e1275-37a2-48fa-84cb-96ffa0824571___RS_HL 0574_final_masked.jpg,Tomato___healthy
dataset\Tomato___Bacterial_spot\c912cdc9-37c4-4593-a334-4a5d3a02c2e4___GCREC_Bact.Sp 3063_final_masked.jpg,Tomato___Bacterial_spot
dataset\Tomato___Late_blight\ea16e464-19b9-47aa-a1a6-3c33c0cfd609___GHLB2 Leaf 153_final_masked.jpg,Tomato___Late_blight
dataset\Tomato___Late_blight\d45e9f86-2819-4c41-886c-73b7012674b3___GHLB Leaf 2 Day 16 _final_masked.jpg,Tomato___Late_blight
dataset\Tomato___Bacterial_spot\d4e4f6a5-f887-48b1-83d5-44e6f834cab4___GCREC_Bact.Sp 6064_final_masked.jpg,Tomato___Bacterial_spot
dataset\Tomato___Bacterial_spot\0c2ee2f1-e725-4031-96ea-57e3b8b626b3___GCREC_Bact.Sp 5645_final_masked.jpg,Tomato___Bacterial_spot
dataset\Tomato___Bacterial_spot\34f9b271-4f62-4fd4-8c69-edfdf3b08314___UF.GRC_BS_Lab Leaf 1199_final_masked.jpg,Tomato___Bacterial_spot
dataset\Tomato___Late_blight\cdeb7f9d-c0de-4fbd-95a5-fbaaa51460dd___RS_Late.B 5571_final_masked.jpg,Tomato___Late_blight
dataset\Tomato___Late_blight\afa8f963-b75c-4582-922b-c01f78d7d112___GHLB_PS Leaf 50 Day 18_final_masked.jpg,Tomato___Late_blight
dataset\Tomato___Late_blight\c2807026-8e9e-4710-b475-5411a3c69d68___RS_Late.B 4853_final_masked.jpg,Tomato___Late_blight
dataset\Tomato___Bacterial_spot\31549f17-8b3c-4a16-9775-d3c50db39fb8___GCREC_Bact.Sp 5968_final_masked.jpg,Tomato___Bacterial_spot
dataset\Tomato___Late_blight\cf21ccf7-0ad0-44cb-b541-a03d3921afcf___GHLB2 Leaf 8798_final_masked.jpg,Tomato___Late_blight
dataset\Tomato___Bacterial_spot\0ab9c705-f29e-45ac-b786-9549b3c38f16___GCREC_Bact.Sp 3223_final_masked.jpg,Tomato___Bacterial_spot
dataset\Tomato___Bacterial_spot\505ff6be-e8f6-4af6-86a7-001cd2cac277___GCREC_Bact.Sp 5562_final_masked.jpg,Tomato___Bacterial_spot
dataset\Tomato___Bacterial_spot\311a6db6-e3a0-4e8c-bd17-9cbc62217770___GCREC_Bact.Sp 3107_final_masked.jpg,Tomato___Bacterial_spot
dataset\Tomato___healthy\54059d2e-8903-4cf1-9856-676620a5be93___GH_HL Leaf 484_final_masked.jpg,Tomato___healthy
dataset\Tomato___Bacterial_spot\d4720e9b-a902-45b7-b5d1-94acee444e82___GCREC_Bact.Sp 6191_final_masked.jpg,Tomato___Bacterial_spot
dataset\Tomato___Early_blight\c7005da5-2322-44e9-aceb-c6abe348f98c___RS_Erly.B 6490_final_masked.jpg,Tomato___Early_blight
dataset\Tomato___healthy\68f66822-cde2-4a2c-b58e-a16900362a75___RS_HL 9674_final_masked.jpg,Tomato___healthy
dataset\Tomato___Bacterial_spot\65e45c3c-449c-4c54-a841-47cd660ed9f1___GCREC_Bact.Sp 6160_final_masked.jpg,Tomato___Bacterial_spot
dataset\Tomato___Late_blight\ba98d073-d05a-4dfd-ae35-3f1fda2c3110___RS_Late.B 4843_final_masked.jpg,Tomato___Late_blight
dataset\Tomato___Early_blight\2f823081-0654-47f1-bb1e-88d7e99a94ca___RS_Erly.B 9542_final_masked.jpg,Tomato___Early_blight
dataset\Tomato___healthy\ba4daa67-29a8-4d0b-a21e-a27406bb840d___RS_HL 9714_final_masked.jpg,Tomato___healthy
dataset\Tomato___Late_blight\4cae9dde-fd4a-48f0-a66d-c7ed92eee6ea___GHLB2 Leaf 97_final_masked.jpg,Tomato___Late_blight
dataset\Tomato___healthy\36d4756b-afff-40cb-ac7f-598eda5269b9___RS_HL 9711_final_masked.jpg,Tomato___healthy
dataset\Tomato___healthy\c268e18a-6916-43ef-8aa8-f68b1429b7dc___GH_HL Leaf 236.2_final_masked.jpg,Tomato___healthy
dataset\Tomato___Bacterial_spot\805d07e6-2190-4c8a-9267-75b1c0477a04___GCREC_Bact.Sp 3010_final_masked.jpg,Tomato___Bacterial_spot
dataset\Tomato___healthy\273f3e74-dbdc-40bc-8507-3bdd3ce24134___RS_HL 0149_final_masked.jpg,Tomato___healthy
dataset\Tomato___Bacterial_spot\db5044bc-64df-4f7c-a591-5b79b9318805___GCREC_Bact.Sp 5546_final_masked.jpg,Tomato___Bacterial_spot
dataset\Tomato___Early_blight\87b7f08f-2ea2-4fce-bd6a-7aeee641652d___RS_Erly.B 8413_final_masked.jpg,Tomato___Early_blight
dataset\Tomato___Bacterial_spot\21d6c511-c51b-4680-a6f7-6781feca8e8e___GCREC_Bact.Sp 3433_final_masked.jpg,Tomato___Bacterial_spot
dataset\Tomato___Late_blight\d0badc95-d04c-457b-8db8-aa6e198f4bd6___GHLB Leaf 10 Day 6_final_masked.jpg,Tomato___Late_blight
dataset\Tomato___Late_blight\ab503aa2-fb87-44a5-97f9-f2dd80c1697d___GHLB2 Leaf 8647_final_masked.jpg,Tomato___Late_blight
dataset\Tomato___Bacterial_spot\2f9cc9b4-9244-4043-b786-25be4b3e4063___UF.GRC_BS_Lab Leaf 9032_final_masked.jpg,Tomato___Bacterial_spot
dataset\Tomato___Early_blight\18ec9a60-a4e3-4dd7-805f-fe9eaf526c2f___RS_Erly.B 8405_final_masked.jpg,Tomato___Early_blight
dataset\Tomato___Late_blight\6d010698-482e-4445-afd2-dc8dca53ed19___RS_Late.B 5493_final_masked.jpg,Tomato___Late_blight
dataset\Tomato___Bacterial_spot\4d6779a3-148c-474f-b789-d43939a6d9cf___GCREC_Bact.Sp 5599_final_masked.jpg,Tomato___Bacterial_spot
dataset\Tomato___healthy\c6acee22-6c56-41a8-ae90-26c6064e0261___GH_HL Leaf 468_final_masked.jpg,Tomato___healthy
dataset\Tomato___Early_blight\ac6a9426-691d-46f4-941a-6637659bbbf7___RS_Erly.B 9394_final_masked.jpg,Tomato___Early_blight
dataset\Tomato___Late_blight\99c51d74-a688-4723-bab4-b9b0dba2ad3c___GHLB2 Leaf 145.1_final_masked.jpg,Tomato___Late_blight
dataset\Tomato___healthy\5d49f9d4-e27e-4220-933a-3bef2f44c437___GH_HL Leaf 502.3_final_masked.jpg,Tomato___healthy
dataset\Tomato___healthy\f0037c61-001d-4b1f-b794-5b5ab49d50d5___RS_HL 0527_final_masked.jpg,Tomato___healthy
dataset\Tomato___Late_blight\91b7baba-9b15-4f24-9db7-86ca95ac884c___GHLB2 Leaf 9087_final_masked.jpg,Tomato___Late_blight
dataset\Tomato___Early_blight\54d55df4-c760-4191-b998-d1e1493a35f5___RS_Erly.B 7524_final_masked.jpg,Tomato___Early_blight
dataset\Tomato___Bacterial_spot\58fa9688-9bbc-4d28-8aae-61448feeeb1f___GCREC_Bact.Sp 6340_final_masked.jpg,Tomato___Bacterial_spot
dataset\Tomato___healthy\f65afb75-30bc-4d44-adbd-d262ebe07ad5___GH_HL Leaf 222.1_final_masked.jpg,Tomato___healthy
dataset\Tomato___Bacterial_spot\8c84bc07-0e52-4584-ba94-793b136eead2___GCREC_Bact.Sp 2950_final_masked.jpg,Tomato___Bacterial_spot
dataset\Tomato___Late_blight\56dfc698-989d-4515-b7de-1c2ac6283bb3___GHLB2 Leaf 8923_final_masked.jpg,Tomato___Late_blight
dataset\Tomato___healthy\ac249839-fe21-45cd-9e09-f0023fa7ee3a___GH_HL Leaf 273_final_masked.jpg,Tomato___healthy
dataset\Tomato___Bacterial_spot\c2d782db-6a77-4ab8-bd0a-c0ca6c2bec7e___GCREC_Bact.Sp 3263_final_masked.jpg,Tomato___Bacterial_spot
dataset\Tomato___Early_blight\06d6d114-8d26-43eb-b79f-44218bbfa0d1___RS_Erly.B 9441_final_masked.jpg,Tomato___Early_blight
dataset\Tomato___Bacterial_spot\89574ff7-f883-44a9-85c4-e9fc2cf16033___GCREC_Bact.Sp 6079_final_masked.jpg,Tomato___Bacterial_spot
dataset\Tomato___Bacterial_spot\2224e59e-d71f-4d3e-8d48-7dc90551aeb1___UF.GRC_BS_Lab Leaf 0251_final_masked.jpg,Tomato___Bacterial_spot
dataset\Tomato___Late_blight\9176c69b-991a-4cd0-bfad-9742ad81a8b4___RS_Late.B 4989_final_masked.jpg,Tomato___Late_blight
dataset\Tomato___Late_blight\511ea2f2-d960-4cb2-9a0d-e049646a022e___RS_Late.B 5083_final_masked.jpg,Tomato___Late_blight
dataset\Tomato___Bacterial_spot\efce769f-3228-490a-b442-58a67d2ce349___GCREC_Bact.Sp 5868_final_masked.jpg,Tomato___Bacterial_spot
dataset\Tomato___Bacterial_spot\7624a9cd-018d-467a-99f9-2255a27103a4___GCREC_Bact.Sp 3725_final_masked.jpg,Tomato___Bacterial_spot
dataset\Tomato___Early_blight\cab96269-77a2-47cd-bfdf-02ad2535293d___RS_Erly.B 8439_final_masked.jpg,Tomato___Early_blight
dataset\Tomato___healthy\69a348e0-b426-42bd-ba09-a8bb067430e5___RS_HL 0016_final_masked.jpg,Tomato___healthy
dataset\Tomato___Early_blight\5adb20df-006b-4a5d-a1c4-c8284eee9e20___RS_Erly.B 9484_final_masked.jpg,Tomato___Early_blight
dataset\Tomato___healthy\8edbb3bf-ae44-4870-9c39-cd33fd088a55___RS_HL 0429_final_masked.jpg,Tomato___healthy
dataset\Tomato___Late_blight\fce9cc3f-88ab-46d6-a26f-c6ff0e7c56e7___RS_Late.B 6372_final_masked.jpg,Tomato___Late_blight
dataset\Tomato___Early_blight\4d4da4c4-3de3-4eb5-93d4-a78bf274270b___RS_Erly.B 9538_final_masked.jpg,Tomato___Early_blight
dataset\Tomato___Late_blight\e2da8dd8-6170-4106-8aa2-5b45d7aa2ff2___RS_Late.B 6159_final_masked.jpg,Tomato___Late_blight
dataset\Tomato___Bacterial_spot\96e66b34-f4b6-40d7-9459-53fd4da64a9f___GCREC_Bact.Sp 5793_final_masked.jpg,Tomato___Bacterial_spot
dataset\Tomato___Late_blight\ccc2f713-80ff-4e68-bb2d-14d6152dfa6d___GHLB2 Leaf 8898_final_masked.jpg,Tomato___Late_blight
dataset\Tomato___healthy\a3ebf7f9-543d-4df9-a09f-013ef8dd7760___RS_HL 9662_final_masked.jpg,Tomato___healthy
dataset\Tomato___Bacterial_spot\b1bc2e49-8946-48ee-8b44-8f54270b2d84___GCREC_Bact.Sp 5999_final_masked.jpg,Tomato___Bacterial_spot
dataset\Tomato___Late_blight\b9caae93-beaf-4587-ac29-b6db2f912cc8___RS_Late.B 6068_final_masked.jpg,Tomato___Late_blight
dataset\Tomato___healthy\085cbe78-1d5c-45eb-877f-f409526032d5___GH_HL Leaf 469_final_masked.jpg,Tomato___healthy
dataset\Tomato___Bacterial_spot\6e66897f-e901-41e2-990b-54f8117b792e___GCREC_Bact.Sp 5761_final_masked.jpg,Tomato___Bacterial_spot
dataset\Tomato___healthy\e8d0f3de-312b-4316-aca4-798a51ebd423___GH_HL Leaf 520.1_final_masked.jpg,Tomato___healthy
dataset\Tomato___Bacterial_spot\6959b518-7a96-46f1-a232-95f7d82767fa___GCREC_Bact.Sp 3642_final_masked.jpg,Tomato___Bacterial_spot
dataset\Tomato___Late_blight\e85eea01-1188-4b85-8650-c64536c3a937___RS_Late.B 6754_final_masked.jpg,Tomato___Late_blight
dataset\Tomato___Bacterial_spot\1657e79d-9172-4170-aa17-56714f2ad03b___UF.GRC_BS_Lab Leaf 9145_final_masked.jpg,Tomato___Bacterial_spot
dataset\Tomato___Early_blight\d3ebceea-8021-4168-85a4-27ef48cdaacb___RS_Erly.B 7857_final_masked.jpg,Tomato___Early_blight
dataset\Tomato___healthy\2ee6d2c6-a766-422c-a710-e89582d8155e___GH_HL Leaf 470_final_masked.jpg,Tomato___healthy
dataset\Tomato___Bacterial_spot\3b41dc98-4539-4b3d-9400-2867156db0fc___GCREC_Bact.Sp 3483_final_masked.jpg,Tomato___Bacterial_spot
dataset\Tomato___Bacterial_spot\c772de4c-5514-4b6f-b136-bf73532c7332___GCREC_Bact.Sp 3571_final_masked.jpg,Tomato___Bacterial_spot
dataset\Tomato___healthy\397c68cc-c2f8-4a52-8468-557c8181bc9e___GH_HL Leaf 247_final_masked.jpg,Tomato___healthy
dataset\Tomato___Bacterial_spot\37b32099-fdba-4c48-8bef-1904cd580737___GCREC_Bact.Sp 5897_final_masked.jpg,Tomato___Bacterial_spot
dataset\Tomato___Bacterial_spot\0f4ce5ef-5ecf-4c5d-b301-3b5a44e3a1c8___UF.GRC_BS_Lab Leaf 0408_final_masked.jpg,Tomato___Bacterial_spot
dataset\Tomato___Late_blight\bbedca9b-8f66-4437-adb6-87f11edd8398___GHLB_PS Leaf 47.2 Day 18_final_masked.jpg,Tomato___Late_blight
dataset\Tomato___Bacterial_spot\5317478a-63d0-4ba5-a23d-983e9bbf2635___GCREC_Bact.Sp 6369_final_masked.jpg,Tomato___Bacterial_spot
dataset\Tomato___Bacterial_spot\eff1524b-0ce8-40b6-8d87-d30fb1beb80d___GCREC_Bact.Sp 5836_final_masked.jpg,Tomato___Bacterial_spot
dataset\Tomato___Bacterial_spot\2c8b59b4-05b2-4234-aa0d-15a52e624e52___GCREC_Bact.Sp 3027_final_masked.jpg,Tomato___Bacterial_spot
dataset\Tomato___Bacterial_spot\195a20ea-ecf8-4611-ae53-ed76d8a522b7___GCREC_Bact.Sp 5791_final_masked.jpg,Tomato___Bacterial_spot
dataset\Tomato___Early_blight\c10623b4-33fe-458c-9d8e-d9a74fb74a6a___RS_Erly.B 7450_final_masked.jpg,Tomato___Early_blight
dataset\Tomato___Late_blight\fb5dc387-cb1d-49bb-b81e-58d60705a2fd___GHLB_PS Leaf 1.3 Day 16_final_masked.jpg,Tomato___Late_blight
dataset\Tomato___Bacterial_spot\e98d37d3-7029-4de3-bdd9-955904454850___GCREC_Bact.Sp 2993_final_masked.jpg,Tomato___Bacterial_spot
dataset\Tomato___healthy\ed4e4d41-ed9d-4e62-9cc8-33fadd791847___RS_HL 0338_final_masked.jpg,Tomato___healthy
dataset\Tomato___healthy\d6e27864-a8c9-426f-9e46-283d0eb3a7d0___RS_HL 0452_final_masked.jpg,Tomato___healthy
dataset\Tomato___Late_blight\385e730c-e1f9-4f46-b8b0-42bfa13866d7___RS_Late.B 4965_final_masked.jpg,Tomato___Late_blight
dataset\Tomato___Bacterial_spot\239fc305-ce59-48d4-9322-13669b141fa4___GCREC_Bact.Sp 3174_final_masked.jpg,Tomato___Bacterial_spot
dataset\Tomato___healthy\4f8ac9da-206a-40e3-b647-f691dcda931e___RS_HL 9819_final_masked.jpg,Tomato___healthy
dataset\Tomato___Bacterial_spot\a0fb8315-0051-4631-bcc7-2ef60e9d63c8___GCREC_Bact.Sp 6114_final_masked.jpg,Tomato___Bacterial_spot
dataset\Tomato___Bacterial_spot\e99d601c-2ff0-4029-84c9-74e17fae209f___GCREC_Bact.Sp 6259_final_masked.jpg,Tomato___Bacterial_spot
dataset\Tomato___healthy\a01d8297-f16b-41ab-b7b9-6343d5b7d8a6___RS_HL 0419_final_masked.jpg,Tomato___healthy
dataset\Tomato___Bacterial_spot\a58b67cf-4035-4cdd-8bf7-477a8d8bece8___GCREC_Bact.Sp 5564_final_masked.jpg,Tomato___Bacterial_spot
dataset\Tomato___Early_blight\5fef7edb-3b8a-4f74-b980-493366ead004___RS_Erly.B 6476_final_masked.jpg,Tomato___Early_blight
dataset\Tomato___Bacterial_spot\f4304000-5523-4fc6-93e4-9e570a1d237d___GCREC_Bact.Sp 5689_final_masked.jpg,Tomato___Bacterial_spot
dataset\Tomato___Late_blight\f52d0ec5-4bc7-4a32-b9a1-6930b6c3477d___RS_Late.B 6501_final_masked.jpg,Tomato___Late_blight
dataset\Tomato___healthy\4ec0267c-4606-47bf-ad7e-5e087dc4aef1___RS_HL 0187_final_masked.jpg,Tomato___healthy
dataset\Tomato___healthy\1b855a60-d30c-4ed9-8f25-cffe523b436b___GH_HL Leaf 249.1_final_masked.jpg,Tomato___healthy
dataset\Tomato___Bacterial_spot\67ce4b75-dbd6-446e-bcd6-2f58d407ed04___GCREC_Bact.Sp 3378_final_masked.jpg,Tomato___Bacterial_spot
dataset\Tomato___Late_blight\d0dceae1-6bf8-475a-99fa-f27accadece0___GHLB2 Leaf 8778_final_masked.jpg,Tomato___Late_blight
dataset\Tomato___healthy\7a5fe2a0-ac85-4a37-b0f6-8cfc8fb21c9c___RS_HL 9865_final_masked.jpg,Tomato___healthy
dataset\Tomato___healthy\982bdd12-cce3-413e-89ae-444ebc3ee32e___RS_HL 0487_final_masked.jpg,Tomato___healthy
dataset\Tomato___Early_blight\342d78c9-af97-4325-ad0f-0f12e0a206c2___RS_Erly.B 7406_final_masked.jpg,Tomato___Early_blight
dataset\Tomato___Bacterial_spot\21e92c79-7f6e-457f-887f-a6e7ba02494b___GCREC_Bact.Sp 6049_final_masked.jpg,Tomato___Bacterial_spot
dataset\Tomato___Bacterial_spot\f848e0cd-2447-4b8f-8467-4e14f4d20e83___GCREC_Bact.Sp 6140_final_masked.jpg,Tomato___Bacterial_spot
dataset\Tomato___Late_blight\2159d0f7-09ef-46ad-ad49-749e8ce1becc___GHLB2 Leaf 8836_final_masked.jpg,Tomato___Late_blight
dataset\Tomato___Late_blight\920f60f5-6435-427f-a855-5e66552dd8b9___GHLB2 Leaf 9020_final_masked.jpg,Tomato___Late_blight
dataset\Tomato___Bacterial_spot\3d41d2d9-7014-4409-a953-21227ef9d8e1___GCREC_Bact.Sp 3699_final_masked.jpg,Tomato___Bacterial_spot
dataset\Tomato___Early_blight\1e08cf06-c20b-47bc-8773-a22cc730aa04___RS_Erly.B 8228_final_masked.jpg,Tomato___Early_blight
dataset\Tomato___Late_blight\fdbc3a0b-5da5-452d-a6e4-b5a5e6dc396a___GHLB2 Leaf 8575_final_masked.jpg,Tomato___Late_blight
dataset\Tomato___healthy\1a308834-fdd7-4121-ae03-5736d8d52e26___RS_HL 9689_final_masked.jpg,Tomato___healthy
dataset\Tomato___healthy\3169aa41-66a8-4f36-ab6e-a5664f5b1839___RS_HL 0471_final_masked.jpg,Tomato___healthy
dataset\Tomato___Bacterial_spot\0c09c121-e945-4b7e-acbf-dff4e0d01acb___GCREC_Bact.Sp 3379_final_masked.jpg,Tomato___Bacterial_spot
dataset\Tomato___Late_blight\a4cdb993-ba37-45c5-b845-ed5650516b39___GHLB2 Leaf 8878_final_masked.jpg,Tomato___Late_blight
dataset\Tomato___Early_blight\cbbd6255-f338-45b2-816d-47903ab67be7___RS_Erly.B 7537_final_masked.jpg,Tomato___Early_blight
dataset\Tomato___healthy\c296246d-42ab-4274-9037-df2470e2d3a5___RS_HL 0085_final_masked.jpg,Tomato___healthy
dataset\Tomato___Late_blight\b27c48d1-189e-4187-9535-78dc1c8a803e___RS_Late.B 6789_final_masked.jpg,Tomato___Late_blight
dataset\Tomato___Bacterial_spot\eabc7def-52d6-4383-8d81-ffbe7beedce8___GCREC_Bact.Sp 5572_final_masked.jpg,Tomato___Bacterial_spot
dataset\Tomato___Bacterial_spot\a3f46db1-a45c-4afa-9c80-86b4169459b9___GCREC_Bact.Sp 5754_final_masked.jpg,Tomato___Bacterial_spot
dataset\Tomato___Late_blight\06471eca-3cac-4cc9-afc3-1841af0ba672___GHLB2 Leaf 8893_final_masked.jpg,Tomato___Late_blight
dataset\Tomato___Bacterial_spot\32d7007e-5830-4675-8e03-06b60287652f___GCREC_Bact.Sp 3344_final_masked.jpg,Tomato___Bacterial_spot
dataset\Tomato___Bacterial_spot\11fab8c8-08bb-476a-956b-cbf38b368643___UF.GRC_BS_Lab Leaf 8737_final_masked.jpg,Tomato___Bacterial_spot
dataset\Tomato___Late_blight\a3bc64bb-72e4-421b-8233-04ca788f6fe3___RS_Late.B 5450_final_masked.jpg,Tomato___Late_blight
dataset\Tomato___Late_blight\9e633823-3dde-450c-8172-733021e4dff0___RS_Late.B 6414_final_masked.jpg,Tomato___Late_blight
dataset\Tomato___Bacterial_spot\e444a471-4021-424b-a375-78f3b17413c8___GCREC_Bact.Sp 6319_final_masked.jpg,Tomato___Bacterial_spot
dataset\Tomato___Late_blight\2325473b-e5b1-42b2-a569-647f3db554bb___GHLB2 Leaf 157_final_masked.jpg,Tomato___Late_blight
dataset\Tomato___Bacterial_spot\90550e5f-503e-454c-a312-06f864ff0dbb___GCREC_Bact.Sp 3352_final_masked.jpg,Tomato___Bacterial_spot
dataset\Tomato___Late_blight\c5150ba8-d8c4-47a3-9938-83715b767693___RS_Late.B 6912_final_masked.jpg,Tomato___Late_blight
dataset\Tomato___Late_blight\c7c6bb21-8005-4584-b983-f5c35eb51e29___RS_Late.B 5061_final_masked.jpg,Tomato___Late_blight
dataset\Tomato___Late_blight\ee90e57e-7289-4dcd-af6f-a585d97628b7___RS_Late.B 7040_final_masked.jpg,Tomato___Late_blight
dataset\Tomato___Bacterial_spot\1ef34abf-812a-43c0-99e6-c29fb38f730d___GCREC_Bact.Sp 5594_final_masked.jpg,Tomato___Bacterial_spot
dataset\Tomato___Late_blight\ce6a5c52-75d4-4d81-8d7e-3ece1c7812f3___GHLB2 Leaf 8872_final_masked.jpg,Tomato___Late_blight
dataset\Tomato___Bacterial_spot\40860ca0-2ec2-43be-817d-ef19ae1c10af___GCREC_Bact.Sp 6097_final_masked.jpg,Tomato___Bacterial_spot
dataset\Tomato___healthy\23726cb5-c36a-4016-aa3b-e60e32a0d9ec___RS_HL 9717_final_masked.jpg,Tomato___healthy
dataset\Tomato___healthy\240a9583-9e6a-446d-8850-62bc23312ce9___GH_HL Leaf 312.4_final_masked.jpg,Tomato___healthy
dataset\Tomato___Early_blight\d4971b21-317f-4fbd-95a8-ac21d69d7461___RS_Erly.B 6429_final_masked.jpg,Tomato___Early_blight
dataset\Tomato___healthy\6da1cf1b-a236-4d45-a390-dac6b65c45f7___GH_HL Leaf 264_final_masked.jpg,Tomato___healthy
dataset\Tomato___Bacterial_spot\b3c9f756-9328-46de-989b-a75859b40027___GCREC_Bact.Sp 3403_final_masked.jpg,Tomato___Bacterial_spot
dataset\Tomato___Early_blight\ca408b6b-bc8b-45a0-a04e-f0341169524c___RS_Erly.B 7640_final_masked.jpg,Tomato___Early_blight
dataset\Tomato___Bacterial_spot\c6492dd1-0d2e-4d57-85cc-3544734a8125___UF.GRC_BS_Lab Leaf 8646_final_masked.jpg,Tomato___Bacterial_spot
dataset\Tomato___healthy\b9c8c02c-146e-4d10-b16d-d6d4b245eff9___GH_HL Leaf 233.1_final_masked.jpg,Tomato___healthy
dataset\Tomato___Bacterial_spot\caf5fa98-1dd1-44a8-8ce1-35fff6e06818___GCREC_Bact.Sp 5783_final_masked.jpg,Tomato___Bacterial_spot
dataset\Tomato___Late_blight\21a4f74f-08cb-44b8-9e40-3ff5a9c8a9da___GHLB Leaf 8.2 Day 7_final_masked.jpg,Tomato___Late_blight
dataset\Tomato___Early_blight\b5367f51-874a-4202-a6b6-02327196fd93___RS_Erly.B 8235_final_masked.jpg,Tomato___Early_blight
dataset\Tomato___Bacterial_spot\d9a42de4-b5ee-4464-a369-bc7ba9d9ebab___GCREC_Bact.Sp 3328_final_masked.jpg,Tomato___Bacterial_spot
dataset\Tomato___Bacterial_spot\a0eff094-61e4-42fc-999c-a290cc4c776d___GCREC_Bact.Sp 5708_final_masked.jpg,Tomato___Bacterial_spot
dataset\Tomato___healthy\79e38a3e-8170-44e3-a7ce-e00bbbcf24dc___GH_HL Leaf 460_final_masked.jpg,Tomato___healthy
dataset\Tomato___Late_blight\af0ded43-0d73-4d40-bd97-2597806aa707___GHLB_PS Leaf 37 Day 13_final_masked.jpg,Tomato___Late_blight
dataset\Tomato___Late_blight\427af7ac-5593-4c8e-9a10-44978c009612___RS_Late.B 5452_final_masked.jpg,Tomato___Late_blight
dataset\Tomato___healthy\a9c274c1-698c-4840-984b-8cb34e7ae97b___RS_HL 0224_final_masked.jpg,Tomato___healthy
dataset\Tomato___Bacterial_spot\892f8dc8-7076-46f4-84f4-a9d8c4546ab5___GCREC_Bact.Sp 3658_final_masked.jpg,Tomato___Bacterial_spot
dataset\Tomato___healthy\0f20443a-193e-46b1-aea9-7ea614eb98ec___RS_HL 9850_final_masked.jpg,Tomato___healthy
dataset\Tomato___Early_blight\62394305-3fca-4782-ad4a-b5670fcfac61___RS_Erly.B 7395_final_masked.jpg,Tomato___Early_blight
dataset\Tomato___Early_blight\03b4571c-b1eb-4e2a-b372-307046913f50___RS_Erly.B 7548_final_masked.jpg,Tomato___Early_blight
dataset\Tomato___healthy\8887e405-f98f-43c6-a85e-71aea03092b9___RS_HL 0238_final_masked.jpg,Tomato___healthy
dataset\Tomato___Early_blight\a5b33d5a-99bc-43b9-b408-aaf9535189e0___RS_Erly.B 8372_final_masked.jpg,Tomato___Early_blight
dataset\Tomato___Early_blight\407d9731-c2d8-48c1-8712-9719c185791c___RS_Erly.B 9496_final_masked.jpg,Tomato___Early_blight
dataset\Tomato___Bacterial_spot\228ee04a-62e3-4fad-a457-62eb8b1472ee___UF.GRC_BS_Lab Leaf 0436_final_masked.jpg,Tomato___Bacterial_spot
dataset\Tomato___Bacterial_spot\16bbb84a-b078-4c74-8ab0-872ac7240052___UF.GRC_BS_Lab Leaf 8605_final_masked.jpg,Tomato___Bacterial_spot
dataset\Tomato___Early_blight\56e77ea3-5b58-409c-991d-c6d1e3740f65___RS_Erly.B 7358_final_masked.jpg,Tomato___Early_blight
dataset\Tomato___Late_blight\eeea993c-d0eb-4f36-acf4-187e01dc6b72___RS_Late.B 6028_final_masked.jpg,Tomato___Late_blight
dataset\Tomato___Bacterial_spot\2e604e19-fcb1-4d3c-9c04-4b154e1ca480___UF.GRC_BS_Lab Leaf 9241_final_masked.jpg,Tomato___Bacterial_spot
dataset\Tomato___Late_blight\46ae5fef-ca7d-4f8d-86dc-7906bfcbde9f___RS_Late.B 5092_final_masked.jpg,Tomato___Late_blight
dataset\Tomato___healthy\ae3582b0-2528-4534-954b-1f9b1372c10f___RS_HL 9861_final_masked.jpg,Tomato___healthy
dataset\Tomato___healthy\14385f16-4e7f-401f-889a-8c1535ed85ba___GH_HL Leaf 503.5_final_masked.jpg,Tomato___healthy
dataset\Tomato___Bacterial_spot\13a0b443-c0b3-45fe-a22d-965a87a9b45e___GCREC_Bact.Sp 3108_final_masked.jpg,Tomato___Bacterial_spot
dataset\Tomato___Late_blight\33056b9e-f204-4e90-8525-2ebfad803b5c___RS_Late.B 5388_final_masked.jpg,Tomato___Late_blight
dataset\Tomato___healthy\711640b7-c013-4982-a5d9-c2d1d570048a___GH_HL Leaf 378.1_final_masked.jpg,Tomato___healthy
dataset\Tomato___Early_blight\a0db48a5-bbb6-4374-ad9f-8132e33280f5___RS_Erly.B 7791_final_masked.jpg,Tomato___Early_blight
dataset\Tomato___Bacterial_spot\12eda6e1-d42f-4e52-b04f-ff4f4d932783___GCREC_Bact.Sp 6275_final_masked.jpg,Tomato___Bacterial_spot
dataset\Tomato___Bacterial_spot\85a1cefe-dfd8-4f9a-b852-da2aba419be7___GCREC_Bact.Sp 5658_final_masked.jpg,Tomato___Bacterial_spot
dataset\Tomato___healthy\cb1900be-7286-4ff9-89d2-c27641e91d2d___RS_HL 0071_final_masked.jpg,Tomato___healthy
dataset\Tomato___Bacterial_spot\8eaf0808-40a2-40a0-987d-793b5cbab81f___GCREC_Bact.Sp 3585_final_masked.jpg,Tomato___Bacterial_spot
dataset\Tomato___Bacterial_spot\14f9fe9d-517e-4f70-9a4b-97fff9a26e65___GCREC_Bact.Sp 6295_final_masked.jpg,Tomato___Bacterial_spot
dataset\Tomato___healthy\a91df7a3-b064-4edb-8556-686598d0bdea___RS_HL 0317_final_masked.jpg,Tomato___healthy
dataset\Tomato___Bacterial_spot\90fb6585-1316-4fa1-ab9c-6a1873e050b5___GCREC_Bact.Sp 3208_final_masked.jpg,Tomato___Bacterial_spot
dataset\Tomato___Late_blight\3dbb0f53-7541-4b25-b7ef-797800e2b1b7___RS_Late.B 7135_final_masked.jpg,Tomato___Late_blight
dataset\Tomato___Late_blight\e2acf01a-92f6-47b2-bc21-e830899f9f0b___GHLB2 Leaf 95.2_final_masked.jpg,Tomato___Late_blight
dataset\Tomato___healthy\e2cd8a78-ae65-4743-9ecf-839647cac550___RS_HL 9833_final_masked.jpg,Tomato___healthy
dataset\Tomato___Bacterial_spot\40bca704-2943-470c-8f5d-eda44b258b20___GCREC_Bact.Sp 3769_final_masked.jpg,Tomato___Bacterial_spot
dataset\Tomato___Bacterial_spot\2cd653bb-5ef1-4157-8d2c-bea2bbf2794b___GCREC_Bact.Sp 6375_final_masked.jpg,Tomato___Bacterial_spot
dataset\Tomato___Late_blight\bf0b58c2-1d95-4f37-80ea-1bcd82e9c59b___GHLB2 Leaf 145.4_final_masked.jpg,Tomato___Late_blight
dataset\Tomato___healthy\839daf12-8d8b-478e-b214-2d5dd0fa509a___GH_HL Leaf 445.1_final_masked.jpg,Tomato___healthy
dataset\Tomato___Bacterial_spot\7e7fb1e0-cb8f-43b3-819f-96b4c14b85b1___GCREC_Bact.Sp 3431_final_masked.jpg,Tomato___Bacterial_spot
dataset\Tomato___Bacterial_spot\28557b27-1dce-4cd4-bed0-c4a84207d3e2___GCREC_Bact.Sp 6187_final_masked.jpg,Tomato___Bacterial_spot
dataset\Tomato___Late_blight\58c55232-ea2b-4ca9-9893-5f2f610969db___RS_Late.B 5448_final_masked.jpg,Tomato___Late_blight
dataset\Tomato___Early_blight\7bab9b53-f608-4f3f-8325-d730d846b3d9___RS_Erly.B 7695_final_masked.jpg,Tomato___Early_blight
dataset\Tomato___Late_blight\fc4eb42f-062f-4840-80f5-3244866a1e3a___GHLB2 Leaf 125.2_final_masked.jpg,Tomato___Late_blight
dataset\Tomato___Bacterial_spot\4bff9d4d-4186-4839-af6a-fa859ff84bf4___GCREC_Bact.Sp 3398_final_masked.jpg,Tomato___Bacterial_spot
dataset\Tomato___healthy\ba09e9e0-fafc-4303-b1e3-136fa924d339___RS_HL 0403_final_masked.jpg,Tomato___healthy
dataset\Tomato___Early_blight\22742bf8-7e7f-41cc-bf74-5fe80d6cf0cd___RS_Erly.B 6370_final_masked.jpg,Tomato___Early_blight
dataset\Tomato___Late_blight\1e0c01b6-5d75-47ea-b455-c9508882424a___RS_Late.B 6886_final_masked.jpg,Tomato___Late_blight
dataset\Tomato___Late_blight\464e9931-7a53-4059-b244-0066297f0a8f___GHLB2 Leaf 8841_final_masked.jpg,Tomato___Late_blight
dataset\Tomato___healthy\cb262ab1-f96f-4ade-80e9-d7fa2d5f9c9d___RS_HL 0361_final_masked.jpg,Tomato___healthy
dataset\Tomato___healthy\d19a7818-769b-4633-bd09-5c3c20d2b4d1___GH_HL Leaf 172_final_masked.jpg,Tomato___healthy
dataset\Tomato___Bacterial_spot\33e336e9-fcd0-4e9c-a0c1-8a313c3ef1f3___UF.GRC_BS_Lab Leaf 0367_final_masked.jpg,Tomato___Bacterial_spot
dataset\Tomato___Bacterial_spot\b2e02801-9306-4703-b1cd-d9247fa17a11___GCREC_Bact.Sp 6296_final_masked.jpg,Tomato___Bacterial_spot
dataset\Tomato___Bacterial_spot\1eb09166-61e7-4816-9a48-4d7afaa25a86___GCREC_Bact.Sp 3310_final_masked.jpg,Tomato___Bacterial_spot
dataset\Tomato___Bacterial_spot\89e634fd-a7e1-4e7e-8c95-cbdcd96dd381___GCREC_Bact.Sp 3721_final_masked.jpg,Tomato___Bacterial_spot
dataset\Tomato___healthy\3796ec31-0263-4e17-a312-7871e7b5c0c2___GH_HL Leaf 486_final_masked.jpg,Tomato___healthy
dataset\Tomato___Early_blight\a8b2bbbc-5bef-4ef4-8322-48cde639a9aa___RS_Erly.B 7438_final_masked.jpg,Tomato___Early_blight
dataset\Tomato___Bacterial_spot\4204bf83-0f95-44e0-a372-9f4f23caf9b8___GCREC_Bact.Sp 6263_final_masked.jpg,Tomato___Bacterial_spot
dataset\Tomato___Early_blight\b60702b4-a7dd-4201-bfcc-4a13c7dcc44f___RS_Erly.B 7657_final_masked.jpg,Tomato___Early_blight
dataset\Tomato___Bacterial_spot\a2ea3cb7-5c9e-4d3c-9e6c-42f7eb5f98a4___GCREC_Bact.Sp 6076_final_masked.jpg,Tomato___Bacterial_spot
dataset\Tomato___Bacterial_spot\8491569f-a7d8-453c-86ae-c2accdc964c9___GCREC_Bact.Sp 5943_final_masked.jpg,Tomato___Bacterial_spot
dataset\Tomato___Late_blight\8224fe93-c0bc-47e1-8ef4-3572667de662___GHLB2 Leaf 8694_final_masked.jpg,Tomato___Late_blight
dataset\Tomato___Early_blight\9a86409c-60ef-4fb5-9783-665065eb5229___RS_Erly.B 7697_final_masked.jpg,Tomato___Early_blight
dataset\Tomato___Early_blight\b24b9d32-857b-45ef-be89-552232fadfb2___RS_Erly.B 7763_final_masked.jpg,Tomato___Early_blight
dataset\Tomato___Bacterial_spot\f05d6f9e-357a-47a5-acf1-fc79d4417b96___GCREC_Bact.Sp 5636_final_masked.jpg,Tomato___Bacterial_spot
dataset\Tomato___Bacterial_spot\717c7e16-5170-4f12-9e76-cffdfe950803___GCREC_Bact.Sp 3718_final_masked.jpg,Tomato___Bacterial_spot
dataset\Tomato___healthy\95706580-86d7-49c2-be2e-66f19331c731___GH_HL Leaf 335_final_masked.jpg,Tomato___healthy
dataset\Tomato___healthy\3d0c2ad7-4fc4-48df-9ee0-11932921ddd0___RS_HL 0633_final_masked.jpg,Tomato___healthy
dataset\Tomato___Late_blight\18cb836c-f351-41e4-933a-fae2feb4b9ad___RS_Late.B 6050_final_masked.jpg,Tomato___Late_blight
dataset\Tomato___Bacterial_spot\97df90cb-22f1-464d-8084-2b63abd4dc99___GCREC_Bact.Sp 3311_final_masked.jpg,Tomato___Bacterial_spot
dataset\Tomato___Late_blight\78b86a00-59ee-4e29-865c-c7cbf42dd9dd___GHLB2 Leaf 8715_final_masked.jpg,Tomato___Late_blight
dataset\Tomato___Early_blight\851570c6-01ac-49e1-a37e-a657ebd46cba___RS_Erly.B 7717_final_masked.jpg,Tomato___Early_blight
dataset\Tomato___Bacterial_spot\89cd8d83-c3bb-49ca-9561-d92874511f80___GCREC_Bact.Sp 6037_final_masked.jpg,Tomato___Bacterial_spot
dataset\Tomato___Early_blight\4d80e993-6d3e-4537-92ba-39834a88e50c___RS_Erly.B 7632_final_masked.jpg,Tomato___Early_blight
dataset\Tomato___Early_blight\49c8f57f-3418-45db-b807-6192c20dfc6a___RS_Erly.B 7784_final_masked.jpg,Tomato___Early_blight
dataset\Tomato___Early_blight\82b12772-f0ea-4d47-9e1e-8f03bb1c20c5___RS_Erly.B 7429_final_masked.jpg,Tomato___Early_blight
dataset\Tomato___healthy\0eb4ba9a-6626-4e46-b561-c226b495073d___RS_HL 9862_final_masked.jpg,Tomato___healthy
dataset\Tomato___Late_blight\09cdb8a4-0c20-4acd-b4c8-709fad7010fd___GHLB_PS Leaf 37 Day 16_final_masked.jpg,Tomato___Late_blight
dataset\Tomato___Late_blight\2164b3f8-102c-481c-9d89-7e2f6087a121___RS_Late.B 5065_final_masked.jpg,Tomato___Late_blight
dataset\Tomato___Bacterial_spot\e77c7af3-35cb-496d-bc8b-34bc2344b8fc___GCREC_Bact.Sp 3545_final_masked.jpg,Tomato___Bacterial_spot
dataset\Tomato___Early_blight\f7065117-14b1-44f1-b9ec-953b61fd3368___RS_Erly.B 9544_final_masked.jpg,Tomato___Early_blight
dataset\Tomato___Bacterial_spot\c10643e1-3d5a-40f6-9357-57aadd3d6721___GCREC_Bact.Sp 3727_final_masked.jpg,Tomato___Bacterial_spot
dataset\Tomato___Late_blight\7ae76b22-7563-4fd9-a859-50b7ad906f64___GHLB2 Leaf 86.1_final_masked.jpg,Tomato___Late_blight
dataset\Tomato___Bacterial_spot\e1fa4f5f-d166-4483-95c4-0c420ee2098e___GCREC_Bact.Sp 3458_final_masked.jpg,Tomato___Bacterial_spot
dataset\Tomato___Late_blight\081d1e25-3f06-46a1-95ef-d10a62faa80f___GHLB2 Leaf 8600_final_masked.jpg,Tomato___Late_blight
dataset\Tomato___Late_blight\b8995533-058e-49fb-94ae-30b2d9cff3cc___GHLB2 Leaf 8646_final_masked.jpg,Tomato___Late_blight
dataset\Tomato___Bacterial_spot\49bfc0c9-1a64-4a1b-8a52-50d0df72e140___GCREC_Bact.Sp 3817_final_masked.jpg,Tomato___Bacterial_spot
dataset\Tomato___healthy\6900666d-da67-433d-a8bd-5a131c7ea4a9___GH_HL Leaf 467_final_masked.jpg,Tomato___healthy
dataset\Tomato___Late_blight\f86cfe1b-5f7f-4f93-b54b-1f39d1c1e323___GHLB2 Leaf 8625_final_masked.jpg,Tomato___Late_blight
dataset\Tomato___Early_blight\6f8046e5-2fc8-4243-a887-b4e99d16397d___RS_Erly.B 6471_final_masked.jpg,Tomato___Early_blight
dataset\Tomato___Late_blight\92508617-1037-4d3f-b2c2-c9f0c15c3263___RS_Late.B 5286_final_masked.jpg,Tomato___Late_blight
dataset\Tomato___Early_blight\a52492e3-7916-4a13-a175-6a6c0dd3440a___RS_Erly.B 7613_final_masked.jpg,Tomato___Early_blight
dataset\Tomato___Late_blight\098502fa-e07f-4d89-8279-adf307800887___GHLB2 Leaf 8980_final_masked.jpg,Tomato___Late_blight
dataset\Tomato___Bacterial_spot\0f1d337f-e8c5-445a-83a0-b89915eacb72___UF.GRC_BS_Lab Leaf 0435_final_masked.jpg,Tomato___Bacterial_spot
dataset\Tomato___Bacterial_spot\17bcc3fa-9905-4fcf-938b-c5e63e214718___GCREC_Bact.Sp 6329_final_masked.jpg,Tomato___Bacterial_spot
dataset\Tomato___healthy\7b651761-da31-437a-be17-6e49912f622a___RS_HL 9703_final_masked.jpg,Tomato___healthy
dataset\Tomato___Bacterial_spot\29a61150-5453-4a76-88eb-2e97a8f4c400___GCREC_Bact.Sp 6345_final_masked.jpg,Tomato___Bacterial_spot
dataset\Tomato___Early_blight\762585ed-e09c-43c8-8297-8b6ef503ecb0___RS_Erly.B 7420_final_masked.jpg,Tomato___Early_blight
dataset\Tomato___Bacterial_spot\e93d0422-f01b-46bf-baf6-6ec104b7a7c4___GCREC_Bact.Sp 3663_final_masked.jpg,Tomato___Bacterial_spot
dataset\Tomato___Bacterial_spot\79710197-654d-49dc-b9c2-1494f4f9f9cf___GCREC_Bact.Sp 3012_final_masked.jpg,Tomato___Bacterial_spot
dataset\Tomato___Early_blight\5a50d734-271b-43f8-991f-b6e6f264b686___RS_Erly.B 6488_final_masked.jpg,Tomato___Early_blight
dataset\Tomato___Late_blight\078a999d-6e6f-427e-a1e6-80b4d2df2bae___GHLB2 Leaf 9029_final_masked.jpg,Tomato___Late_blight
dataset\Tomato___healthy\5b36f575-af3a-454c-b31f-2d4218fb5cca___GH_HL Leaf 487_final_masked.jpg,Tomato___healthy
dataset\Tomato___Bacterial_spot\549bff64-9722-4193-9b44-b6069a5a4fc8___GCREC_Bact.Sp 6312_final_masked.jpg,Tomato___Bacterial_spot
dataset\Tomato___Early_blight\a8d430c0-7dff-4474-a6c1-1fd601198ff6___RS_Erly.B 7738_final_masked.jpg,Tomato___Early_blight
dataset\Tomato___Late_blight\525e419d-7077-44be-87f1-aef32ef27a2e___GHLB2 Leaf 96_final_masked.jpg,Tomato___Late_blight
dataset\Tomato___healthy\8834fdc1-4946-4cfc-a569-80eabaeebe1d___RS_HL 0154_final_masked.jpg,Tomato___healthy
dataset\Tomato___healthy\ad6857d9-7cf0-42ec-b61b-7b5208863831___RS_HL 0320_final_masked.jpg,Tomato___healthy
dataset\Tomato___Bacterial_spot\bf5a66b5-5d94-4bd1-a01a-a789ff7a516e___GCREC_Bact.Sp 3389_final_masked.jpg,Tomato___Bacterial_spot
dataset\Tomato___Bacterial_spot\32231fc1-ec78-45c6-9c7a-8412a7e38a25___GCREC_Bact.Sp 6143_final_masked.jpg,Tomato___Bacterial_spot
dataset\Tomato___healthy\db9db9c3-42af-4609-a30e-48e4797174c7___GH_HL Leaf 182_final_masked.jpg,Tomato___healthy
dataset\Tomato___healthy\6c4da977-110b-4191-abfa-faa22ccc7dc7___RS_HL 9848_final_masked.jpg,Tomato___healthy
dataset\Tomato___healthy\eb1f4546-7ba3-4d36-82d2-d5ad42671ae2___RS_HL 9814_final_masked.jpg,Tomato___healthy
dataset\Tomato___Early_blight\2179421c-3ce3-4581-8b65-17da6fffd3db___RS_Erly.B 7730_final_masked.jpg,Tomato___Early_blight
dataset\Tomato___healthy\9582a64b-e8a3-476f-9127-af5b45b0d833___RS_HL 0121_final_masked.jpg,Tomato___healthy
dataset\Tomato___Early_blight\9080624e-b5eb-456b-9743-2406cdd01113___RS_Erly.B 9618_final_masked.jpg,Tomato___Early_blight
dataset\Tomato___Bacterial_spot\72932bb6-a587-4a72-8e83-867e1a295c92___GCREC_Bact.Sp 3826_final_masked.jpg,Tomato___Bacterial_spot
dataset\Tomato___healthy\65b9d788-d9e2-47d7-a5ca-2ca5a9f47cae___RS_HL 9710_final_masked.jpg,Tomato___healthy
dataset\Tomato___Late_blight\e4d4bf26-efb3-4e64-8355-20e433b5c139___RS_Late.B 7057_final_masked.jpg,Tomato___Late_blight
dataset\Tomato___Late_blight\e2e89956-491c-42a0-9154-6b8ef41cd63b___GHLB2 Leaf 8689_final_masked.jpg,Tomato___Late_blight
dataset\Tomato___healthy\cc289e5c-7899-4081-9ea9-c3dc3ad3d2d4___GH_HL Leaf 408.1_final_masked.jpg,Tomato___healthy
dataset\Tomato___Bacterial_spot\e6167368-bc1b-4f68-a725-cbcee3d930fb___GCREC_Bact.Sp 3510_final_masked.jpg,Tomato___Bacterial_spot
dataset\Tomato___Bacterial_spot\a342423d-7c62-4fcd-a9c6-d92d586b5023___GCREC_Bact.Sp 3754_final_masked.jpg,Tomato___Bacterial_spot
dataset\Tomato___Early_blight\605e0af6-415f-4e25-8f0d-a8f36371732b___RS_Erly.B 7827_final_masked.jpg,Tomato___Early_blight
dataset\Tomato___Bacterial_spot\7ea2b89c-9357-444c-8118-007a8f2a2b5d___GCREC_Bact.Sp 5852_final_masked.jpg,Tomato___Bacterial_spot
dataset\Tomato___Early_blight\9302786b-4392-4e54-a7a1-c6c39043caaf___RS_Erly.B 8329_final_masked.jpg,Tomato___Early_blight
dataset\Tomato___Bacterial_spot\f0256cb3-6072-453f-9230-2ab16c2db646___GCREC_Bact.Sp 6303_final_masked.jpg,Tomato___Bacterial_spot
dataset\Tomato___Late_blight\c483c433-f51f-4e00-beb8-642a07628971___GHLB2 Leaf 8960_final_masked.jpg,Tomato___Late_blight
dataset\Tomato___healthy\1a0c4408-634e-4bd5-948d-e73ca5572976___RS_HL 0146_final_masked.jpg,Tomato___healthy
dataset\Tomato___healthy\cbd86fc5-7f88-4984-a1ed-445de8b76573___GH_HL Leaf 354.1_final_masked.jpg,Tomato___healthy
dataset\Tomato___healthy\2996b910-fc94-43ef-99b3-efc0ae494872___RS_HL 0410_final_masked.jpg,Tomato___healthy
dataset\Tomato___Late_blight\26fa9fb7-10fa-496c-9433-e4053ff456da___RS_Late.B 4867_final_masked.jpg,Tomato___Late_blight
dataset\Tomato___Bacterial_spot\e7545c08-3299-4f70-b9bb-3fb57c539f5d___UF.GRC_BS_Lab Leaf 9162_final_masked.jpg,Tomato___Bacterial_spot
dataset\Tomato___Bacterial_spot\2279def6-9a9e-43cd-8f35-9111fa81ab13___GCREC_Bact.Sp 5952_final_masked.jpg,Tomato___Bacterial_spot
dataset\Tomato___Bacterial_spot\10c418e8-59b3-4d9f-a22b-7762b538e758___UF.GRC_BS_Lab Leaf 0900_final_masked.jpg,Tomato___Bacterial_spot
dataset\Tomato___Early_blight\669eda4d-aa2e-4d84-9146-c96b047eb70e___RS_Erly.B 6369_final_masked.jpg,Tomato___Early_blight
dataset\Tomato___healthy\e5d58d21-5846-47aa-a0f7-e5f39c8f8567___RS_HL 0447_final_masked.jpg,Tomato___healthy
dataset\Tomato___healthy\399440f9-8e5f-4be7-805c-53c10636a9b2___GH_HL Leaf 332_final_masked.jpg,Tomato___healthy
dataset\Tomato___healthy\b632d565-2883-4d01-a994-2068433bac08___RS_HL 9843_final_masked.jpg,Tomato___healthy
dataset\Tomato___Late_blight\1e095cdc-6a71-4ae4-9709-be97b5668454___GHLB2 Leaf 8845_final_masked.jpg,Tomato___Late_blight
dataset\Tomato___healthy\c3724cd0-50c4-4780-8dc8-fe3e9d0d0680___GH_HL Leaf 292_final_masked.jpg,Tomato___healthy
dataset\Tomato___Late_blight\100a5029-a6c0-4a07-a40a-f27d6d44cdc9___GHLB2 Leaf 9002_final_masked.jpg,Tomato___Late_blight
dataset\Tomato___Late_blight\5b95aab7-c5be-42e3-afc8-c99f7c1c2c0c___GHLB2 Leaf 8658_final_masked.jpg,Tomato___Late_blight
dataset\Tomato___Bacterial_spot\933ab25a-428f-4d5b-b519-9a870444093e___GCREC_Bact.Sp 5936_final_masked.jpg,Tomato___Bacterial_spot
dataset\Tomato___Bacterial_spot\88a4e8ec-ef71-4847-b778-90eae647f331___UF.GRC_BS_Lab Leaf 0640_final_masked.jpg,Tomato___Bacterial_spot
dataset\Tomato___healthy\76284899-9c5e-44bf-a160-02649418ec49___RS_HL 0077_final_masked.jpg,Tomato___healthy
dataset\Tomato___Late_blight\5689609d-1132-425a-96d3-070900666ffc___RS_Late.B 5455_final_masked.jpg,Tomato___Late_blight
dataset\Tomato___healthy\d676d2f7-13a7-4d79-91fc-757b5d0bde6f___RS_HL 0601_final_masked.jpg,Tomato___healthy
dataset\Tomato___healthy\daa4e664-5ec5-4349-b8de-0673cdfe374d___GH_HL Leaf 168.1_final_masked.jpg,Tomato___healthy
dataset\Tomato___Bacterial_spot\dfca025b-a6d9-431a-977e-4bd174daa3a1___GCREC_Bact.Sp 5948_final_masked.jpg,Tomato___Bacterial_spot
dataset\Tomato___Late_blight\4b6307a8-d60b-4e45-a8b4-5e1cd50f2a62___GHLB2 Leaf 8588_final_masked.jpg,Tomato___Late_blight
dataset\Tomato___Late_blight\0a4b3cde-c83a-4c83-b037-010369738152___RS_Late.B 6985_final_masked.jpg,Tomato___Late_blight
dataset\Tomato___Early_blight\4803a0a5-ac23-431f-b792-d60a25a268bd___RS_Erly.B 9508_final_masked.jpg,Tomato___Early_blight
dataset\Tomato___Late_blight\3ae2b5f3-a42f-49b1-8d27-dcfaaeda602f___GHLB2 Leaf 8840_final_masked.jpg,Tomato___Late_blight
dataset\Tomato___Bacterial_spot\eb3d387f-a7b3-48a3-a925-41d7fc6e98e9___GCREC_Bact.Sp 3423_final_masked.jpg,Tomato___Bacterial_spot
dataset\Tomato___Late_blight\0c9ff8e1-b610-43e3-b914-5e9576dd8083___GHLB2 Leaf 107.1_final_masked.jpg,Tomato___Late_blight
dataset\Tomato___healthy\8ddc8178-4609-4267-bd55-028de3f759c8___RS_HL 0004_final_masked.jpg,Tomato___healthy
dataset\Tomato___Late_blight\e4d14fec-dc38-4e88-ac83-1f1b75be5de7___RS_Late.B 6450_final_masked.jpg,Tomato___Late_blight
dataset\Tomato___Late_blight\2f433332-c89a-482b-993b-37a3a10096e0___GHLB2 Leaf 8616_final_masked.jpg,Tomato___Late_blight
dataset\Tomato___Early_blight\e56354a5-5e3f-4ed6-bfe5-3c783a32dc98___RS_Erly.B 9413_final_masked.jpg,Tomato___Early_blight
dataset\Tomato___Bacterial_spot\c37d3b8a-fecc-488a-ab78-c00f5240283c___GCREC_Bact.Sp 3343_final_masked.jpg,Tomato___Bacterial_spot
dataset\Tomato___healthy\223cb57a-b9b7-4c9a-b03e-701a8548ff4d___GH_HL Leaf 248_final_masked.jpg,Tomato___healthy
dataset\Tomato___Bacterial_spot\99d9e67d-e547-428f-9a2b-41017bd36d67___GCREC_Bact.Sp 3375_final_masked.jpg,Tomato___Bacterial_spot
dataset\Tomato___Bacterial_spot\986cde2a-3f8b-438d-8380-c5a8ff0a4993___UF.GRC_BS_Lab Leaf 8940_final_masked.jpg,Tomato___Bacterial_spot
dataset\Tomato___Late_blight\117a7f38-eaa6-4f88-b892-33e2a66d77d5___RS_Late.B 5129_final_masked.jpg,Tomato___Late_blight
dataset\Tomato___healthy\9b8f108a-010b-4b8b-98ea-b30cbf62b805___GH_HL Leaf 349.1_final_masked.jpg,Tomato___healthy
dataset\Tomato___Bacterial_spot\30caf9f1-d21d-449a-a534-e29316b7a020___GCREC_Bact.Sp 5876_final_masked.jpg,Tomato___Bacterial_spot
dataset\Tomato___healthy\5153c319-4ab2-4ad0-af02-37219b0766d3___GH_HL Leaf 500.3_final_masked.jpg,Tomato___healthy
dataset\Tomato___Late_blight\6e594cdd-0b3f-41d2-b056-f03819790e8c___RS_Late.B 5348_final_masked.jpg,Tomato___Late_blight
dataset\Tomato___Bacterial_spot\f1cd9194-f7ea-41c0-bfba-9b9e30c52ec7___GCREC_Bact.Sp 5938_final_masked.jpg,Tomato___Bacterial_spot
dataset\Tomato___Bacterial_spot\f26ada25-77e0-4439-9cdc-b833b57e1053___GCREC_Bact.Sp 5978_final_masked.jpg,Tomato___Bacterial_spot
dataset\Tomato___Early_blight\647ccba0-4f5e-4c64-a7ea-a34c8a39a439___RS_Erly.B 7355_final_masked.jpg,Tomato___Early_blight
dataset\Tomato___Late_blight\e5b81597-d794-40e5-8f14-0b5792c4a680___RS_Late.B 6757_final_masked.jpg,Tomato___Late_blight
dataset\Tomato___Early_blight\957be08a-9b4f-4c28-9908-622fdb996f1c___RS_Erly.B 7591_final_masked.jpg,Tomato___Early_blight
dataset\Tomato___Bacterial_spot\feff1503-fc62-4ea6-ac5b-e8b7448ad5e4___GCREC_Bact.Sp 3203_final_masked.jpg,Tomato___Bacterial_spot
dataset\Tomato___Early_blight\ad302c48-1f27-43d8-b004-4ca61dfa61c1___RS_Erly.B 7566_final_masked.jpg,Tomato___Early_blight
dataset\Tomato___Bacterial_spot\b3f77a28-f60f-46fa-91ff-cdfad5979420___UF.GRC_BS_Lab Leaf 0714_final_masked.jpg,Tomato___Bacterial_spot
dataset\Tomato___Bacterial_spot\cef26170-8416-48ef-bc58-78effabb6dcd___GCREC_Bact.Sp 6393_final_masked.jpg,Tomato___Bacterial_spot
dataset\Tomato___Late_blight\a9d3ba5a-2d13-4e86-9813-fc6f05f6c598___GHLB2 Leaf 8994_final_masked.jpg,Tomato___Late_blight
dataset\Tomato___Late_blight\989d984b-eaef-4ae1-a850-c2ae65961bdf___GHLB2 Leaf 9026_final_masked.jpg,Tomato___Late_blight
dataset\Tomato___Late_blight\e837f5b0-6d32-481e-872c-a2db611d20c3___RS_Late.B 6804_final_masked.jpg,Tomato___Late_blight
dataset\Tomato___Late_blight\28f782dd-1c8a-439d-9eb6-e55c52ef45bd___RS_Late.B 5447_final_masked.jpg,Tomato___Late_blight
dataset\Tomato___healthy\8c4ce164-9f46-4426-aff9-137acdc42c19___RS_HL 0424_final_masked.jpg,Tomato___healthy
dataset\Tomato___Late_blight\7f533ee8-1d72-486e-b2a6-b5ef2ac7cc88___GHLB2 Leaf 8837_final_masked.jpg,Tomato___Late_blight
dataset\Tomato___Early_blight\6021f415-8463-41eb-ad4c-4033f7d16798___RS_Erly.B 7710_final_masked.jpg,Tomato___Early_blight
dataset\Tomato___healthy\9662364c-aaba-45e3-b907-10792d60578c___GH_HL Leaf 220_final_masked.jpg,Tomato___healthy
dataset\Tomato___Bacterial_spot\8dabe407-48fd-4cd2-9210-0dffdf259cb3___GCREC_Bact.Sp 3549_final_masked.jpg,Tomato___Bacterial_spot
dataset\Tomato___Late_blight\90131e4c-2ff6-4be3-86cf-252847cce3fa___RS_Late.B 6933_final_masked.jpg,Tomato___Late_blight
dataset\Tomato___healthy\911f4e0f-c13a-411a-8a75-2793b006a5d4___RS_HL 0083_final_masked.jpg,Tomato___healthy
dataset\Tomato___Bacterial_spot\fcff6ccd-294d-481f-affb-815097ed74dc___GCREC_Bact.Sp 3115_final_masked.jpg,Tomato___Bacterial_spot
dataset\Tomato___Bacterial_spot\15a1998e-4b4d-446b-98e7-46ed98119495___UF.GRC_BS_Lab Leaf 0222_final_masked.jpg,Tomato___Bacterial_spot
dataset\Tomato___Bacterial_spot\b913f1de-86ed-447d-bb74-9310460de8a9___GCREC_Bact.Sp 3149_final_masked.jpg,Tomato___Bacterial_spot
dataset\Tomato___Bacterial_spot\bd5b5a19-a9b0-4572-9920-8ed728c15804___GCREC_Bact.Sp 3653_final_masked.jpg,Tomato___Bacterial_spot
dataset\Tomato___Bacterial_spot\1d6494e5-d659-47f2-a854-95f7633f8018___GCREC_Bact.Sp 6102_final_masked.jpg,Tomato___Bacterial_spot
dataset\Tomato___Late_blight\aae679f7-4b9b-400a-8d5d-02f1c5f7a050___GHLB2 Leaf 8669_final_masked.jpg,Tomato___Late_blight
dataset\Tomato___Bacterial_spot\984f7f9e-23ff-4a33-979a-5580b3fc5146___GCREC_Bact.Sp 3846_final_masked.jpg,Tomato___Bacterial_spot
dataset\Tomato___Bacterial_spot\7236e643-bb0f-475e-8bb6-41981fc696f4___UF.GRC_BS_Lab Leaf 8747_final_masked.jpg,Tomato___Bacterial_spot
dataset\Tomato___healthy\6b53630d-c9df-4e67-a490-b1835772d9a0___GH_HL Leaf 450.2_final_masked.jpg,Tomato___healthy
dataset\Tomato___healthy\0764ce38-ecb9-4046-88d9-c8f176c6ee8b___GH_HL Leaf 423_final_masked.jpg,Tomato___healthy
dataset\Tomato___Early_blight\51764eb9-fb8b-4c8a-9c30-3b474d659751___RS_Erly.B 7529_final_masked.jpg,Tomato___Early_blight
dataset\Tomato___Late_blight\8826e278-b47e-4d1a-b7af-3dc1b77ef445___GHLB2 Leaf 8924_final_masked.jpg,Tomato___Late_blight
dataset\Tomato___Late_blight\1e5ba644-efeb-4bd3-b878-a0606cf8a992___RS_Late.B 6272_final_masked.jpg,Tomato___Late_blight
dataset\Tomato___Bacterial_spot\cd12526b-4a85-4329-95b0-63ed38fe9cc0___GCREC_Bact.Sp 5746_final_masked.jpg,Tomato___Bacterial_spot
dataset\Tomato___Late_blight\e82e3fd9-cc3c-4196-9bef-178576b882de___RS_Late.B 6316_final_masked.jpg,Tomato___Late_blight
dataset\Tomato___healthy\13053341-b112-411c-bc76-8cadbcb4eded___GH_HL Leaf 223_final_masked.jpg,Tomato___healthy
dataset\Tomato___Bacterial_spot\b39d9edd-bcee-456c-b078-e3e286171114___GCREC_Bact.Sp 3656_final_masked.jpg,Tomato___Bacterial_spot
dataset\Tomato___Bacterial_spot\f510ac20-c0b4-4369-995a-08388b9103cc___GCREC_Bact.Sp 6074_final_masked.jpg,Tomato___Bacterial_spot
dataset\Tomato___Late_blight\0d7a68e9-3df0-4ef8-88f7-c0a202725c5d___RS_Late.B 6787_final_masked.jpg,Tomato___Late_blight
dataset\Tomato___Late_blight\d4f4500b-9ebe-41fe-84ed-00278dc646b7___GHLB2 Leaf 9017_final_masked.jpg,Tomato___Late_blight
dataset\Tomato___healthy\c60749f0-0791-49ad-a144-503d5e968746___RS_HL 0483_final_masked.jpg,Tomato___healthy
dataset\Tomato___Early_blight\e7120235-6ae1-4642-8ec8-a16812aedce5___RS_Erly.B 9507_final_masked.jpg,Tomato___Early_blight
dataset\Tomato___Bacterial_spot\14d87e41-89b0-4872-aa2c-3a85de708d2a___UF.GRC_BS_Lab Leaf 8992_final_masked.jpg,Tomato___Bacterial_spot
dataset\Tomato___healthy\1b150c8d-ab5d-43b5-a61d-c3fb3a8ffd54___GH_HL Leaf 321_final_masked.jpg,Tomato___healthy
dataset\Tomato___Bacterial_spot\1120ddb9-d30f-4683-adf6-a30779648b49___GCREC_Bact.Sp 3408_final_masked.jpg,Tomato___Bacterial_spot
dataset\Tomato___Bacterial_spot\8e0325d9-4504-4e3a-8013-a064b8c546f1___GCREC_Bact.Sp 3260_final_masked.jpg,Tomato___Bacterial_spot
dataset\Tomato___Late_blight\2e62a850-078e-44ce-ac30-6b940479e017___RS_Late.B 6080_final_masked.jpg,Tomato___Late_blight
dataset\Tomato___Late_blight\c9fa4b23-358b-4df7-a457-79573e018906___GHLB2 Leaf 8870_final_masked.jpg,Tomato___Late_blight
dataset\Tomato___Bacterial_spot\c8460f59-b097-4d67-9832-1db6e2334459___UF.GRC_BS_Lab Leaf 0360_final_masked.jpg,Tomato___Bacterial_spot
dataset\Tomato___Bacterial_spot\fbae79e4-5907-44e2-b249-68e0643f1a21___UF.GRC_BS_Lab Leaf 0330_final_masked.jpg,Tomato___Bacterial_spot
dataset\Tomato___Late_blight\73c69b7e-604a-4014-a42d-ce4205b35c74___RS_Late.B 5131_final_masked.jpg,Tomato___Late_blight
dataset\Tomato___Late_blight\20fe383e-d172-4aee-b76c-d82420e93b0c___RS_Late.B 5519_final_masked.jpg,Tomato___Late_blight
dataset\Tomato___healthy\efe384e9-8131-4164-884f-dff1d0995608___RS_HL 0272_final_masked.jpg,Tomato___healthy
dataset\Tomato___Late_blight\be8780d8-bf1c-44c6-af2c-5d67fa08d15f___RS_Late.B 4847_final_masked.jpg,Tomato___Late_blight
dataset\Tomato___healthy\a3971959-8544-4a34-95a2-d1b6a7a390af___RS_HL 0265_final_masked.jpg,Tomato___healthy
dataset\Tomato___Late_blight\938a5ed3-127f-4e05-8e96-9d2225d094c7___GHLB2 Leaf 8784_final_masked.jpg,Tomato___Late_blight
dataset\Tomato___Early_blight\4f6876e9-7226-49d5-aef8-cec3d8e6fbc9___RS_Erly.B 9452_final_masked.jpg,Tomato___Early_blight
dataset\Tomato___healthy\f44c5128-2575-4fda-82c7-9954ead65027___GH_HL Leaf 384_final_masked.jpg,Tomato___healthy
dataset\Tomato___Late_blight\65576adf-cef4-4f1a-8b7c-881e8729bdbf___GHLB2 Leaf 147_final_masked.jpg,Tomato___Late_blight
dataset\Tomato___healthy\476e6aa3-ad1e-4f86-abea-c37dfb3f8df9___RS_HL 0522_final_masked.jpg,Tomato___healthy
dataset\Tomato___Late_blight\6b7f4762-88d6-4e85-8fad-57ca4083ec89___GHLB_PS Leaf 8.1 Day 9_final_masked.jpg,Tomato___Late_blight
dataset\Tomato___Late_blight\845735fd-cca2-4d7b-ace8-292ca8f5f940___GHLB2 Leaf 8771_final_masked.jpg,Tomato___Late_blight
dataset\Tomato___Late_blight\8d39e8b3-90d8-4533-93a8-fb797fa27a1b___GHLB2 Leaf 8645_final_masked.jpg,Tomato___Late_blight
dataset\Tomato___Bacterial_spot\c92d6418-adbe-430d-9dcd-bf432490abf5___GCREC_Bact.Sp 3233_final_masked.jpg,Tomato___Bacterial_spot
dataset\Tomato___Early_blight\74354e66-6888-4fac-8984-b8f887df2d86___RS_Erly.B 7578_final_masked.jpg,Tomato___Early_blight
dataset\Tomato___healthy\249797c6-648f-4df5-ab87-a0b82eb08801___GH_HL Leaf 495_final_masked.jpg,Tomato___healthy
dataset\Tomato___healthy\e70e9a4c-481d-4c9c-8130-aff356057803___RS_HL 9661_final_masked.jpg,Tomato___healthy
dataset\Tomato___Late_blight\6f52294c-e947-4fdc-b818-60b1d47beb06___RS_Late.B 6231_final_masked.jpg,Tomato___Late_blight
dataset\Tomato___Bacterial_spot\6b68592a-aa06-4fac-ac47-b6d341e6f45e___UF.GRC_BS_Lab Leaf 0343_final_masked.jpg,Tomato___Bacterial_spot
dataset\Tomato___Early_blight\4c1481fd-12fa-4729-9de6-35c7fae918a5___RS_Erly.B 7430_final_masked.jpg,Tomato___Early_blight
dataset\Tomato___Late_blight\0ed7d5f6-9394-4ae7-87db-3de58f469263___GHLB2 Leaf 8732_final_masked.jpg,Tomato___Late_blight
dataset\Tomato___Early_blight\07409e2c-a730-4b11-b25e-31025bd63a91___RS_Erly.B 9578_final_masked.jpg,Tomato___Early_blight
dataset\Tomato___Early_blight\7828bbde-4f60-441e-be89-6cedd12f1c1c___RS_Erly.B 7830_final_masked.jpg,Tomato___Early_blight
dataset\Tomato___healthy\d2f0f578-3b6e-433c-962a-8c81f79eab7a___RS_HL 9623_final_masked.jpg,Tomato___healthy
dataset\Tomato___Early_blight\a40e0118-57f7-4a3c-92f5-07e968449dd0___RS_Erly.B 9536_final_masked.jpg,Tomato___Early_blight
dataset\Tomato___Bacterial_spot\f5142872-5e4b-4038-b4fd-b38c4097e5aa___GCREC_Bact.Sp 5679_final_masked.jpg,Tomato___Bacterial_spot
dataset\Tomato___healthy\6883c31a-78b4-406a-9605-b6b31e0932cc___RS_HL 0037_final_masked.jpg,Tomato___healthy
dataset\Tomato___Bacterial_spot\ffb47323-2c7d-48ea-9c39-25a97e37d548___GCREC_Bact.Sp 3614_final_masked.jpg,Tomato___Bacterial_spot
dataset\Tomato___Early_blight\a28eb895-ef7c-49cc-bc0f-5e01498e5ca2___RS_Erly.B 6463_final_masked.jpg,Tomato___Early_blight
dataset\Tomato___Bacterial_spot\18ac424a-de74-40f4-b830-74384ae67302___GCREC_Bact.Sp 3480_final_masked.jpg,Tomato___Bacterial_spot
dataset\Tomato___Bacterial_spot\16912266-6a1b-426c-9e58-2f0ff1a4e35a___UF.GRC_BS_Lab Leaf 8673_final_masked.jpg,Tomato___Bacterial_spot
dataset\Tomato___Late_blight\94b06669-5f80-4a76-9eae-8d34f6489f15___GHLB2 Leaf 8839_final_masked.jpg,Tomato___Late_blight
dataset\Tomato___Bacterial_spot\f1984cc1-26df-40dc-abf2-9bbd9b879b37___GCREC_Bact.Sp 6141_final_masked.jpg,Tomato___Bacterial_spot
dataset\Tomato___Early_blight\5b71fe03-84fc-4866-9bf8-e557ce918c6e___RS_Erly.B 9580_final_masked.jpg,Tomato___Early_blight
dataset\Tomato___Late_blight\88d1ecf3-e03e-4ddf-9aa4-d9558f1ec2e2___RS_Late.B 7140_final_masked.jpg,Tomato___Late_blight
dataset\Tomato___Late_blight\6c9a2927-d29d-4cca-80d9-63ddb240ef70___RS_Late.B 5340_final_masked.jpg,Tomato___Late_blight
dataset\Tomato___Bacterial_spot\75348d38-1c41-4798-89c9-b99660d937ef___GCREC_Bact.Sp 5602_final_masked.jpg,Tomato___Bacterial_spot
dataset\Tomato___Bacterial_spot\615a9d50-74d8-4435-af2c-459d8f97e453___GCREC_Bact.Sp 5676_final_masked.jpg,Tomato___Bacterial_spot
dataset\Tomato___Early_blight\3726eff6-547d-411e-bc00-f8b533d067e3___RS_Erly.B 6494_final_masked.jpg,Tomato___Early_blight
dataset\Tomato___Bacterial_spot\be4dd24b-c2d2-4e6b-bb77-f5d6866ede96___GCREC_Bact.Sp 3123_final_masked.jpg,Tomato___Bacterial_spot
dataset\Tomato___Late_blight\14113767-0c24-4607-97bc-04dccb35a23c___GHLB2 Leaf 8966_final_masked.jpg,Tomato___Late_blight
dataset\Tomato___Late_blight\8b08d651-0fcc-43da-8aec-34389f834d63___GHLB2 Leaf 8644_final_masked.jpg,Tomato___Late_blight
dataset\Tomato___Late_blight\8cf817c6-56f4-42b3-93b7-222d88b63b2d___RS_Late.B 4827_final_masked.jpg,Tomato___Late_blight
dataset\Tomato___Late_blight\26deb2c1-3321-46e1-b900-c27853632d65___RS_Late.B 5561_final_masked.jpg,Tomato___Late_blight
dataset\Tomato___Late_blight\52451f9c-825f-4907-8ee6-deeb5899d9b5___RS_Late.B 5449_final_masked.jpg,Tomato___Late_blight
dataset\Tomato___Late_blight\2aec9930-0331-4e04-8bc0-5c00f373fbf3___GHLB2 Leaf 8993_final_masked.jpg,Tomato___Late_blight
dataset\Tomato___healthy\4d374048-0e08-4a09-ae57-e83f8e64082b___RS_HL 0564_final_masked.jpg,Tomato___healthy
dataset\Tomato___Early_blight\f63f3650-9f84-45f9-898b-a6adef0294a3___RS_Erly.B 8419_final_masked.jpg,Tomato___Early_blight
dataset\Tomato___Early_blight\ba19f779-d0cf-4bc7-88df-96e6080fdc96___RS_Erly.B 7599_final_masked.jpg,Tomato___Early_blight
dataset\Tomato___Late_blight\44e96c62-48e6-454c-bab5-c34569deb2a5___RS_Late.B 5162_final_masked.jpg,Tomato___Late_blight
dataset\Tomato___Bacterial_spot\917d2a35-8054-4088-9fd4-2d7d5c5f895c___GCREC_Bact.Sp 3264_final_masked.jpg,Tomato___Bacterial_spot
dataset\Tomato___Bacterial_spot\303b8c34-0a74-4248-b5ce-1f9a0e367d6b___GCREC_Bact.Sp 3477_final_masked.jpg,Tomato___Bacterial_spot
dataset\Tomato___Early_blight\2b7c8b0d-d906-4c93-9dc4-554ae46a3ec3___RS_Erly.B 7825_final_masked.jpg,Tomato___Early_blight
dataset\Tomato___Bacterial_spot\8ce30140-8d8b-4a58-81f1-8efd2655a907___GCREC_Bact.Sp 3180_final_masked.jpg,Tomato___Bacterial_spot
dataset\Tomato___Bacterial_spot\1c34f218-4416-44ad-b6dc-81b8fc1e10a8___GCREC_Bact.Sp 6381_final_masked.jpg,Tomato___Bacterial_spot
dataset\Tomato___Late_blight\be2cc67b-7311-47a4-bcf7-bf62bf429533___GHLB2 Leaf 9008_final_masked.jpg,Tomato___Late_blight
dataset\Tomato___Late_blight\dfa645f2-9296-4d21-bc31-5f0496b3c31f___GHLB2 Leaf 8814_final_masked.jpg,Tomato___Late_blight
dataset\Tomato___Bacterial_spot\de72e298-e788-4452-89a1-1e2dcb3998ad___GCREC_Bact.Sp 3445_final_masked.jpg,Tomato___Bacterial_spot
dataset\Tomato___Late_blight\4392c0b5-bd98-4419-a99a-68d0f41f00b9___GHLB2 Leaf 8680_final_masked.jpg,Tomato___Late_blight
dataset\Tomato___Bacterial_spot\e853c1a3-9134-47ab-a1c6-12ec9d35c0ca___GCREC_Bact.Sp 3723_final_masked.jpg,Tomato___Bacterial_spot
dataset\Tomato___Late_blight\6fcf86a2-e2fd-4a55-bdd4-216d58497f55___RS_Late.B 5064_final_masked.jpg,Tomato___Late_blight
dataset\Tomato___Late_blight\44133f33-9968-41b9-bf3b-61e94c8a6bfa___RS_Late.B 5076_final_masked.jpg,Tomato___Late_blight
dataset\Tomato___Early_blight\08615b7d-eca7-487e-a9ea-07842ecf81e8___RS_Erly.B 7543_final_masked.jpg,Tomato___Early_blight
dataset\Tomato___Late_blight\cbba9493-51c1-4cad-b194-0ca6ac3a3059___RS_Late.B 6773_final_masked.jpg,Tomato___Late_blight
dataset\Tomato___Bacterial_spot\7c95cf7e-17c8-43c5-93ad-4934f2574120___GCREC_Bact.Sp 6279_final_masked.jpg,Tomato___Bacterial_spot
dataset\Tomato___Late_blight\b17fad17-1d16-4a55-9b4e-d1a35ddbb611___GHLB2 Leaf 8933_final_masked.jpg,Tomato___Late_blight
dataset\Tomato___healthy\6ca96968-d8cd-4849-a0d5-0784e585d768___RS_HL 0302_final_masked.jpg,Tomato___healthy
dataset\Tomato___Late_blight\792a3e5e-d5f8-467d-a266-66834b4b7036___GHLB2 Leaf 129.1_final_masked.jpg,Tomato___Late_blight
dataset\Tomato___Early_blight\32065728-b0b0-4840-b2cc-7461b371e57f___RS_Erly.B 6407_final_masked.jpg,Tomato___Early_blight
dataset\Tomato___healthy\e0b87789-7d59-4bd1-bc78-ec3a942021f4___RS_HL 9894_final_masked.jpg,Tomato___healthy
dataset\Tomato___Early_blight\7dc08826-98ed-4885-abfe-85beedbd8cab___RS_Erly.B 9498_final_masked.jpg,Tomato___Early_blight
dataset\Tomato___healthy\df35d1fb-978c-4aeb-9d6f-e7da242c81b8___RS_HL 0515_final_masked.jpg,Tomato___healthy
dataset\Tomato___Late_blight\9bd2db81-5615-49e0-8697-e38d34b5a2ca___GHLB_PS Leaf 24.2 Day 13_final_masked.jpg,Tomato___Late_blight
dataset\Tomato___Bacterial_spot\2effb567-7a19-49c6-b819-e79c9f3a03ab___GCREC_Bact.Sp 3582_final_masked.jpg,Tomato___Bacterial_spot
dataset\Tomato___healthy\1480b935-0081-4052-a7e8-09ef0040d9b5___GH_HL Leaf 338_final_masked.jpg,Tomato___healthy
dataset\Tomato___Late_blight\a01034d4-69a1-4a6f-b05a-9561acba2ff2___GHLB2 Leaf 9057_final_masked.jpg,Tomato___Late_blight
dataset\Tomato___Early_blight\20a276c8-90b5-475f-811b-1d63f34f1c10___RS_Erly.B 9551_final_masked.jpg,Tomato___Early_blight
dataset\Tomato___Bacterial_spot\d5c1bacf-5e76-4332-bdd4-bf18eb7ea58e___UF.GRC_BS_Lab Leaf 8633_final_masked.jpg,Tomato___Bacterial_spot
dataset\Tomato___Late_blight\8edb3824-bc6b-48a6-b659-ae29c9754274___GHLB2 Leaf 103_final_masked.jpg,Tomato___Late_blight
dataset\Tomato___Late_blight\01cd2d73-c741-45a5-9610-a2cea2266b80___GHLB2 Leaf 121_final_masked.jpg,Tomato___Late_blight
dataset\Tomato___Early_blight\1d3d164e-43a9-4e0a-9e4f-9c9abab64d88___RS_Erly.B 7824_final_masked.jpg,Tomato___Early_blight
dataset\Tomato___healthy\7a51866d-a48a-4443-8243-b7de56104946___RS_HL 0311_final_masked.jpg,Tomato___healthy
dataset\Tomato___healthy\07c3c887-da7d-4c81-b6ae-fabd1fb0ba5a___RS_HL 9681_final_masked.jpg,Tomato___healthy
dataset\Tomato___Late_blight\cdcc1a8c-7b80-4d56-a5b6-942f03928ea0___RS_Late.B 5233_final_masked.jpg,Tomato___Late_blight
dataset\Tomato___Bacterial_spot\9f9da1c1-3c47-4e3c-a673-9a20e7f745b6___GCREC_Bact.Sp 3547_final_masked.jpg,Tomato___Bacterial_spot
dataset\Tomato___healthy\c1dfd66e-7c0c-40a7-8280-0aa1aaf5436b___GH_HL Leaf 431_final_masked.jpg,Tomato___healthy
dataset\Tomato___Late_blight\dd84ae03-7d7d-4e12-8f9f-f684abdcb320___RS_Late.B 5637_final_masked.jpg,Tomato___Late_blight
dataset\Tomato___healthy\de56bf63-8f55-426a-a2a1-8a8a635ad5a0___RS_HL 9747_final_masked.jpg,Tomato___healthy
dataset\Tomato___Early_blight\bfbf7eb4-8a12-4595-96f7-dcec497d3917___RS_Erly.B 7682_final_masked.jpg,Tomato___Early_blight
dataset\Tomato___Late_blight\06f7c4e6-abd5-4399-9083-ed241a9c4bab___RS_Late.B 5407_final_masked.jpg,Tomato___Late_blight
dataset\Tomato___Early_blight\f62e84ae-2bd4-4b15-918a-639c0470c25d___RS_Erly.B 7761_final_masked.jpg,Tomato___Early_blight
dataset\Tomato___Early_blight\22247648-1650-43d5-8a9b-e03f63cf2f1c___RS_Erly.B 7535_final_masked.jpg,Tomato___Early_blight
dataset\Tomato___Late_blight\46ac1a7f-6529-4812-9d11-996a288a907b___GHLB2 Leaf 113.4_final_masked.jpg,Tomato___Late_blight
dataset\Tomato___healthy\c52fd532-f7ee-43cc-a286-4ac512d4f5ca___GH_HL Leaf 282_final_masked.jpg,Tomato___healthy
dataset\Tomato___Bacterial_spot\cc816dda-efb9-451b-aaa5-0b893c2cdb15___GCREC_Bact.Sp 3354_final_masked.jpg,Tomato___Bacterial_spot
dataset\Tomato___Bacterial_spot\6489c93d-c44e-4c54-a4fc-2af319d1cba1___GCREC_Bact.Sp 6142_final_masked.jpg,Tomato___Bacterial_spot
dataset\Tomato___Late_blight\215565cf-2897-40f6-97b3-3dd63045242f___GHLB2 Leaf 8800_final_masked.jpg,Tomato___Late_blight
dataset\Tomato___healthy\6bcd0525-7b7a-4503-aff0-73cc04db5105___RS_HL 9916_final_masked.jpg,Tomato___healthy
dataset\Tomato___Bacterial_spot\3a6ccb7a-58bf-49b8-bc01-65eb74c210dd___GCREC_Bact.Sp 3051_final_masked.jpg,Tomato___Bacterial_spot
dataset\Tomato___Bacterial_spot\6c7d9f03-9847-4776-b5aa-472bedabfeb8___GCREC_Bact.Sp 6336_final_masked.jpg,Tomato___Bacterial_spot
dataset\Tomato___healthy\083426c2-0042-4788-91ea-b7d93395c24a___RS_HL 9929_final_masked.jpg,Tomato___healthy
dataset\Tomato___Late_blight\0ab1cab4-a0c9-4323-9a64-cdafa4342a9b___GHLB2 Leaf 8918_final_masked.jpg,Tomato___Late_blight
dataset\Tomato___Bacterial_spot\71206367-de88-4a81-a1e8-c11b27c4e8de___UF.GRC_BS_Lab Leaf 9272_final_masked.jpg,Tomato___Bacterial_spot
dataset\Tomato___Bacterial_spot\4ceb9395-b11a-4290-bfc4-db6afe8ad21e___UF.GRC_BS_Lab Leaf 0806_final_masked.jpg,Tomato___Bacterial_spot
dataset\Tomato___Bacterial_spot\d3969371-05ad-4097-8390-5d4124d19a9e___GCREC_Bact.Sp 3224_final_masked.jpg,Tomato___Bacterial_spot
dataset\Tomato___Late_blight\b5f3f7a5-26ab-4696-b94e-9f2d7c472254___RS_Late.B 6074_final_masked.jpg,Tomato___Late_blight
dataset\Tomato___Early_blight\31e2b9eb-6005-493f-b1c7-293f3dd309dc___RS_Erly.B 7859_final_masked.jpg,Tomato___Early_blight
dataset\Tomato___Bacterial_spot\c790128f-5406-4ffa-a545-80e818e1ceaf___GCREC_Bact.Sp 3648_final_masked.jpg,Tomato___Bacterial_spot
dataset\Tomato___Late_blight\e96512ac-0b63-4476-b7cf-aca6ca084853___RS_Late.B 5082_final_masked.jpg,Tomato___Late_blight
dataset\Tomato___Late_blight\9c2ddeef-9d65-4b77-9b1d-3031d49791db___RS_Late.B 5309_final_masked.jpg,Tomato___Late_blight
dataset\Tomato___Bacterial_spot\81d0b3fa-4d42-424d-b3f2-3acd69f0db13___GCREC_Bact.Sp 6318_final_masked.jpg,Tomato___Bacterial_spot
dataset\Tomato___Early_blight\da3ad71b-85ba-4e94-bd12-8eff52776138___RS_Erly.B 9469_final_masked.jpg,Tomato___Early_blight
dataset\Tomato___Late_blight\a94e64ec-e8fa-4814-a8d9-3a45c769a462___GHLB2 Leaf 8543_final_masked.jpg,Tomato___Late_blight
dataset\Tomato___Bacterial_spot\c532396b-5641-4fd3-8c91-a0af394b8b93___GCREC_Bact.Sp 6169_final_masked.jpg,Tomato___Bacterial_spot
dataset\Tomato___Bacterial_spot\144352ee-0f8d-44cc-9db1-c4f27eb5a00a___GCREC_Bact.Sp 3284_final_masked.jpg,Tomato___Bacterial_spot
dataset\Tomato___Early_blight\dc6eeebe-ebc4-406c-b5df-f4861f491db8___RS_Erly.B 9615_final_masked.jpg,Tomato___Early_blight
dataset\Tomato___Bacterial_spot\a0ec622e-0819-47ad-9970-2591846757d6___GCREC_Bact.Sp 6371_final_masked.jpg,Tomato___Bacterial_spot
dataset\Tomato___Bacterial_spot\d00cf182-48a5-49c6-a092-a3e0044c0d05___GCREC_Bact.Sp 3001_final_masked.jpg,Tomato___Bacterial_spot
dataset\Tomato___Late_blight\cfa1ba1d-b853-441d-99b4-0d9d413c8eb0___RS_Late.B 5288_final_masked.jpg,Tomato___Late_blight
dataset\Tomato___healthy\d45c5eb7-c7b7-430b-9b2c-917a4a34315e___RS_HL 0151_final_masked.jpg,Tomato___healthy
dataset\Tomato___healthy\267fd403-bea5-4a99-ae97-ea1c272623a1___GH_HL Leaf 440.1_final_masked.jpg,Tomato___healthy
dataset\Tomato___healthy\6e970455-6b05-4c23-82e0-ce913197ff8e___RS_HL 9684_final_masked.jpg,Tomato___healthy
dataset\Tomato___Bacterial_spot\aec51dd9-6ce4-482c-af62-872f20de45a5___GCREC_Bact.Sp 3773_final_masked.jpg,Tomato___Bacterial_spot
dataset\Tomato___healthy\40dfa3e5-617d-46bb-9eab-eb2b114e5367___RS_HL 0079_final_masked.jpg,Tomato___healthy
dataset\Tomato___healthy\ea0a8316-361e-4224-a700-5b86a8b93774___GH_HL Leaf 209_final_masked.jpg,Tomato___healthy
dataset\Tomato___Late_blight\ee26dd7d-3a4e-44c1-af1a-34dfdaa3d585___GHLB_PS Leaf 1.2 Day 7_final_masked.jpg,Tomato___Late_blight
dataset\Tomato___Early_blight\e0f7927f-2310-4db1-92cf-cb89a3e14678___RS_Erly.B 7848_final_masked.jpg,Tomato___Early_blight
dataset\Tomato___Early_blight\6376d980-2b10-4990-a58d-ca0e7dfc6af3___RS_Erly.B 8215_final_masked.jpg,Tomato___Early_blight
dataset\Tomato___Bacterial_spot\360c7149-e544-48d4-bed2-2b03a10cbfe4___GCREC_Bact.Sp 2988_final_masked.jpg,Tomato___Bacterial_spot
dataset\Tomato___Early_blight\a3d07302-420d-4b4e-94f2-6694ef9d2088___RS_Erly.B 7652_final_masked.jpg,Tomato___Early_blight
dataset\Tomato___Bacterial_spot\b4ed0e80-0eac-4d10-9e3e-73e34c41d1ac___GCREC_Bact.Sp 5598_final_masked.jpg,Tomato___Bacterial_spot
dataset\Tomato___Bacterial_spot\db6177ef-cf23-402a-ac95-f8c136c6385d___GCREC_Bact.Sp 3135_final_masked.jpg,Tomato___Bacterial_spot
dataset\Tomato___Bacterial_spot\431d6abc-9adb-4454-a3c6-e6b6a3ec79db___GCREC_Bact.Sp 6045_final_masked.jpg,Tomato___Bacterial_spot
dataset\Tomato___Late_blight\4435bd64-52a2-46cf-a319-a13a28571b03___GHLB2 Leaf 157.2_final_masked.jpg,Tomato___Late_blight
dataset\Tomato___healthy\063d05a7-1a53-4631-818d-44b34126974e___GH_HL Leaf 453_final_masked.jpg,Tomato___healthy
dataset\Tomato___Late_blight\c9165329-532e-447d-b380-e4f15106ee15___RS_Late.B 6350_final_masked.jpg,Tomato___Late_blight
dataset\Tomato___healthy\939be2cc-6c00-4205-85cd-5276c12969e0___RS_HL 9883_final_masked.jpg,Tomato___healthy
dataset\Tomato___Bacterial_spot\3da1608f-81b2-4531-9079-2c2fbe1ab7e0___GCREC_Bact.Sp 3633_final_masked.jpg,Tomato___Bacterial_spot
dataset\Tomato___healthy\03bc8804-bc25-4930-b9bf-35c35920dc3f___RS_HL 9940_final_masked.jpg,Tomato___healthy
dataset\Tomato___Bacterial_spot\03e6cea1-1c09-420a-a22e-2c29844004d1___GCREC_Bact.Sp 3076_final_masked.jpg,Tomato___Bacterial_spot
dataset\Tomato___Early_blight\1829d517-53ae-48a9-b721-5043dd10d0d2___RS_Erly.B 9518_final_masked.jpg,Tomato___Early_blight
dataset\Tomato___healthy\806a1f93-1b9f-4860-91e1-9aff2d68c494___RS_HL 0468_final_masked.jpg,Tomato___healthy
dataset\Tomato___Bacterial_spot\4c5fd345-56bf-4fbf-98e1-fff07d91eec6___GCREC_Bact.Sp 6338_final_masked.jpg,Tomato___Bacterial_spot
dataset\Tomato___healthy\caa60224-1c60-455e-8b7c-e73626af84c1___GH_HL Leaf 214_final_masked.jpg,Tomato___healthy
dataset\Tomato___Late_blight\cf17b854-3985-4aaa-a044-9babdc780668___GHLB2 Leaf 8775_final_masked.jpg,Tomato___Late_blight
dataset\Tomato___healthy\20d3ba25-f161-4ede-a42a-7a3020ebda3d___RS_HL 0124_final_masked.jpg,Tomato___healthy
dataset\Tomato___Late_blight\dbb8c0f5-faf2-450b-919e-38c5b51af399___RS_Late.B 6717_final_masked.jpg,Tomato___Late_blight
dataset\Tomato___healthy\06639369-2e38-48cc-a27a-5b90388d227e___RS_HL 0389_final_masked.jpg,Tomato___healthy
dataset\Tomato___Late_blight\a6c7381f-fcfb-484b-a2f5-a435b66f5ea2___GHLB2 Leaf 112_final_masked.jpg,Tomato___Late_blight
dataset\Tomato___Late_blight\80380588-3ae5-43e3-8acf-541b53e5d44b___RS_Late.B 6542_final_masked.jpg,Tomato___Late_blight
dataset\Tomato___Early_blight\964b07f8-2eb7-45b4-9ac8-79ec296b1655___RS_Erly.B 7378_final_masked.jpg,Tomato___Early_blight
dataset\Tomato___Bacterial_spot\b25b9bc6-18c7-4dca-a47c-9e0e9652c53d___UF.GRC_BS_Lab Leaf 9307_final_masked.jpg,Tomato___Bacterial_spot
dataset\Tomato___Late_blight\452dfdfb-298d-4c0c-b500-0c480eea587d___GHLB_PS Leaf 40 Day 18_final_masked.jpg,Tomato___Late_blight
dataset\Tomato___Late_blight\4300d507-2800-47ef-9e34-d9719fad36dd___RS_Late.B 4885_final_masked.jpg,Tomato___Late_blight
dataset\Tomato___Late_blight\43eb2436-bdba-4f67-8f51-d92c8f040690___GHLB2ES Leaf 141.1_final_masked.jpg,Tomato___Late_blight
dataset\Tomato___Bacterial_spot\0f3160b6-4cd4-486f-b0cf-269e406c41b5___GCREC_Bact.Sp 3522_final_masked.jpg,Tomato___Bacterial_spot
dataset\Tomato___Bacterial_spot\0de30b71-8bd0-4270-a65b-7ae8befdd765___GCREC_Bact.Sp 6360_final_masked.jpg,Tomato___Bacterial_spot
dataset\Tomato___Late_blight\80b1ebb9-e5e0-48cd-a68a-d43ed57633dd___GHLB2 Leaf 9050_final_masked.jpg,Tomato___Late_blight
dataset\Tomato___Early_blight\5d45c117-439e-454a-bc77-93a27ce98761___RS_Erly.B 7546_final_masked.jpg,Tomato___Early_blight
dataset\Tomato___Bacterial_spot\c1b331bd-edf3-4623-bf39-01c3c4fe6105___UF.GRC_BS_Lab Leaf 9299_final_masked.jpg,Tomato___Bacterial_spot
dataset\Tomato___Late_blight\fee09bd4-a9e3-4174-bd89-4f9b6f911902___GHLB2 Leaf 123_final_masked.jpg,Tomato___Late_blight
dataset\Tomato___healthy\483659eb-d6da-4eb6-9106-cfe4240becbe___RS_HL 9895_final_masked.jpg,Tomato___healthy
dataset\Tomato___Early_blight\a1e875bd-5c06-4031-b0c0-9413d754df0e___RS_Erly.B 8221_final_masked.jpg,Tomato___Early_blight
dataset\Tomato___Late_blight\467da834-4482-4233-90d1-03bc4dc60966___RS_Late.B 5136_final_masked.jpg,Tomato___Late_blight
dataset\Tomato___healthy\283a4ff6-4a72-498d-b5fc-df970b8b4b83___RS_HL 9643_final_masked.jpg,Tomato___healthy
dataset\Tomato___Bacterial_spot\70ed1559-2269-4ace-a69c-8fb255ccc2ba___GCREC_Bact.Sp 3030_final_masked.jpg,Tomato___Bacterial_spot
dataset\Tomato___Late_blight\1f200e50-7cb5-4a83-8ecd-dcf133f1f45e___GHLB2 Leaf 8991_final_masked.jpg,Tomato___Late_blight
dataset\Tomato___healthy\68c910fc-3e1a-4db6-b225-d94ee5c60bbf___RS_HL 9713_final_masked.jpg,Tomato___healthy
dataset\Tomato___Bacterial_spot\67da0ec7-c06a-4d27-af36-17b4a1630830___GCREC_Bact.Sp 5619_final_masked.jpg,Tomato___Bacterial_spot
dataset\Tomato___Late_blight\7847d3dd-66e7-470f-ab6e-5273c3ee8924___RS_Late.B 4905_final_masked.jpg,Tomato___Late_blight
dataset\Tomato___healthy\4a1e2b71-992a-4a64-a599-b49b8fa75378___RS_HL 0627_final_masked.jpg,Tomato___healthy
dataset\Tomato___healthy\3887cbce-afde-4244-b39e-25ee0c9e24fc___GH_HL Leaf 235.1_final_masked.jpg,Tomato___healthy
dataset\Tomato___Late_blight\d4f41a97-4705-48e0-9707-2deeb12e4ef6___GHLB Leaf 8 Day 6_final_masked.jpg,Tomato___Late_blight
dataset\Tomato___Bacterial_spot\c0937468-f1fc-4c71-b0e9-f7ab93d28650___GCREC_Bact.Sp 3469_final_masked.jpg,Tomato___Bacterial_spot
dataset\Tomato___Bacterial_spot\64110a6c-c670-435f-8264-3cd5d45250cb___GCREC_Bact.Sp 6289_final_masked.jpg,Tomato___Bacterial_spot
dataset\Tomato___Early_blight\c8dd6713-727e-4811-b951-e70e44d0c483___RS_Erly.B 7817_final_masked.jpg,Tomato___Early_blight
dataset\Tomato___healthy\3e4f86b3-55d1-4efc-bd8a-f13af318b181___GH_HL Leaf 492_final_masked.jpg,Tomato___healthy
dataset\Tomato___healthy\6be1ec13-6964-4706-b94a-069d4a8592cf___GH_HL Leaf 175.1_final_masked.jpg,Tomato___healthy
dataset\Tomato___Bacterial_spot\ed17ee54-fc7b-43a7-8945-c8ddc3b4dfdb___GCREC_Bact.Sp 5741_final_masked.jpg,Tomato___Bacterial_spot
dataset\Tomato___healthy\83fa8d6f-4c08-46bf-b4cf-7a33d4fe0031___GH_HL Leaf 180_final_masked.jpg,Tomato___healthy
dataset\Tomato___Early_blight\a278a40a-bb25-4210-b646-2d232245851a___RS_Erly.B 7719_final_masked.jpg,Tomato___Early_blight
dataset\Tomato___healthy\1c092a12-ed60-42c8-86b4-0427db78a5d3___RS_HL 0076_final_masked.jpg,Tomato___healthy
dataset\Tomato___healthy\51fda747-5f6a-4870-a874-2a53f706c015___GH_HL Leaf 220.1_final_masked.jpg,Tomato___healthy
dataset\Tomato___healthy\0184dc6b-bfc1-4515-ac59-bbadaf524e1a___GH_HL Leaf 422.1_final_masked.jpg,Tomato___healthy
dataset\Tomato___Bacterial_spot\fd464954-3098-4e86-b8fd-065414d96089___GCREC_Bact.Sp 5838_final_masked.jpg,Tomato___Bacterial_spot
dataset\Tomato___Bacterial_spot\072f9c7d-c296-49d9-a432-6ec9448cab2a___GCREC_Bact.Sp 3558_final_masked.jpg,Tomato___Bacterial_spot
dataset\Tomato___healthy\14f9c049-aeb8-4cfb-84a7-cd39526b8b20___RS_HL 0534_final_masked.jpg,Tomato___healthy
dataset\Tomato___Late_blight\25b8f158-e12f-4f16-b968-f9e891264d28___RS_Late.B 6041_final_masked.jpg,Tomato___Late_blight
dataset\Tomato___Late_blight\06412832-90d3-4713-9e82-f2cca52dadc8___GHLB2 Leaf 8734_final_masked.jpg,Tomato___Late_blight
dataset\Tomato___Bacterial_spot\03c8e0d0-6c57-4207-ad44-4d017c3e7943___GCREC_Bact.Sp 6325_final_masked.jpg,Tomato___Bacterial_spot
dataset\Tomato___Late_blight\a6154a52-2013-4b02-9682-f8c5b0b6c17a___GHLB2 Leaf 64_final_masked.jpg,Tomato___Late_blight
dataset\Tomato___Late_blight\4be05670-885c-4a87-a22a-dfb89f0b15d0___RS_Late.B 6588_final_masked.jpg,Tomato___Late_blight
dataset\Tomato___healthy\0cb10f98-491d-4e1f-b8ea-4fb0f1b3675f___GH_HL Leaf 333_final_masked.jpg,Tomato___healthy
dataset\Tomato___Late_blight\c782c37e-851e-4601-ab5a-65f627a7a099___RS_Late.B 4911_final_masked.jpg,Tomato___Late_blight
dataset\Tomato___Early_blight\7b2a8123-3905-48d9-be99-b5e749b5ba45___RS_Erly.B 6472_final_masked.jpg,Tomato___Early_blight
dataset\Tomato___Late_blight\d4af5357-afc6-4a81-8d7c-bf8f947c3c91___RS_Late.B 6908_final_masked.jpg,Tomato___Late_blight
dataset\Tomato___Late_blight\804a100c-1ef1-4178-9c2f-7468bcb484f3___GHLB2 Leaf 88_final_masked.jpg,Tomato___Late_blight
dataset\Tomato___Bacterial_spot\01d7f4fe-793f-4a9b-bc8b-8aa05200984f___GCREC_Bact.Sp 2984_final_masked.jpg,Tomato___Bacterial_spot
dataset\Tomato___Early_blight\3fa32b26-e7bb-493e-b7c2-c40e3f3df380___RS_Erly.B 9546_final_masked.jpg,Tomato___Early_blight
dataset\Tomato___Late_blight\943a9a43-f61d-44f5-88c0-455d5d6c4746___GHLB Leaf 14 Day 7_final_masked.jpg,Tomato___Late_blight
dataset\Tomato___Early_blight\52082b15-4350-415a-be8c-bb0e0fc3ab88___RS_Erly.B 6332_final_masked.jpg,Tomato___Early_blight
dataset\Tomato___Late_blight\9cb4cbdd-147f-4cfe-a30a-dd003520f0dc___GHLB2 Leaf 8988_final_masked.jpg,Tomato___Late_blight
dataset\Tomato___Bacterial_spot\a39109dc-8814-4066-af60-a3f986609122___GCREC_Bact.Sp 3857_final_masked.jpg,Tomato___Bacterial_spot
dataset\Tomato___Early_blight\573fc55b-8a73-48ba-b916-5d7f397977e4___RS_Erly.B 8384_final_masked.jpg,Tomato___Early_blight
dataset\Tomato___Early_blight\a86f36c6-2089-4367-ba3e-5b7c8b3c0084___RS_Erly.B 7492_final_masked.jpg,Tomato___Early_blight
dataset\Tomato___Bacterial_spot\c61c9a75-61bb-4f14-b5a5-501c6ca5bccc___GCREC_Bact.Sp 3795_final_masked.jpg,Tomato___Bacterial_spot
dataset\Tomato___Early_blight\4f4ef45f-80b4-4fde-b052-f932d2b5a9f3___RS_Erly.B 9410_final_masked.jpg,Tomato___Early_blight
dataset\Tomato___Bacterial_spot\389409f8-30ae-46b3-960f-7b4936fc8ca5___GCREC_Bact.Sp 6021_final_masked.jpg,Tomato___Bacterial_spot
dataset\Tomato___Late_blight\aff90d5c-a3f2-445a-b125-717a00b21fb8___RS_Late.B 6624_final_masked.jpg,Tomato___Late_blight
dataset\Tomato___Bacterial_spot\88cc038d-6215-45de-a0e7-26cb701e96e2___GCREC_Bact.Sp 3494_final_masked.jpg,Tomato___Bacterial_spot
dataset\Tomato___Early_blight\f0eb00dc-22da-4c8b-b86d-72157ea9e71d___RS_Erly.B 9610_final_masked.jpg,Tomato___Early_blight
dataset\Tomato___Bacterial_spot\25202a28-6a47-4ae0-aa2c-9907eb1be14d___GCREC_Bact.Sp 3681_final_masked.jpg,Tomato___Bacterial_spot
dataset\Tomato___Bacterial_spot\b391ff43-597e-431d-b3eb-d852e5c9c754___GCREC_Bact.Sp 3758_final_masked.jpg,Tomato___Bacterial_spot
dataset\Tomato___Early_blight\c0caae76-1327-4d16-95dd-138603f7573b___RS_Erly.B 8362_final_masked.jpg,Tomato___Early_blight
dataset\Tomato___Late_blight\5114b264-0305-4447-b560-6ca1826d3420___GHLB_PS Leaf 24.1 Day 16_final_masked.jpg,Tomato___Late_blight
dataset\Tomato___healthy\eb0b95d9-4012-494c-85b6-48f7e250c958___GH_HL Leaf 404_final_masked.jpg,Tomato___healthy
dataset\Tomato___Early_blight\be03b7aa-4c59-4ea9-b3cc-33a93a34b402___RS_Erly.B 7742_final_masked.jpg,Tomato___Early_blight
dataset\Tomato___Bacterial_spot\a1fcf5e9-e7e3-4c4f-8e7b-416f385fa8f9___GCREC_Bact.Sp 3791_final_masked.jpg,Tomato___Bacterial_spot
dataset\Tomato___healthy\8c4cf935-765a-4689-a093-08e8c64fb124___GH_HL Leaf 369_final_masked.jpg,Tomato___healthy
dataset\Tomato___Early_blight\496e8f67-eec4-47be-9c37-b7e8fd4cf230___RS_Erly.B 7743_final_masked.jpg,Tomato___Early_blight
dataset\Tomato___Late_blight\00355ec2-f12c-4015-b8f9-94354f69ce22___RS_Late.B 5311_final_masked.jpg,Tomato___Late_blight
dataset\Tomato___Late_blight\29eb16c9-e283-46f3-b373-4cfb2cd511d2___GHLB2 Leaf 9055_final_masked.jpg,Tomato___Late_blight
dataset\Tomato___Bacterial_spot\d066d888-1ffb-4ede-a6f9-2d5894a7f90f___GCREC_Bact.Sp 3102_final_masked.jpg,Tomato___Bacterial_spot
dataset\Tomato___Late_blight\e1088349-de49-4d96-9405-6163002bf9de___RS_Late.B 6904_final_masked.jpg,Tomato___Late_blight
dataset\Tomato___Early_blight\6c3feee9-23a8-46c4-8ded-5b0ef2e49ff5___RS_Erly.B 9370_final_masked.jpg,Tomato___Early_blight
dataset\Tomato___Bacterial_spot\7eb976bd-5203-44c2-85ab-f27a5852a7db___GCREC_Bact.Sp 3360_final_masked.jpg,Tomato___Bacterial_spot
dataset\Tomato___Early_blight\164f6427-eeed-42da-bb51-ec07a57840dc___RS_Erly.B 9372_final_masked.jpg,Tomato___Early_blight
dataset\Tomato___healthy\50e94883-d7f1-4165-8c48-2f999ed1eef6___GH_HL Leaf 478.1_final_masked.jpg,Tomato___healthy
dataset\Tomato___Early_blight\297feea8-4707-4d39-a6af-b1c0e3403935___RS_Erly.B 7816_final_masked.jpg,Tomato___Early_blight
dataset\Tomato___Late_blight\8fa2b785-6eba-47c3-aeb3-139ebe284185___RS_Late.B 4954_final_masked.jpg,Tomato___Late_blight
dataset\Tomato___Early_blight\71eb9b0a-a7ea-47a0-8108-71949d74e22d___RS_Erly.B 7557_final_masked.jpg,Tomato___Early_blight
dataset\Tomato___Bacterial_spot\0ab41c2e-c6fc-4ef1-9ffb-ce1b241d32be___GCREC_Bact.Sp 3426_final_masked.jpg,Tomato___Bacterial_spot
dataset\Tomato___Late_blight\4b115bc3-911c-4e98-b948-a6a360f06a87___GHLB_PS Leaf 25 Day 9_final_masked.jpg,Tomato___Late_blight
dataset\Tomato___Bacterial_spot\f715c7e4-8b89-4eda-b020-adcf49e910f0___GCREC_Bact.Sp 6315_final_masked.jpg,Tomato___Bacterial_spot
dataset\Tomato___Late_blight\f7b65254-1bf9-4bf5-88fb-52c88373587c___RS_Late.B 5225_final_masked.jpg,Tomato___Late_blight
dataset\Tomato___Late_blight\69a7bc98-0c0d-4391-ad2f-2fa91a5d51ac___RS_Late.B 6986_final_masked.jpg,Tomato___Late_blight
dataset\Tomato___healthy\66b194fd-6db3-453c-b851-e82862db9c24___RS_HL 0019_final_masked.jpg,Tomato___healthy
dataset\Tomato___Bacterial_spot\d36baaa6-29eb-4bc6-8f05-252fdceee6fc___UF.GRC_BS_Lab Leaf 0353_final_masked.jpg,Tomato___Bacterial_spot
dataset\Tomato___Bacterial_spot\2dd3b6ae-0ddc-4319-8c69-c10adadd038d___GCREC_Bact.Sp 5958_final_masked.jpg,Tomato___Bacterial_spot
dataset\Tomato___Bacterial_spot\1ba1b688-e5b6-4871-8e70-edbf17bef408___GCREC_Bact.Sp 6125_final_masked.jpg,Tomato___Bacterial_spot
dataset\Tomato___Early_blight\809042e0-7587-4a45-93e8-e166c07a55ec___RS_Erly.B 7692_final_masked.jpg,Tomato___Early_blight
dataset\Tomato___Early_blight\3253ff4e-90ab-475a-89d2-f99875c53367___RS_Erly.B 8356_final_masked.jpg,Tomato___Early_blight
dataset\Tomato___healthy\4ff18566-4ef0-4492-85c6-5f8c94a2c20f___GH_HL Leaf 418_final_masked.jpg,Tomato___healthy
dataset\Tomato___Bacterial_spot\5bba3a68-37a6-4378-b3d6-e10cb9ede01e___GCREC_Bact.Sp 6226_final_masked.jpg,Tomato___Bacterial_spot
dataset\Tomato___Bacterial_spot\bc87927b-7858-4d02-ada3-d8dc075bd82b___UF.GRC_BS_Lab Leaf 9048_final_masked.jpg,Tomato___Bacterial_spot
dataset\Tomato___Early_blight\3198b703-d5d5-46e9-9b8f-399d5531b5c4___RS_Erly.B 8364_final_masked.jpg,Tomato___Early_blight
dataset\Tomato___Early_blight\f7682a27-eeb7-4e22-89f0-df8531c5fb8f___RS_Erly.B 7728_final_masked.jpg,Tomato___Early_blight
dataset\Tomato___Early_blight\fd6417ac-d076-4658-a4f8-6916d781c72a___RS_Erly.B 7360_final_masked.jpg,Tomato___Early_blight
dataset\Tomato___Late_blight\6e93da35-363f-42f4-af65-e6eeb1217058___GHLB2 Leaf 8780_final_masked.jpg,Tomato___Late_blight
dataset\Tomato___Bacterial_spot\2d578e27-92f1-489d-96a8-d80cb09afa90___GCREC_Bact.Sp 6041_final_masked.jpg,Tomato___Bacterial_spot
dataset\Tomato___Late_blight\efe3a784-f4d6-4635-bef8-c81fffeee36b___GHLB2 Leaf 8651_final_masked.jpg,Tomato___Late_blight
dataset\Tomato___Late_blight\6cd183e0-9e97-4e80-a956-7c81bd06ab8b___RS_Late.B 6621_final_masked.jpg,Tomato___Late_blight
dataset\Tomato___healthy\6657a918-63fb-49d1-a74d-8ef6bbb66231___RS_HL 9816_final_masked.jpg,Tomato___healthy
dataset\Tomato___healthy\3be7ae8c-bacb-4877-b6b5-c2251d22b431___GH_HL Leaf 497.1_final_masked.jpg,Tomato___healthy
dataset\Tomato___Late_blight\a0fe466c-9953-4458-9621-65377e474227___RS_Late.B 6973_final_masked.jpg,Tomato___Late_blight
dataset\Tomato___Bacterial_spot\de2b6ef8-f5cc-4cf5-bebf-273d12f2626f___GCREC_Bact.Sp 6301_final_masked.jpg,Tomato___Bacterial_spot
dataset\Tomato___healthy\6398befe-9cd0-4724-b564-248d76b50b5a___GH_HL Leaf 196_final_masked.jpg,Tomato___healthy
dataset\Tomato___healthy\8cc11f24-0b79-4eda-8a09-9c776e0a9c1e___RS_HL 9728_final_masked.jpg,Tomato___healthy
dataset\Tomato___Bacterial_spot\4990878e-265e-4dad-98cf-ce60fb67035b___GCREC_Bact.Sp 3479_final_masked.jpg,Tomato___Bacterial_spot
dataset\Tomato___Bacterial_spot\bff7702d-fae9-4865-8256-c82a7bbcdeb1___GCREC_Bact.Sp 3750_final_masked.jpg,Tomato___Bacterial_spot
dataset\Tomato___Late_blight\7edf8e92-d212-46f4-843e-0c08bd263f73___GHLB2 Leaf 8944_final_masked.jpg,Tomato___Late_blight
dataset\Tomato___healthy\2d6ecece-b67e-42f1-924b-3a5dbd95d5ef___RS_HL 0282_final_masked.jpg,Tomato___healthy
dataset\Tomato___Bacterial_spot\f82504ab-2205-4b5e-968f-225eff5b22fb___GCREC_Bact.Sp 3705_final_masked.jpg,Tomato___Bacterial_spot
dataset\Tomato___Early_blight\d4d20c99-4cf3-4ecc-95ae-a964560cfeed___RS_Erly.B 9604_final_masked.jpg,Tomato___Early_blight
dataset\Tomato___Bacterial_spot\76dd04b9-ddda-4575-954c-dd3d04ce45aa___GCREC_Bact.Sp 5750_final_masked.jpg,Tomato___Bacterial_spot
dataset\Tomato___Late_blight\e114b022-a00f-4055-9ff0-ae67c6722607___RS_Late.B 5024_final_masked.jpg,Tomato___Late_blight
dataset\Tomato___Bacterial_spot\c23fe2f1-4b93-4e4e-b55e-215b4a922e5d___GCREC_Bact.Sp 5779_final_masked.jpg,Tomato___Bacterial_spot
dataset\Tomato___Late_blight\d9432e3e-282e-450c-9375-a3b062353075___RS_Late.B 6430_final_masked.jpg,Tomato___Late_blight
dataset\Tomato___Bacterial_spot\acc8c3ba-69bc-4900-9c78-f7140e68f62d___GCREC_Bact.Sp 6158_final_masked.jpg,Tomato___Bacterial_spot
dataset\Tomato___Early_blight\25430871-a740-4dd8-a836-bf2d52eb233b___RS_Erly.B 6420_final_masked.jpg,Tomato___Early_blight
dataset\Tomato___Late_blight\b45f36d3-b367-4c96-9e4d-a8da7c8c584d___RS_Late.B 5195_final_masked.jpg,Tomato___Late_blight
dataset\Tomato___Bacterial_spot\e76265f7-6ce4-4448-856e-84a4cfb94bd0___GCREC_Bact.Sp 5862_final_masked.jpg,Tomato___Bacterial_spot
dataset\Tomato___Early_blight\8f9b3d86-42dd-4932-b638-8376529afcaa___RS_Erly.B 9575_final_masked.jpg,Tomato___Early_blight
dataset\Tomato___Bacterial_spot\e7a41440-0635-43cf-8d8c-57d892f1ef10___GCREC_Bact.Sp 3399_final_masked.jpg,Tomato___Bacterial_spot
dataset\Tomato___healthy\5ecf00da-161c-4e2f-a525-b9223adce0b6___GH_HL Leaf 252.1_final_masked.jpg,Tomato___healthy
dataset\Tomato___Late_blight\eb816984-283e-4a3b-846d-9bf24b1cce8d___GHLB_PS Leaf 37.2 Day 13_final_masked.jpg,Tomato___Late_blight
dataset\Tomato___Late_blight\814df7b9-2950-4628-a03c-bfae17a4f0a8___GHLB2 Leaf 146.1_final_masked.jpg,Tomato___Late_blight
dataset\Tomato___healthy\3f12b950-bfdc-4670-adad-b32588dde9a3___RS_HL 9666_final_masked.jpg,Tomato___healthy
dataset\Tomato___Bacterial_spot\0da838ea-fd8c-43c0-a437-4aba96234262___UF.GRC_BS_Lab Leaf 8770_final_masked.jpg,Tomato___Bacterial_spot
dataset\Tomato___healthy\e7d07408-70bb-421d-9224-df4961a01cb9___GH_HL Leaf 509.1_final_masked.jpg,Tomato___healthy
dataset\Tomato___Bacterial_spot\f21dbfc9-1b65-4407-808b-55685784bd19___GCREC_Bact.Sp 3138_final_masked.jpg,Tomato___Bacterial_spot
dataset\Tomato___Late_blight\30f95811-1559-4076-a66b-25e3209c7db6___GHLB2ES Leaf 136_final_masked.jpg,Tomato___Late_blight
dataset\Tomato___Bacterial_spot\f790b5c0-15b7-4adc-916f-fd4add9a72dd___GCREC_Bact.Sp 3128_final_masked.jpg,Tomato___Bacterial_spot
dataset\Tomato___healthy\06d90ad5-eb13-49aa-ae04-3a4a5454963d___RS_HL 0620_final_masked.jpg,Tomato___healthy
dataset\Tomato___Late_blight\ff82087d-e992-41fb-a2ec-f726d92e6c58___GHLB_PS Leaf 27 day 13_final_masked.jpg,Tomato___Late_blight
dataset\Tomato___healthy\9022a9e2-3161-4d34-9c83-e3e72d8154a1___RS_HL 0233_final_masked.jpg,Tomato___healthy
dataset\Tomato___healthy\876e3a03-14fb-4a13-888b-02b2d9fa8e86___RS_HL 0313_final_masked.jpg,Tomato___healthy
dataset\Tomato___healthy\e9392a5e-2fac-48c5-a23d-df3aa3f61048___GH_HL Leaf 217_final_masked.jpg,Tomato___healthy
dataset\Tomato___healthy\729ddd12-6c56-4f8d-bf95-ce3a066c9f29___GH_HL Leaf 188_final_masked.jpg,Tomato___healthy
dataset\Tomato___Early_blight\2f6115d3-4997-4174-aa6a-9025c654e81f___RS_Erly.B 9374_final_masked.jpg,Tomato___Early_blight
dataset\Tomato___Late_blight\dadc7e0f-8caf-4db0-9a05-f4b724c73bc2___GHLB2 Leaf 8685_final_masked.jpg,Tomato___Late_blight
dataset\Tomato___Bacterial_spot\c6581fb4-670c-4a11-94b2-1c9b51d8dda8___GCREC_Bact.Sp 3181_final_masked.jpg,Tomato___Bacterial_spot
dataset\Tomato___healthy\933b7a1c-5015-48df-8c2d-b7fdf918a4db___GH_HL Leaf 490.1_final_masked.jpg,Tomato___healthy
dataset\Tomato___Bacterial_spot\9da4708d-8ea4-406f-8850-7fd97efbd129___UF.GRC_BS_Lab Leaf 8969_final_masked.jpg,Tomato___Bacterial_spot
dataset\Tomato___Late_blight\526e3337-acab-45da-a988-e6aab8a99281___GHLB2 Leaf 9089_final_masked.jpg,Tomato___Late_blight
dataset\Tomato___Late_blight\ed469069-15cf-4996-9f2a-ede8139d1543___RS_Late.B 4914_final_masked.jpg,Tomato___Late_blight
dataset\Tomato___Bacterial_spot\e87962ec-4dae-4c6c-8233-620e40acf137___GCREC_Bact.Sp 3160_final_masked.jpg,Tomato___Bacterial_spot
dataset\Tomato___healthy\c5708e70-747e-44d9-ab7f-356157bfe0ec___RS_HL 9813_final_masked.jpg,Tomato___healthy
dataset\Tomato___healthy\64b5d77e-2b06-461d-94f9-5f15250a7e77___GH_HL Leaf 505.1_final_masked.jpg,Tomato___healthy
dataset\Tomato___healthy\f32a71f9-5468-4169-aa2f-e895f070bfc7___RS_HL 9997_final_masked.jpg,Tomato___healthy
dataset\Tomato___Bacterial_spot\43f48412-a4b0-496b-b482-da1a54482855___GCREC_Bact.Sp 5670_final_masked.jpg,Tomato___Bacterial_spot
dataset\Tomato___Early_blight\98009062-b345-4f14-bc90-f458e6027918___RS_Erly.B 7411_final_masked.jpg,Tomato___Early_blight
dataset\Tomato___Late_blight\e10eb7f2-7449-4061-bb0a-49fa55abd423___RS_Late.B 6718_final_masked.jpg,Tomato___Late_blight
dataset\Tomato___Early_blight\8f6562ec-69b1-4d97-85be-844034c98c4d___RS_Erly.B 7569_final_masked.jpg,Tomato___Early_blight
dataset\Tomato___Bacterial_spot\24300988-d6e0-4e1d-b89b-d5098c074c69___UF.GRC_BS_Lab Leaf 8837_final_masked.jpg,Tomato___Bacterial_spot
dataset\Tomato___Late_blight\89996998-a74f-46f5-8e5f-790a66dbd652___GHLB2 Leaf 8826_final_masked.jpg,Tomato___Late_blight
dataset\Tomato___Late_blight\b2b78605-d686-49ad-b312-ff96c1d7acf1___RS_Late.B 6177_final_masked.jpg,Tomato___Late_blight
dataset\Tomato___Late_blight\e59e9af1-5baf-4eac-9afc-8ae3171fd062___GHLB2 Leaf 77.2_final_masked.jpg,Tomato___Late_blight
dataset\Tomato___Late_blight\21f3629a-8126-4f23-85c5-05636ff87644___RS_Late.B 6906_final_masked.jpg,Tomato___Late_blight
dataset\Tomato___Bacterial_spot\f04fd2e9-8aef-423f-8c47-42e179092bad___GCREC_Bact.Sp 3679_final_masked.jpg,Tomato___Bacterial_spot
dataset\Tomato___Late_blight\3fbc7d2b-b44e-4562-901f-61eed2e4e38c___RS_Late.B 6045_final_masked.jpg,Tomato___Late_blight
dataset\Tomato___Early_blight\748ed7a9-9044-49d2-943d-8c82a1763c55___RS_Erly.B 8230_final_masked.jpg,Tomato___Early_blight
dataset\Tomato___Late_blight\455a88bf-102d-4eeb-bea9-f0e648a3ad31___RS_Late.B 6903_final_masked.jpg,Tomato___Late_blight
dataset\Tomato___Late_blight\5fdf3288-d5f4-4c70-9b12-95222b82d415___RS_Late.B 4942_final_masked.jpg,Tomato___Late_blight
dataset\Tomato___Late_blight\82e462d5-14fb-4530-a8b8-c844d1cc5f43___GHLB2 Leaf 8701_final_masked.jpg,Tomato___Late_blight
dataset\Tomato___Late_blight\60b03301-a2d3-4063-9b4f-1840c9288c08___GHLB Leaf 23.6 Day 13_final_masked.jpg,Tomato___Late_blight
dataset\Tomato___Late_blight\913a9ecb-2dad-4a37-8e5e-e97a1aa2b8a1___RS_Late.B 5327_final_masked.jpg,Tomato___Late_blight
dataset\Tomato___healthy\f62d9b06-1625-4277-9347-0f3097c41fcf___GH_HL Leaf 518.2_final_masked.jpg,Tomato___healthy
dataset\Tomato___healthy\5a7de071-ba6b-4a06-a3d4-eab0abdc6ecf___GH_HL Leaf 398.1_final_masked.jpg,Tomato___healthy
dataset\Tomato___Bacterial_spot\122e4db5-bfc6-44b2-b7c5-bf05d040ca79___GCREC_Bact.Sp 5782_final_masked.jpg,Tomato___Bacterial_spot
dataset\Tomato___healthy\6c125a79-9b14-4a91-8f03-342910c7fe57___GH_HL Leaf 433_final_masked.jpg,Tomato___healthy
dataset\Tomato___Bacterial_spot\f6bb2bc6-ce10-4b4c-a02d-5540bb42fae6___GCREC_Bact.Sp 3439_final_masked.jpg,Tomato___Bacterial_spot
dataset\Tomato___Late_blight\7d8cbbfc-89e2-4fe5-9624-89b353d78832___RS_Late.B 5176_final_masked.jpg,Tomato___Late_blight
dataset\Tomato___Late_blight\a849a1cf-b06a-4900-bf59-417da8b1d860___GHLB2 Leaf 56_final_masked.jpg,Tomato___Late_blight
dataset\Tomato___Bacterial_spot\7b5a767a-b17f-42a6-a809-233e5b857ff4___GCREC_Bact.Sp 5819_final_masked.jpg,Tomato___Bacterial_spot
dataset\Tomato___Bacterial_spot\c642f72d-3f7b-4e1d-b69b-44355f22a672___GCREC_Bact.Sp 5709_final_masked.jpg,Tomato___Bacterial_spot
dataset\Tomato___healthy\5876e77a-8598-418c-bae2-b7492c8e46bd___RS_HL 9859_final_masked.jpg,Tomato___healthy
dataset\Tomato___Bacterial_spot\5e85c3be-5568-4e7c-a09d-edcf1e525af5___GCREC_Bact.Sp 6235_final_masked.jpg,Tomato___Bacterial_spot
dataset\Tomato___Bacterial_spot\7af94581-44a3-4c4b-a6a9-d88d831f0f0a___GCREC_Bact.Sp 3820_final_masked.jpg,Tomato___Bacterial_spot
dataset\Tomato___Late_blight\3956f2c5-b3a4-49a4-8612-c7003d62698b___RS_Late.B 6287_final_masked.jpg,Tomato___Late_blight
dataset\Tomato___Bacterial_spot\66f3960e-72ea-401f-9f74-1cbf6d2d1419___UF.GRC_BS_Lab Leaf 8978_final_masked.jpg,Tomato___Bacterial_spot
dataset\Tomato___healthy\ce081d63-8710-460f-9f20-cc67ef62fa37___RS_HL 9685_final_masked.jpg,Tomato___healthy
dataset\Tomato___healthy\dfa6e9aa-b240-4148-bdef-5c0f21ff62ff___RS_HL 0318_final_masked.jpg,Tomato___healthy
dataset\Tomato___healthy\e67f9352-aae3-45f5-9b36-f0da08037d51___RS_HL 9944_final_masked.jpg,Tomato___healthy
dataset\Tomato___Late_blight\729bd3cf-64cc-40d3-9cec-5f52e3c3aeb3___RS_Late.B 5630_final_masked.jpg,Tomato___Late_blight
dataset\Tomato___healthy\0031da2a-8edd-468f-a8b1-106657717a32___RS_HL 0105_final_masked.jpg,Tomato___healthy
dataset\Tomato___healthy\3ee909e6-4de7-4120-bb0e-bd71627f8bf1___RS_HL 9782_final_masked.jpg,Tomato___healthy
dataset\Tomato___Bacterial_spot\57e15172-0ea6-4041-8891-53f47d6e0710___GCREC_Bact.Sp 3690_final_masked.jpg,Tomato___Bacterial_spot
dataset\Tomato___Late_blight\d37ac919-98d9-4838-8fb2-0499175b5be4___RS_Late.B 6819_final_masked.jpg,Tomato___Late_blight
dataset\Tomato___Bacterial_spot\4d0a8955-1ad3-4181-9d08-4bedf2cdc4b6___GCREC_Bact.Sp 3657_final_masked.jpg,Tomato___Bacterial_spot
dataset\Tomato___healthy\424c3315-6c08-4ab3-89da-d8456bc2050b___GH_HL Leaf 443_final_masked.jpg,Tomato___healthy
dataset\Tomato___Bacterial_spot\736981e7-574c-4d75-b377-f56727bb6e49___GCREC_Bact.Sp 3240_final_masked.jpg,Tomato___Bacterial_spot
dataset\Tomato___Early_blight\a67b9ba1-99ff-4826-8f7b-1b89ca61980e___RS_Erly.B 7597_final_masked.jpg,Tomato___Early_blight
dataset\Tomato___healthy\e3cc41f4-f960-44b9-96cd-61e3bd184e6d___RS_HL 0138_final_masked.jpg,Tomato___healthy
dataset\Tomato___Bacterial_spot\e4d01d54-df44-40ab-a6f9-74c9e0834998___GCREC_Bact.Sp 5950_final_masked.jpg,Tomato___Bacterial_spot
dataset\Tomato___Bacterial_spot\71eeeb09-ce59-4b58-80a4-a01c4348a218___GCREC_Bact.Sp 3305_final_masked.jpg,Tomato___Bacterial_spot
dataset\Tomato___Bacterial_spot\66b55a66-a555-4ee7-aed4-768a22be548d___GCREC_Bact.Sp 5721_final_masked.jpg,Tomato___Bacterial_spot
dataset\Tomato___healthy\ec768816-02c1-4726-9374-b6d0ccec49d2___RS_HL 0114_final_masked.jpg,Tomato___healthy
dataset\Tomato___Early_blight\394ebb8a-49b8-4122-bd81-f3c862491db9___RS_Erly.B 7513_final_masked.jpg,Tomato___Early_blight
dataset\Tomato___Late_blight\ddbd7e1c-c100-4298-a7f5-ebae1e9cff38___GHLB Leaf 1 Day 12_final_masked.jpg,Tomato___Late_blight
dataset\Tomato___Early_blight\cb0e04ea-9d44-4c3f-b528-d7aa32aa0b85___RS_Erly.B 7850_final_masked.jpg,Tomato___Early_blight
dataset\Tomato___Bacterial_spot\b29993ed-4d96-499b-ad36-379fda20c9c7___UF.GRC_BS_Lab Leaf 8843_final_masked.jpg,Tomato___Bacterial_spot
dataset\Tomato___Early_blight\7ecb4521-70ac-4f49-ab74-2678cc4eab2a___RS_Erly.B 7690_final_masked.jpg,Tomato___Early_blight
dataset\Tomato___healthy\b208c306-c151-4941-85f0-47735d9b6984___RS_HL 0263_final_masked.jpg,Tomato___healthy
dataset\Tomato___Late_blight\0ead4ae7-b14a-4f00-862b-f8ca126136ec___GHLB2 Leaf 89.2_final_masked.jpg,Tomato___Late_blight
dataset\Tomato___Late_blight\c421eebc-d8ec-42d7-bcc9-a615343216a0___GHLB2 Leaf 8912_final_masked.jpg,Tomato___Late_blight
dataset\Tomato___Late_blight\c933f19c-7b00-4dca-b2c4-94d3b9212f92___GHLB2 Leaf 8985_final_masked.jpg,Tomato___Late_blight
dataset\Tomato___Late_blight\7725973d-b1dd-4da4-abc9-2cc0cc247485___GHLB_PS Leaf 23.3 Day 9_final_masked.jpg,Tomato___Late_blight
dataset\Tomato___Late_blight\f972ee8f-5f07-49a0-974c-b919b0ad5b0b___RS_Late.B 4961_final_masked.jpg,Tomato___Late_blight
dataset\Tomato___Early_blight\815fb4d0-7902-45a2-a7c7-2ee400a2e25a___RS_Erly.B 7646_final_masked.jpg,Tomato___Early_blight
dataset\Tomato___Bacterial_spot\9ae5c3fd-c13c-47f1-bd58-eee112ef3b20___GCREC_Bact.Sp 6149_final_masked.jpg,Tomato___Bacterial_spot
dataset\Tomato___Bacterial_spot\7f4bdfa1-5d50-476f-9e79-1dbe00572974___GCREC_Bact.Sp 3004_final_masked.jpg,Tomato___Bacterial_spot
dataset\Tomato___Bacterial_spot\4fc4c293-30a0-4207-b880-603ad3afcbd8___GCREC_Bact.Sp 5931_final_masked.jpg,Tomato___Bacterial_spot
dataset\Tomato___Late_blight\aa48f118-9636-4320-99d5-a2a668038683___GHLB2 Leaf 8601_final_masked.jpg,Tomato___Late_blight
dataset\Tomato___Bacterial_spot\93330085-955f-4498-8159-77af45f02ea5___GCREC_Bact.Sp 5735_final_masked.jpg,Tomato___Bacterial_spot
dataset\Tomato___Late_blight\7d0d5e78-87b9-4d47-9291-4a1e75fe9d97___GHLB2 Leaf 8693_final_masked.jpg,Tomato___Late_blight
dataset\Tomato___healthy\c1041bea-57c1-401c-90e9-c81510f9e45a___RS_HL 0446_final_masked.jpg,Tomato___healthy
dataset\Tomato___healthy\525c2813-206e-40ee-80a2-83b56ef45b13___RS_HL 0547_final_masked.jpg,Tomato___healthy
dataset\Tomato___Late_blight\2bf70a8f-ba33-4405-89d2-8135dbea2b9d___GHLB2 Leaf 9064_final_masked.jpg,Tomato___Late_blight
dataset\Tomato___Late_blight\8db4bafa-489e-42ff-ad14-98cb9af8e733___RS_Late.B 5397_final_masked.jpg,Tomato___Late_blight
dataset\Tomato___Late_blight\48f00178-13a0-4565-b09d-57944fe67472___RS_Late.B 5081_final_masked.jpg,Tomato___Late_blight
dataset\Tomato___Bacterial_spot\251b4763-59dd-49a8-99a6-6cf50b239454___GCREC_Bact.Sp 3589_final_masked.jpg,Tomato___Bacterial_spot
dataset\Tomato___Late_blight\73b30d1f-aa0b-47b0-8a4b-ee856be55431___GHLB2 Leaf 8672_final_masked.jpg,Tomato___Late_blight
dataset\Tomato___Late_blight\20b33342-6c05-4cab-9008-6f09548a0db9___RS_Late.B 5128_final_masked.jpg,Tomato___Late_blight
dataset\Tomato___Bacterial_spot\137ffef0-7f3d-4610-82f5-f59f9826b926___UF.GRC_BS_Lab Leaf 9109_final_masked.jpg,Tomato___Bacterial_spot
dataset\Tomato___Late_blight\d3d532b0-4927-4818-a12c-709ce0134435___GHLB2 Leaf 9051_final_masked.jpg,Tomato___Late_blight
dataset\Tomato___Bacterial_spot\3aa670b8-1a95-41cb-8b98-bf498970f33e___UF.GRC_BS_Lab Leaf 8771_final_masked.jpg,Tomato___Bacterial_spot
dataset\Tomato___Early_blight\71ec70cc-dfa7-4798-8970-80edfa6435f2___RS_Erly.B 7484_final_masked.jpg,Tomato___Early_blight
dataset\Tomato___Bacterial_spot\19a4a07c-5e82-4a4f-bc64-9f7d941cab88___GCREC_Bact.Sp 3515_final_masked.jpg,Tomato___Bacterial_spot
dataset\Tomato___Late_blight\7e322351-379f-4b07-8001-01baf6bf589c___RS_Late.B 7038_final_masked.jpg,Tomato___Late_blight
dataset\Tomato___healthy\6c5ad7e4-a826-40af-abf9-0a9e6346e656___RS_HL 0196_final_masked.jpg,Tomato___healthy
dataset\Tomato___Late_blight\fc0cec90-4a1e-4cdc-95cf-a34abc1dc8c9___GHLB2 Leaf 117.2_final_masked.jpg,Tomato___Late_blight
dataset\Tomato___Bacterial_spot\35f5191b-02dc-4358-8b35-808f2e1dc580___GCREC_Bact.Sp 5590_final_masked.jpg,Tomato___Bacterial_spot
dataset\Tomato___Early_blight\16dcb9cd-05ab-46d3-b76e-d19c16077a6a___RS_Erly.B 8345_final_masked.jpg,Tomato___Early_blight
dataset\Tomato___Early_blight\3537d467-9926-49dc-8d11-74a76b196354___RS_Erly.B 7665_final_masked.jpg,Tomato___Early_blight
dataset\Tomato___Bacterial_spot\affd3581-6323-43a3-87d6-31f6449fbf2a___GCREC_Bact.Sp 2990_final_masked.jpg,Tomato___Bacterial_spot
dataset\Tomato___Bacterial_spot\ba6c74fb-f6d1-4561-9b3b-30292b940691___GCREC_Bact.Sp 5657_final_masked.jpg,Tomato___Bacterial_spot
dataset\Tomato___healthy\3be4b3ce-9fc7-4216-98f0-abd0faa9e45c___RS_HL 9945_final_masked.jpg,Tomato___healthy
dataset\Tomato___Bacterial_spot\b510960e-d1df-46e6-bc09-d14610011a4b___GCREC_Bact.Sp 3393_final_masked.jpg,Tomato___Bacterial_spot
dataset\Tomato___healthy\e67fdf04-f0a3-4351-b65d-a1b7362fc032___GH_HL Leaf 304.1_final_masked.jpg,Tomato___healthy
dataset\Tomato___healthy\532a6e3c-5dd5-4adf-9bc0-c13551dae536___GH_HL Leaf 354_final_masked.jpg,Tomato___healthy
dataset\Tomato___Late_blight\952aafef-3bea-457b-aebb-1c66af1f5eb0___RS_Late.B 5020_final_masked.jpg,Tomato___Late_blight
dataset\Tomato___Bacterial_spot\55339b80-574d-4379-bc85-35558fcc0bea___UF.GRC_BS_Lab Leaf 0554_final_masked.jpg,Tomato___Bacterial_spot
dataset\Tomato___healthy\7bb3bc73-873b-454c-82cf-a12cb0eb37fc___RS_HL 0206_final_masked.jpg,Tomato___healthy
dataset\Tomato___Late_blight\74bfd410-bb0e-4cf1-8dfe-466385f6d522___RS_Late.B 5355_final_masked.jpg,Tomato___Late_blight
dataset\Tomato___healthy\14d46dfe-5348-428c-af6b-82b6625ce6c3___GH_HL Leaf 483.1_final_masked.jpg,Tomato___healthy
dataset\Tomato___healthy\9c84597a-72a3-4e91-9203-92de6090462b___RS_HL 0040_final_masked.jpg,Tomato___healthy
dataset\Tomato___healthy\56821d0b-8d8c-47ed-9754-3c16c9c97cb8___GH_HL Leaf 286_final_masked.jpg,Tomato___healthy
dataset\Tomato___Late_blight\830c33b8-d419-4fb7-98f8-08387e726648___GHLB_PS Leaf 1.5 Day 16_final_masked.jpg,Tomato___Late_blight
dataset\Tomato___Late_blight\e35dbe92-b70f-40ee-bd8a-a12ae07682a2___GHLB2 Leaf 9109_final_masked.jpg,Tomato___Late_blight
dataset\Tomato___Late_blight\86a3f3b6-660b-4711-b509-4654d0b5c2fa___RS_Late.B 5007_final_masked.jpg,Tomato___Late_blight
dataset\Tomato___Bacterial_spot\1abfbe87-b6e5-4da0-85e9-13980c67fd03___GCREC_Bact.Sp 3295_final_masked.jpg,Tomato___Bacterial_spot
dataset\Tomato___healthy\0372686b-04b2-4a25-98da-5801747fa1af___RS_HL 0391_final_masked.jpg,Tomato___healthy
dataset\Tomato___Bacterial_spot\c2c50222-cc7c-4fb5-968a-d83f6ad8853e___GCREC_Bact.Sp 3630_final_masked.jpg,Tomato___Bacterial_spot
dataset\Tomato___Early_blight\1bdb9ab4-1a7a-449a-b848-c446d7615d42___RS_Erly.B 8443_final_masked.jpg,Tomato___Early_blight
dataset\Tomato___healthy\4b8df56a-6124-4e5c-a1b7-8e771a472813___RS_HL 0520_final_masked.jpg,Tomato___healthy
dataset\Tomato___Bacterial_spot\1a017b74-a549-433b-979b-3e3ace67b50d___GCREC_Bact.Sp 5715_final_masked.jpg,Tomato___Bacterial_spot
dataset\Tomato___healthy\9b5626b0-ea1d-45d0-bc41-c898f7253a75___GH_HL Leaf 315.2_final_masked.jpg,Tomato___healthy
dataset\Tomato___Late_blight\7eb30afe-7975-487a-8dd2-bf72634967a8___GHLB2ES Leaf 136.1_final_masked.jpg,Tomato___Late_blight
dataset\Tomato___Late_blight\1745208a-82b2-4a82-9791-d812cb016850___GHLB2 Leaf 95_final_masked.jpg,Tomato___Late_blight
dataset\Tomato___Bacterial_spot\6c07fb76-06d2-4f7d-8531-7c01485b98d4___GCREC_Bact.Sp 3782_final_masked.jpg,Tomato___Bacterial_spot
dataset\Tomato___Bacterial_spot\b8b09399-338a-4e6d-b05b-30b7a24afc43___GCREC_Bact.Sp 3273_final_masked.jpg,Tomato___Bacterial_spot
dataset\Tomato___healthy\15cae3c8-6843-49d1-8da6-33bd014f05ce___GH_HL Leaf 169_final_masked.jpg,Tomato___healthy
dataset\Tomato___healthy\6d4285ef-e3f2-4cd3-a873-efdd989cf1cb___RS_HL 0182_final_masked.jpg,Tomato___healthy
dataset\Tomato___Bacterial_spot\417a1a4c-18d5-449e-995c-1512f7cdcd41___GCREC_Bact.Sp 6367_final_masked.jpg,Tomato___Bacterial_spot
dataset\Tomato___Late_blight\01d9be0b-c5e7-49db-8cdf-46bd0ef2c6e7___RS_Late.B 7066_final_masked.jpg,Tomato___Late_blight
dataset\Tomato___healthy\6fa01a78-0d8d-4ecf-b90f-4dbc2e89f2d9___RS_HL 0220_final_masked.jpg,Tomato___healthy
dataset\Tomato___healthy\6550c4ca-9494-4de5-8909-d0cdab8f0892___RS_HL 0401_final_masked.jpg,Tomato___healthy
dataset\Tomato___Late_blight\bd5a4716-1cf0-46d3-a905-320e4d84d34a___RS_Late.B 6199_final_masked.jpg,Tomato___Late_blight
dataset\Tomato___Early_blight\ad898210-9539-4fe4-abf0-a568b57ff205___RS_Erly.B 6336_final_masked.jpg,Tomato___Early_blight
dataset\Tomato___Bacterial_spot\19a19d0b-373f-497a-89bf-ea941ff5e12b___GCREC_Bact.Sp 3124_final_masked.jpg,Tomato___Bacterial_spot
dataset\Tomato___Late_blight\5ced2ede-33df-44e7-8063-a27ad667cd1a___RS_Late.B 6721_final_masked.jpg,Tomato___Late_blight
dataset\Tomato___healthy\a37f028b-6cb5-4557-8e5d-61b25830858c___RS_HL 0530_final_masked.jpg,Tomato___healthy
dataset\Tomato___healthy\25080b1c-6c0f-4b11-bb31-b5cfb2429395___GH_HL Leaf 238_final_masked.jpg,Tomato___healthy
dataset\Tomato___Late_blight\9c02c389-6bdc-45d6-96ca-bce46283d2ab___GHLB2 Leaf 8660_final_masked.jpg,Tomato___Late_blight
dataset\Tomato___Bacterial_spot\e85d64bf-a47c-4d80-8eb8-9059c1eec9a9___GCREC_Bact.Sp 5790_final_masked.jpg,Tomato___Bacterial_spot
dataset\Tomato___Early_blight\89e0c6b5-8812-4a16-92eb-e63401b50051___RS_Erly.B 9589_final_masked.jpg,Tomato___Early_blight
dataset\Tomato___healthy\a81e6fb8-3b9f-4b20-be65-b0650a3eee33___RS_HL 0514_final_masked.jpg,Tomato___healthy
dataset\Tomato___Late_blight\2e8f61d8-0d5d-46e3-a597-ede96855a4fe___RS_Late.B 5352_final_masked.jpg,Tomato___Late_blight
dataset\Tomato___Bacterial_spot\ff33b13d-9611-4c3e-bec9-a628055932b9___GCREC_Bact.Sp 3309_final_masked.jpg,Tomato___Bacterial_spot
dataset\Tomato___Late_blight\bc21154c-09a0-4428-9afe-be7ea00739d8___GHLB2 Leaf 8656_final_masked.jpg,Tomato___Late_blight
dataset\Tomato___Bacterial_spot\ed618153-da70-475f-be98-cc2b9c28214b___GCREC_Bact.Sp 6211_final_masked.jpg,Tomato___Bacterial_spot
dataset\Tomato___Late_blight\12125c80-42e3-4970-bb92-524262c337fa___GHLB_PS Leaf 8.1 Day 7_final_masked.jpg,Tomato___Late_blight
dataset\Tomato___healthy\a6bd221d-9a81-4712-bfdb-9f529f422b37___RS_HL 0236_final_masked.jpg,Tomato___healthy
dataset\Tomato___Bacterial_spot\eba8000b-ecbc-4417-bc21-67c7e4dd8c8d___GCREC_Bact.Sp 5916_final_masked.jpg,Tomato___Bacterial_spot
dataset\Tomato___Bacterial_spot\06f23987-e01b-40dc-98ef-a5b33e86bc90___UF.GRC_BS_Lab Leaf 0308_final_masked.jpg,Tomato___Bacterial_spot
dataset\Tomato___healthy\e545c1a3-4e0a-4951-be42-4d41a14441d7___GH_HL Leaf 211_final_masked.jpg,Tomato___healthy
dataset\Tomato___Bacterial_spot\26398b56-bddd-465c-92ab-e17a980423c9___GCREC_Bact.Sp 3400_final_masked.jpg,Tomato___Bacterial_spot
dataset\Tomato___Bacterial_spot\a19a6fda-96bc-4ae1-821e-765518e86d00___GCREC_Bact.Sp 5844_final_masked.jpg,Tomato___Bacterial_spot
dataset\Tomato___Late_blight\7da77ecf-90a8-4e8a-b84f-6e64f5f2a9f2___GHLB2 Leaf 115.1_final_masked.jpg,Tomato___Late_blight
dataset\Tomato___Bacterial_spot\eb69cd1d-ab61-44cf-b8d0-2e6317fd3043___GCREC_Bact.Sp 2998_final_masked.jpg,Tomato___Bacterial_spot
dataset\Tomato___healthy\984d9db2-082d-446b-8991-870090c447bb___RS_HL 0274_final_masked.jpg,Tomato___healthy
dataset\Tomato___Bacterial_spot\cb70e79d-a282-448e-a300-7f880a08cd70___GCREC_Bact.Sp 6332_final_masked.jpg,Tomato___Bacterial_spot
dataset\Tomato___Late_blight\997f68ef-5b78-40e8-a2d2-a91f304cd9c5___RS_Late.B 4944_final_masked.jpg,Tomato___Late_blight
dataset\Tomato___Early_blight\40e8b878-dc2f-4cbd-ac31-c07f372bb0fa___RS_Erly.B 7369_final_masked.jpg,Tomato___Early_blight
dataset\Tomato___Bacterial_spot\0756753c-decb-4344-892f-4677b8215f0f___GCREC_Bact.Sp 5778_final_masked.jpg,Tomato___Bacterial_spot
dataset\Tomato___Late_blight\a58d9924-0f70-44f3-ac76-1c2d7fc238e1___RS_Late.B 5086_final_masked.jpg,Tomato___Late_blight
dataset\Tomato___Bacterial_spot\f144a9b5-bdbb-48ca-a454-4885137f805a___GCREC_Bact.Sp 3629_final_masked.jpg,Tomato___Bacterial_spot
dataset\Tomato___Bacterial_spot\61c2fc74-79b0-4c16-8d6e-14d054281bc8___GCREC_Bact.Sp 3086_final_masked.jpg,Tomato___Bacterial_spot
dataset\Tomato___Late_blight\72644544-d9a0-442b-9992-e37ed7565d97___GHLB2 Leaf 8904_final_masked.jpg,Tomato___Late_blight
dataset\Tomato___healthy\c0b3ea2d-4889-4693-8590-cef2d32b81e3___RS_HL 0370_final_masked.jpg,Tomato___healthy
dataset\Tomato___Late_blight\f401bc9a-3136-40cd-8a6b-99308e7de798___RS_Late.B 5004_final_masked.jpg,Tomato___Late_blight
dataset\Tomato___Late_blight\6dbef77b-50b6-4d0f-970a-d86f9df2254e___RS_Late.B 6936_final_masked.jpg,Tomato___Late_blight
dataset\Tomato___Late_blight\e5f21018-4aac-42f7-a397-a973907ac4ec___GHLB2 Leaf 156_final_masked.jpg,Tomato___Late_blight
dataset\Tomato___Late_blight\c88e92df-e964-428e-9d8b-df1e402fa41f___GHLB_PS Leaf 27.1 Day 13_final_masked.jpg,Tomato___Late_blight
dataset\Tomato___Late_blight\8217ab61-6b5f-4874-8046-d801d40cff3d___RS_Late.B 6089_final_masked.jpg,Tomato___Late_blight
dataset\Tomato___Early_blight\4845b02b-1b59-454b-8aae-c4df6c02cbd8___RS_Erly.B 7660_final_masked.jpg,Tomato___Early_blight
dataset\Tomato___Bacterial_spot\55b8b2b8-0967-441a-9524-9c4cdfe6db46___GCREC_Bact.Sp 3075_final_masked.jpg,Tomato___Bacterial_spot
dataset\Tomato___Bacterial_spot\66d7e9de-a3e6-43bf-ae4c-21093164b3a9___UF.GRC_BS_Lab Leaf 1143_final_masked.jpg,Tomato___Bacterial_spot
dataset\Tomato___healthy\84d5645b-619e-4882-a1d5-3a3abec47da3___RS_HL 0568_final_masked.jpg,Tomato___healthy
dataset\Tomato___healthy\8379a9cc-775f-4e91-b880-09d9afb361ac___RS_HL 0596_final_masked.jpg,Tomato___healthy
dataset\Tomato___healthy\5418b9ca-804d-4219-8272-805c0d78c28b___GH_HL Leaf 404.1_final_masked.jpg,Tomato___healthy
dataset\Tomato___healthy\579cec1c-8304-4b8c-84bb-be54a7e8c93f___GH_HL Leaf 367_final_masked.jpg,Tomato___healthy
dataset\Tomato___healthy\513e1e06-d736-4317-b86b-73464b111958___GH_HL Leaf 385_final_masked.jpg,Tomato___healthy
dataset\Tomato___Bacterial_spot\97f376a8-3781-4f2f-8fec-6a8150247d1e___GCREC_Bact.Sp 3387_final_masked.jpg,Tomato___Bacterial_spot
dataset\Tomato___Late_blight\7ee00267-be66-4b6a-a207-0bf0046d28b6___RS_Late.B 6909_final_masked.jpg,Tomato___Late_blight
dataset\Tomato___Late_blight\dc2ac355-9488-4cc0-8762-d61ab62f99bd___RS_Late.B 4968_final_masked.jpg,Tomato___Late_blight
dataset\Tomato___healthy\ef55e589-0ad8-4602-be35-e0ee6aa33b8a___GH_HL Leaf 300_final_masked.jpg,Tomato___healthy
dataset\Tomato___Bacterial_spot\4b3d69f0-f4c7-4d86-953f-3d4083cd6270___UF.GRC_BS_Lab Leaf 8619_final_masked.jpg,Tomato___Bacterial_spot
dataset\Tomato___healthy\7de93009-6180-4027-8779-76947cda3e2f___2700323949_95aa2eaa01_o_final_masked.jpg,Tomato___healthy
dataset\Tomato___Bacterial_spot\d0eae45c-673c-41ec-9f84-6d74584803c6___GCREC_Bact.Sp 3039_final_masked.jpg,Tomato___Bacterial_spot
dataset\Tomato___Bacterial_spot\0e591ff9-a58f-4748-ac0f-984233f441af___GCREC_Bact.Sp 3292_final_masked.jpg,Tomato___Bacterial_spot
dataset\Tomato___healthy\cea7fe83-103c-4b51-a9d2-75ced9a7d1a2___RS_HL 0531_final_masked.jpg,Tomato___healthy
dataset\Tomato___healthy\6a6628d5-27fe-44a1-abeb-f3892a5516ab___RS_HL 9858_final_masked.jpg,Tomato___healthy
dataset\Tomato___Late_blight\8b37de5f-4c98-4880-b1a8-a921178959a9___RS_Late.B 6248_final_masked.jpg,Tomato___Late_blight
dataset\Tomato___healthy\cc86c41e-9f5d-4b68-af29-a3e405edf69d___GH_HL Leaf 324_final_masked.jpg,Tomato___healthy
dataset\Tomato___Late_blight\d91538d7-1e25-442d-8963-86fec71a6545___RS_Late.B 6365_final_masked.jpg,Tomato___Late_blight
dataset\Tomato___healthy\5ac6005e-d9b6-4847-bd28-e43038e02450___RS_HL 0489_final_masked.jpg,Tomato___healthy
dataset\Tomato___Early_blight\7c4ba770-64bf-4cd5-82ea-c5e2a16d81f3___RS_Erly.B 9556_final_masked.jpg,Tomato___Early_blight
dataset\Tomato___Late_blight\7d6954fd-a818-44e6-976e-8c817d729a86___RS_Late.B 4973_final_masked.jpg,Tomato___Late_blight
dataset\Tomato___Bacterial_spot\dc425296-15d3-45ba-95b9-018fc4494e1e___GCREC_Bact.Sp 5682_final_masked.jpg,Tomato___Bacterial_spot
dataset\Tomato___healthy\5a86d688-c358-481d-9618-ee14a5742234___RS_HL 0363_final_masked.jpg,Tomato___healthy
dataset\Tomato___healthy\824ae544-73d2-448a-b442-a8d2cdd83922___RS_HL 9900_final_masked.jpg,Tomato___healthy
dataset\Tomato___Late_blight\b47f267d-7a17-4e4e-935e-4e6c0d7fd4f9___RS_Late.B 6146_final_masked.jpg,Tomato___Late_blight
dataset\Tomato___Early_blight\0b494c44-8cd0-4491-bdfd-8a354209c3ae___RS_Erly.B 9561_final_masked.jpg,Tomato___Early_blight
dataset\Tomato___Bacterial_spot\d7c6cfbf-059c-40b2-b920-8a1815c32374___GCREC_Bact.Sp 6063_final_masked.jpg,Tomato___Bacterial_spot
dataset\Tomato___Bacterial_spot\02626a44-a613-4402-a6b0-243858736e32___GCREC_Bact.Sp 3191_final_masked.jpg,Tomato___Bacterial_spot
dataset\Tomato___Late_blight\e927308b-cd4a-4ff5-9654-218a6030e4a1___GHLB2 Leaf 8725_final_masked.jpg,Tomato___Late_blight
dataset\Tomato___Late_blight\5b4ca8b4-ed80-43c7-90ca-f9912d9fb7b6___RS_Late.B 5226_final_masked.jpg,Tomato___Late_blight
dataset\Tomato___Bacterial_spot\703e4fe2-0e0c-4472-afcc-ff72a1d1870c___GCREC_Bact.Sp 3091_final_masked.jpg,Tomato___Bacterial_spot
dataset\Tomato___Late_blight\81b4d72b-4124-45d4-b96a-0ec13ca7f376___GHLB2 Leaf 8989_final_masked.jpg,Tomato___Late_blight
dataset\Tomato___Late_blight\27a3a882-d241-4b46-9606-04e7fcaced25___GHLB2 Leaf 8599_final_masked.jpg,Tomato___Late_blight
dataset\Tomato___Late_blight\89d2801e-6359-4079-a4c2-0df4718d7800___GHLB_PS Leaf 1 Day 8_final_masked.jpg,Tomato___Late_blight
dataset\Tomato___Bacterial_spot\2a377230-f904-4646-95da-76e242051242___GCREC_Bact.Sp 3085_final_masked.jpg,Tomato___Bacterial_spot
dataset\Tomato___Bacterial_spot\dfc16b5b-67c4-4725-982f-c7282f514b38___GCREC_Bact.Sp 3100_final_masked.jpg,Tomato___Bacterial_spot
dataset\Tomato___Late_blight\75894286-9ce2-448e-8148-0f7fc3442689___GHLB Leaf 2.2 Day 12_final_masked.jpg,Tomato___Late_blight
dataset\Tomato___healthy\06040967-7b02-43b5-a3fc-4490a9a7ded6___RS_HL 0508_final_masked.jpg,Tomato___healthy
dataset\Tomato___Late_blight\6f631d1f-06c4-4314-95fd-f79d5344cfba___RS_Late.B 5027_final_masked.jpg,Tomato___Late_blight
dataset\Tomato___Late_blight\3bfcacdf-3d19-47c4-a52e-6d884dfc5e20___RS_Late.B 6651_final_masked.jpg,Tomato___Late_blight
dataset\Tomato___Late_blight\1449ecb2-0325-49ba-80f1-2040b739fddd___RS_Late.B 7044_final_masked.jpg,Tomato___Late_blight
dataset\Tomato___healthy\bc3ca9e1-86c1-4945-9993-c61a38a942ed___GH_HL Leaf 294_final_masked.jpg,Tomato___healthy
dataset\Tomato___Bacterial_spot\9fd8050c-519c-491b-a4a7-fa7090623f89___GCREC_Bact.Sp 3045_final_masked.jpg,Tomato___Bacterial_spot
dataset\Tomato___Late_blight\df84e2a1-7517-4096-b555-67fe2b7a7156___GHLB2 Leaf 9003_final_masked.jpg,Tomato___Late_blight
dataset\Tomato___Late_blight\01527fac-41e4-484c-af41-1ed7bc3b5ce6___RS_Late.B 6134_final_masked.jpg,Tomato___Late_blight
dataset\Tomato___Late_blight\bba9c7cc-21d8-43b7-acb2-9c079f810f89___RS_Late.B 6798_final_masked.jpg,Tomato___Late_blight
dataset\Tomato___Late_blight\6bb72ae0-dc39-4098-bc4e-e09044990c5c___RS_Late.B 4868_final_masked.jpg,Tomato___Late_blight
dataset\Tomato___Bacterial_spot\d623c605-17f1-43b2-af4a-5428367f752f___GCREC_Bact.Sp 6284_final_masked.jpg,Tomato___Bacterial_spot
dataset\Tomato___Late_blight\8080a99f-e35d-4a1f-b26e-e2df8cf79408___RS_Late.B 6183_final_masked.jpg,Tomato___Late_blight
dataset\Tomato___Late_blight\98ae3801-450e-493f-aca0-014520cfaf6e___GHLB_PS Leaf 29.1 Day 12_final_masked.jpg,Tomato___Late_blight
dataset\Tomato___healthy\4022afd0-756b-4f07-9a8a-3cdf425d0cc5___RS_HL 0134_final_masked.jpg,Tomato___healthy
dataset\Tomato___Bacterial_spot\797b134d-3511-4e24-8372-2a61507095af___GCREC_Bact.Sp 3143_final_masked.jpg,Tomato___Bacterial_spot
dataset\Tomato___healthy\4d82bf50-5e71-4597-8684-6db7300e0cd4___GH_HL Leaf 316_final_masked.jpg,Tomato___healthy
dataset\Tomato___Late_blight\5e8c40ac-42c2-47da-87d4-c136216c6bea___GHLB_PS Leaf 49 Day 18_final_masked.jpg,Tomato___Late_blight
dataset\Tomato___Bacterial_spot\f332d822-2557-42ee-ba97-c62cafcc5c29___GCREC_Bact.Sp 3172_final_masked.jpg,Tomato___Bacterial_spot
dataset\Tomato___healthy\502bbd0a-8c84-4723-8e16-446655d5563d___RS_HL 0423_final_masked.jpg,Tomato___healthy
dataset\Tomato___Early_blight\239213d8-587b-48a8-bfdf-03157ba8e95d___RS_Erly.B 6385_final_masked.jpg,Tomato___Early_blight
dataset\Tomato___healthy\9e0cd9db-f893-4426-b195-5643b55e0a8d___RS_HL 0379_final_masked.jpg,Tomato___healthy
dataset\Tomato___Early_blight\b5c94157-7110-420f-99fc-040594d6ff12___RS_Erly.B 9474_final_masked.jpg,Tomato___Early_blight
dataset\Tomato___Late_blight\4a6b862b-d42f-42ea-81f5-60480236709a___GHLB2 Leaf 9083_final_masked.jpg,Tomato___Late_blight
dataset\Tomato___Late_blight\cd042eac-79ff-4b4c-a561-b24bc69f9215___RS_Late.B 6486_final_masked.jpg,Tomato___Late_blight
dataset\Tomato___Bacterial_spot\3926a14d-ed26-4c2b-9dcc-a15370eae355___GCREC_Bact.Sp 5647_final_masked.jpg,Tomato___Bacterial_spot
dataset\Tomato___Bacterial_spot\8d5d586c-35ad-4cf2-99f7-a8d92f56a306___GCREC_Bact.Sp 3145_final_masked.jpg,Tomato___Bacterial_spot
dataset\Tomato___Late_blight\4206d227-db97-4b7e-8433-042f12d6681b___GHLB2 Leaf 8654_final_masked.jpg,Tomato___Late_blight
dataset\Tomato___Late_blight\a06d18d4-0c8d-4ebc-ba9b-19f004a67eea___GHLB2ES Leaf 63_final_masked.jpg,Tomato___Late_blight
dataset\Tomato___healthy\16f3a461-aafc-49e9-8973-39a52190985a___RS_HL 9803_final_masked.jpg,Tomato___healthy
dataset\Tomato___healthy\500f0eb8-4141-454e-a186-68350293b2ce___RS_HL 9905_final_masked.jpg,Tomato___healthy
dataset\Tomato___Bacterial_spot\af4af498-b222-49db-ac1a-e9a546b69dd6___GCREC_Bact.Sp 3003_final_masked.jpg,Tomato___Bacterial_spot
dataset\Tomato___Late_blight\be9f181f-5692-4811-9678-69dbe94d6ecc___RS_Late.B 4838_final_masked.jpg,Tomato___Late_blight
dataset\Tomato___Late_blight\a8fc49cf-c74f-40a6-a53b-3dddd42bb8bd___GHLB2 Leaf 9040_final_masked.jpg,Tomato___Late_blight
dataset\Tomato___Bacterial_spot\1d85e264-29cc-4239-88e7-2810569e1d87___GCREC_Bact.Sp 3105_final_masked.jpg,Tomato___Bacterial_spot
dataset\Tomato___Bacterial_spot\67ce694b-bfcc-4e74-8ec7-9404011802e7___GCREC_Bact.Sp 6154_final_masked.jpg,Tomato___Bacterial_spot
dataset\Tomato___Bacterial_spot\5a87c2e4-220b-4985-8dd7-8726c727467b___GCREC_Bact.Sp 3564_final_masked.jpg,Tomato___Bacterial_spot
dataset\Tomato___Bacterial_spot\fb703e38-2ea0-468f-9958-0f88be8e1fb0___GCREC_Bact.Sp 3126_final_masked.jpg,Tomato___Bacterial_spot
dataset\Tomato___healthy\203dd699-5df7-4f6d-ad63-d1557033f04a___RS_HL 9788_final_masked.jpg,Tomato___healthy
dataset\Tomato___Bacterial_spot\eed063ad-2337-413d-95be-3598f7a15942___GCREC_Bact.Sp 5663_final_masked.jpg,Tomato___Bacterial_spot
dataset\Tomato___Bacterial_spot\b0a74f61-0012-4b6c-b528-bbce1b79c588___GCREC_Bact.Sp 3805_final_masked.jpg,Tomato___Bacterial_spot
dataset\Tomato___Late_blight\7733f764-a68f-4221-ae43-c096f03ce5d3___RS_Late.B 5985_final_masked.jpg,Tomato___Late_blight
dataset\Tomato___Early_blight\2a5367b1-6732-4213-b095-5953251324ee___RS_Erly.B 7585_final_masked.jpg,Tomato___Early_blight
dataset\Tomato___Late_blight\5c1531ba-78f7-4d02-b9f8-b227b33e22ac___GHLB2 Leaf 8874_final_masked.jpg,Tomato___Late_blight
dataset\Tomato___healthy\068e324c-faf6-40d6-8f83-578907f1cac5___GH_HL Leaf 466.1_final_masked.jpg,Tomato___healthy
dataset\Tomato___healthy\4127b1a7-3442-4847-96cb-7ea68495039e___GH_HL Leaf 259_final_masked.jpg,Tomato___healthy
dataset\Tomato___Late_blight\9f824326-5b34-4f6d-b500-a184cc984d0a___RS_Late.B 5382_final_masked.jpg,Tomato___Late_blight
dataset\Tomato___Bacterial_spot\fd39fa01-b5c6-443d-a5f8-5e6edee2fdf8___GCREC_Bact.Sp 3154_final_masked.jpg,Tomato___Bacterial_spot
dataset\Tomato___healthy\505465db-407b-4e0a-8110-7479dad5261c___GH_HL Leaf 389_final_masked.jpg,Tomato___healthy
dataset\Tomato___healthy\e6584f1d-9338-4807-a2f2-8c0a70220c22___GH_HL Leaf 239_final_masked.jpg,Tomato___healthy
dataset\Tomato___healthy\c8c7cb85-d7eb-4d60-b90e-bfe5277b79ad___GH_HL Leaf 277_final_masked.jpg,Tomato___healthy
dataset\Tomato___Bacterial_spot\38f440f1-c527-4d22-abf0-61bc2effa58b___GCREC_Bact.Sp 2946_final_masked.jpg,Tomato___Bacterial_spot
dataset\Tomato___Late_blight\7a711eda-02e6-49fa-9d2c-8463330fa797___RS_Late.B 5045_final_masked.jpg,Tomato___Late_blight
dataset\Tomato___healthy\bc825946-3ee5-4269-8ba4-202afc766654___RS_HL 0368_final_masked.jpg,Tomato___healthy
dataset\Tomato___Bacterial_spot\61aff020-4e3f-4ef4-85b4-99489d8b2cb2___GCREC_Bact.Sp 3613_final_masked.jpg,Tomato___Bacterial_spot
dataset\Tomato___Early_blight\345b59b4-87fd-43a2-9783-fed3e492c4d7___RS_Erly.B 7402_final_masked.jpg,Tomato___Early_blight
dataset\Tomato___Bacterial_spot\f3254462-bebf-48bc-84ce-93f88fddefe4___GCREC_Bact.Sp 6302_final_masked.jpg,Tomato___Bacterial_spot
dataset\Tomato___Bacterial_spot\9ceed44d-e9ae-416f-b5d7-4e96d8a5390f___UF.GRC_BS_Lab Leaf 0590_final_masked.jpg,Tomato___Bacterial_spot
dataset\Tomato___Bacterial_spot\486eeb98-44bd-405b-9756-5e2e4fd95b90___GCREC_Bact.Sp 3451_final_masked.jpg,Tomato___Bacterial_spot
dataset\Tomato___Late_blight\fddb6641-3785-4971-b44c-3cf0193112c2___GHLB_PS Leaf 43.2 Day 18_final_masked.jpg,Tomato___Late_blight
dataset\Tomato___Bacterial_spot\8833a1e2-425e-4902-9883-2727ad858d23___UF.GRC_BS_Lab Leaf 9103_final_masked.jpg,Tomato___Bacterial_spot
dataset\Tomato___Late_blight\eb5ce385-86d7-439c-b3e4-ca375a739afa___GHLB2 Leaf 8603_final_masked.jpg,Tomato___Late_blight
dataset\Tomato___Bacterial_spot\11fedfbc-52be-4032-b884-3b2071db6590___GCREC_Bact.Sp 3060_final_masked.jpg,Tomato___Bacterial_spot
dataset\Tomato___Bacterial_spot\a27456ac-f18e-4d71-841b-a9efb26d5031___GCREC_Bact.Sp 5766_final_masked.jpg,Tomato___Bacterial_spot
dataset\Tomato___Early_blight\f8374b63-016a-4b76-9ca8-df348cb44564___RS_Erly.B 7688_final_masked.jpg,Tomato___Early_blight
dataset\Tomato___Bacterial_spot\33028adc-9dc2-4ac3-a7b9-7094200264f6___GCREC_Bact.Sp 3162_final_masked.jpg,Tomato___Bacterial_spot
dataset\Tomato___Early_blight\e592659e-566b-454b-95ba-851f3a53197c___RS_Erly.B 7843_final_masked.jpg,Tomato___Early_blight
dataset\Tomato___Bacterial_spot\88bf3dc8-0584-4132-af28-5f4848dbc450___GCREC_Bact.Sp 6397_final_masked.jpg,Tomato___Bacterial_spot
dataset\Tomato___Late_blight\3db1dcda-3180-432a-9b8e-7ba8a0d6be55___GHLB_PS Leaf 28.3 Day 13_final_masked.jpg,Tomato___Late_blight
dataset\Tomato___Bacterial_spot\e941c8ba-5fce-481c-aba5-4b272c5a0be6___GCREC_Bact.Sp 3197_final_masked.jpg,Tomato___Bacterial_spot
dataset\Tomato___Early_blight\4b8821ef-8364-4a04-9549-58d58ffe0411___RS_Erly.B 7704_final_masked.jpg,Tomato___Early_blight
dataset\Tomato___Early_blight\05fab431-cc13-4d6d-b4e1-912e0059c7c1___RS_Erly.B 8349_final_masked.jpg,Tomato___Early_blight
dataset\Tomato___Late_blight\8bae80d9-576c-4930-8c75-f6df2be339de___RS_Late.B 4912_final_masked.jpg,Tomato___Late_blight
dataset\Tomato___Bacterial_spot\16899432-0c58-4c00-a212-f24faed4d040___GCREC_Bact.Sp 2981_final_masked.jpg,Tomato___Bacterial_spot
dataset\Tomato___Bacterial_spot\a302713e-7881-418b-99af-7e4cae814f79___GCREC_Bact.Sp 3536_final_masked.jpg,Tomato___Bacterial_spot
dataset\Tomato___Bacterial_spot\bf0ce672-d1b8-49a7-a41e-5026715930e9___GCREC_Bact.Sp 6040_final_masked.jpg,Tomato___Bacterial_spot
dataset\Tomato___Bacterial_spot\27637c36-4f67-429c-97a0-39d035f3fd38___UF.GRC_BS_Lab Leaf 8864_final_masked.jpg,Tomato___Bacterial_spot
dataset\Tomato___Bacterial_spot\c8393f84-d1e1-4165-ae4e-eaa196db9523___GCREC_Bact.Sp 3404_final_masked.jpg,Tomato___Bacterial_spot
dataset\Tomato___Bacterial_spot\1c78d892-4190-488d-b8d3-cf1c63c658f0___GCREC_Bact.Sp 3006_final_masked.jpg,Tomato___Bacterial_spot
dataset\Tomato___Late_blight\9781d9ef-a5b7-46e9-a763-a2b03b4d703f___RS_Late.B 6885_final_masked.jpg,Tomato___Late_blight
dataset\Tomato___healthy\878c1a99-3224-4b99-87e5-2a2c497909ca___GH_HL Leaf 274_final_masked.jpg,Tomato___healthy
dataset\Tomato___Bacterial_spot\a469ae7c-95bb-4633-89a6-bb9da9dcb99d___GCREC_Bact.Sp 5635_final_masked.jpg,Tomato___Bacterial_spot
dataset\Tomato___healthy\7b953f3c-719f-4b0e-b62d-2c651eac6c18___RS_HL 0635_final_masked.jpg,Tomato___healthy
dataset\Tomato___healthy\bc0e8e3d-0cd4-4650-ac73-c099a0b75d4e___GH_HL Leaf 426.1_final_masked.jpg,Tomato___healthy
dataset\Tomato___Late_blight\7525f169-671f-4ec6-95f2-5bb54b6fd14d___GHLB Leaf 2.4 Day 13_final_masked.jpg,Tomato___Late_blight
dataset\Tomato___Late_blight\19bfccfd-5df8-41be-910e-2c5f3eae3573___GHLB2 Leaf 8597_final_masked.jpg,Tomato___Late_blight
dataset\Tomato___Bacterial_spot\3753bf15-16bd-4bbf-a9f8-55382f0f6ee5___GCREC_Bact.Sp 5685_final_masked.jpg,Tomato___Bacterial_spot
dataset\Tomato___Bacterial_spot\99044ddb-da2a-4b32-bc11-67e57cb2b807___UF.GRC_BS_Lab Leaf 0749_final_masked.jpg,Tomato___Bacterial_spot
dataset\Tomato___Early_blight\2d3d1221-2f62-43ad-8256-b560c1872934___RS_Erly.B 7465_final_masked.jpg,Tomato___Early_blight
dataset\Tomato___Late_blight\a67418bb-f556-4b1d-ac63-839c4ea89b43___RS_Late.B 6914_final_masked.jpg,Tomato___Late_blight
dataset\Tomato___Bacterial_spot\ae471cad-5e5b-4325-a831-bdfe5c005cab___GCREC_Bact.Sp 6323_final_masked.jpg,Tomato___Bacterial_spot
dataset\Tomato___Bacterial_spot\d9583f61-d03e-4c4f-a86c-125751b37324___GCREC_Bact.Sp 6376_final_masked.jpg,Tomato___Bacterial_spot
dataset\Tomato___Early_blight\aeb5a5ed-0672-49e9-a805-74b9390d4972___RS_Erly.B 9529_final_masked.jpg,Tomato___Early_blight
dataset\Tomato___healthy\29d9f827-5e61-4b9b-acba-db0e7ce2016d___GH_HL Leaf 480_final_masked.jpg,Tomato___healthy
dataset\Tomato___Bacterial_spot\62d0ccb6-69ee-4a28-989f-134785b48a6a___GCREC_Bact.Sp 6287_final_masked.jpg,Tomato___Bacterial_spot
dataset\Tomato___Bacterial_spot\3c182852-8b72-465a-ad91-a031d9d725f5___UF.GRC_BS_Lab Leaf 0411_final_masked.jpg,Tomato___Bacterial_spot
dataset\Tomato___Early_blight\8f709c55-ee65-4bb0-9291-6d5d79033c3f___RS_Erly.B 9603_final_masked.jpg,Tomato___Early_blight
dataset\Tomato___healthy\9bda0790-8cb2-4dce-8b8a-debdbd08a67d___GH_HL Leaf 388_final_masked.jpg,Tomato___healthy
dataset\Tomato___Bacterial_spot\3503743b-11b3-47f0-8713-2ad330226745___UF.GRC_BS_Lab Leaf 9129_final_masked.jpg,Tomato___Bacterial_spot
dataset\Tomato___Bacterial_spot\9826cf0e-f124-4262-a994-b43027c2484a___GCREC_Bact.Sp 5781_final_masked.jpg,Tomato___Bacterial_spot
dataset\Tomato___Late_blight\f891c2b9-aa37-4b0c-9777-6ce762eb9285___GHLB2 Leaf 8696_final_masked.jpg,Tomato___Late_blight
dataset\Tomato___Late_blight\f7b5ed86-c63c-49c3-90d0-e1f35f4a93e4___GHLB2 Leaf 8979_final_masked.jpg,Tomato___Late_blight
dataset\Tomato___Bacterial_spot\8813e958-3b2a-4eee-86bb-88133f98b971___GCREC_Bact.Sp 3297_final_masked.jpg,Tomato___Bacterial_spot
dataset\Tomato___Late_blight\5d5d8789-8979-4e2d-ac17-7228e8af61c9___RS_Late.B 5109_final_masked.jpg,Tomato___Late_blight
dataset\Tomato___Late_blight\3e5cf9cb-de15-4d9d-8eb8-3d47c0094f14___RS_Late.B 6208_final_masked.jpg,Tomato___Late_blight
dataset\Tomato___Late_blight\507c7851-098d-456f-b7c6-49754caa5ee8___GHLB2 Leaf 9082_final_masked.jpg,Tomato___Late_blight
dataset\Tomato___healthy\338994aa-89ca-4fa5-80ea-9efc94093280___RS_HL 0194_final_masked.jpg,Tomato___healthy
dataset\Tomato___Early_blight\5b86ab6a-3823-4886-85fd-02190898563c___RS_Erly.B 8452_final_masked.jpg,Tomato___Early_blight
dataset\Tomato___healthy\973bc347-b335-4333-8536-82db4a41fa6c___RS_HL 0142_final_masked.jpg,Tomato___healthy
dataset\Tomato___healthy\6f8aa21a-0209-4d38-b937-d0e1e809bf16___RS_HL 0027_final_masked.jpg,Tomato___healthy
dataset\Tomato___Bacterial_spot\8d56489d-58dc-43d8-a399-906b18b78566___GCREC_Bact.Sp 3081_final_masked.jpg,Tomato___Bacterial_spot
dataset\Tomato___healthy\f48aed97-8db4-40a5-aa39-e2c3c70fe8be___GH_HL Leaf 524.1_final_masked.jpg,Tomato___healthy
dataset\Tomato___Bacterial_spot\645095d4-fe92-4759-8b40-1a7c13b2e02e___GCREC_Bact.Sp 3219_final_masked.jpg,Tomato___Bacterial_spot
dataset\Tomato___Late_blight\178eb3a0-a4c6-4c2b-8bad-e11d66a76f52___RS_Late.B 4886_final_masked.jpg,Tomato___Late_blight
dataset\Tomato___Bacterial_spot\2f9b712f-708a-4e10-b63e-5c1c2208081d___GCREC_Bact.Sp 2966_final_masked.jpg,Tomato___Bacterial_spot
dataset\Tomato___Bacterial_spot\1838f883-5e4b-4b24-bf4b-77d4a82f5f46___GCREC_Bact.Sp 6335_final_masked.jpg,Tomato___Bacterial_spot
dataset\Tomato___Early_blight\bac5677d-59b4-4183-839f-24860287ed6a___RS_Erly.B 9503_final_masked.jpg,Tomato___Early_blight
dataset\Tomato___Late_blight\dd5e7367-9830-4f2e-8022-cb5dc60afd24___GHLB2 Leaf 8549_final_masked.jpg,Tomato___Late_blight
dataset\Tomato___Late_blight\031ab3ab-02f4-4397-9886-54345461580d___RS_Late.B 6654_final_masked.jpg,Tomato___Late_blight
dataset\Tomato___healthy\798fdd0c-27d2-4e72-a359-bd00208e8b1a___GH_HL Leaf 207.1_final_masked.jpg,Tomato___healthy
dataset\Tomato___Bacterial_spot\160c389d-886b-433a-a18b-842c45b2f20c___GCREC_Bact.Sp 5743_final_masked.jpg,Tomato___Bacterial_spot
dataset\Tomato___Late_blight\d373ae28-23fa-48ac-9745-7b9f405698d5___RS_Late.B 5391_final_masked.jpg,Tomato___Late_blight
dataset\Tomato___healthy\ee83a3b8-911e-455e-be06-20583bfb6b74___GH_HL Leaf 451_final_masked.jpg,Tomato___healthy
dataset\Tomato___Bacterial_spot\c09afee4-a828-477f-af2c-00b11804364f___GCREC_Bact.Sp 6006_final_masked.jpg,Tomato___Bacterial_spot
dataset\Tomato___Late_blight\04ba0ca5-c52c-4bab-897b-2d38f7835a03___RS_Late.B 5631_final_masked.jpg,Tomato___Late_blight
dataset\Tomato___Bacterial_spot\1ade5ae9-2b62-4d53-86ae-fee9d3d9a7e9___UF.GRC_BS_Lab Leaf 0777_final_masked.jpg,Tomato___Bacterial_spot
dataset\Tomato___Late_blight\dfed006d-7f5e-4a06-a73b-dc6cc837b59a___GHLB2 Leaf 8793_final_masked.jpg,Tomato___Late_blight
dataset\Tomato___Late_blight\fbf93d24-8df5-4361-9cb3-af61baf177f9___RS_Late.B 4943_final_masked.jpg,Tomato___Late_blight
dataset\Tomato___Bacterial_spot\2731979e-e02a-4736-8475-4542fcc6f596___UF.GRC_BS_Lab Leaf 0227_final_masked.jpg,Tomato___Bacterial_spot
dataset\Tomato___Early_blight\ba789eab-7c04-4012-b8fa-98106b20b50c___RS_Erly.B 7771_final_masked.jpg,Tomato___Early_blight
dataset\Tomato___healthy\92d84132-33f5-4d01-9b3d-797a5dcaeccd___RS_HL 0315_final_masked.jpg,Tomato___healthy
dataset\Tomato___Late_blight\b96d76c8-4ad5-4bfb-bb21-faed3215583e___GHLB2 Leaf 8723_final_masked.jpg,Tomato___Late_blight
dataset\Tomato___healthy\d21a242e-a9a3-4c5e-8e65-6416f84bcaec___GH_HL Leaf 510.2_final_masked.jpg,Tomato___healthy
dataset\Tomato___Late_blight\cbf8d72d-f718-4b68-b609-42b790845c38___GHLB2 Leaf 8887_final_masked.jpg,Tomato___Late_blight
dataset\Tomato___Early_blight\829d0a5e-326c-4ae6-a3c6-c65297cb5d2f___RS_Erly.B 8338_final_masked.jpg,Tomato___Early_blight
dataset\Tomato___Bacterial_spot\499ed0ff-447b-4f2b-9f9d-d733202b4fcf___GCREC_Bact.Sp 3407_final_masked.jpg,Tomato___Bacterial_spot
dataset\Tomato___Late_blight\6395653e-67bb-45ae-97cb-9adf19a9ae62___GHLB_PS Leaf 16 Day 8_final_masked.jpg,Tomato___Late_blight
dataset\Tomato___Late_blight\7f847477-1111-4f20-9de5-56153bee415b___RS_Late.B 5049_final_masked.jpg,Tomato___Late_blight
dataset\Tomato___Late_blight\62f69013-1152-47ee-8d37-b8252f4c1328___RS_Late.B 6149_final_masked.jpg,Tomato___Late_blight
dataset\Tomato___healthy\75a4f049-e99c-4666-845f-7b1577dbd662___RS_HL 9955_final_masked.jpg,Tomato___healthy
dataset\Tomato___Bacterial_spot\c0f88ca7-95b4-453f-be96-b6b02cfe8449___UF.GRC_BS_Lab Leaf 0959_final_masked.jpg,Tomato___Bacterial_spot
dataset\Tomato___Late_blight\974a15f0-913a-41ab-b5a4-30015f159902___GHLB2 Leaf 8792_final_masked.jpg,Tomato___Late_blight
dataset\Tomato___Bacterial_spot\c1968e07-0f5b-4187-b718-868f1c24228d___GCREC_Bact.Sp 3639_final_masked.jpg,Tomato___Bacterial_spot
dataset\Tomato___Bacterial_spot\5cf74b8f-2a3a-4141-8309-1c02f01ab444___GCREC_Bact.Sp 5967_final_masked.jpg,Tomato___Bacterial_spot
dataset\Tomato___healthy\1e8c2c4d-e787-45ff-87ac-56484ac8d3d4___GH_HL Leaf 472_final_masked.jpg,Tomato___healthy
dataset\Tomato___Late_blight\0a8967d4-bb72-4fe4-8096-55fc57437557___RS_Late.B 6974_final_masked.jpg,Tomato___Late_blight
dataset\Tomato___healthy\7e0f5a39-e44e-40fe-8486-f369cb59895b___RS_HL 9790_final_masked.jpg,Tomato___healthy
dataset\Tomato___Bacterial_spot\0ac8c80f-6d67-46ee-b662-8265d9df9183___GCREC_Bact.Sp 6115_final_masked.jpg,Tomato___Bacterial_spot
dataset\Tomato___healthy\da34f406-4f46-480c-a63d-fb093a83e670___GH_HL Leaf 499.2_final_masked.jpg,Tomato___healthy
dataset\Tomato___healthy\6e1abdb8-4020-48c9-9488-2d320e8d5a4d___RS_HL 0168_final_masked.jpg,Tomato___healthy
dataset\Tomato___Late_blight\397a3ca2-cc7b-496e-af81-394270be3d61___GHLB2 Leaf 73.1_final_masked.jpg,Tomato___Late_blight
dataset\Tomato___Bacterial_spot\a346d735-b67a-4838-b6b2-917e896fbd62___GCREC_Bact.Sp 2996_final_masked.jpg,Tomato___Bacterial_spot
dataset\Tomato___Late_blight\1905cdb8-1725-4386-9d49-59f47c3e4a1b___GHLB2ES Leaf 65_final_masked.jpg,Tomato___Late_blight
dataset\Tomato___healthy\23467438-6237-4b34-acde-80a3129e4b5d___GH_HL Leaf 187_final_masked.jpg,Tomato___healthy
dataset\Tomato___healthy\1b6ac535-3a40-40c7-a626-d11181dfb5a4___GH_HL Leaf 304_final_masked.jpg,Tomato___healthy
dataset\Tomato___healthy\fad6841f-6194-4cf4-8101-b42206bd476c___RS_HL 0411_final_masked.jpg,Tomato___healthy
dataset\Tomato___Bacterial_spot\e45ae43b-3111-47af-8da4-65dc05595a7f___GCREC_Bact.Sp 5973_final_masked.jpg,Tomato___Bacterial_spot
dataset\Tomato___healthy\3367a9a6-6841-45db-bfa9-9b7b9fed0fa2___GH_HL Leaf 421.1_final_masked.jpg,Tomato___healthy
dataset\Tomato___Bacterial_spot\c742e379-a56a-44b5-96d0-1918dd2cb2c9___GCREC_Bact.Sp 3182_final_masked.jpg,Tomato___Bacterial_spot
dataset\Tomato___healthy\130c7763-2ace-42bc-b2f0-ef78be095e8c___RS_HL 0171_final_masked.jpg,Tomato___healthy
dataset\Tomato___Bacterial_spot\51f0f777-a154-4a53-81c5-87bb24003ce7___UF.GRC_BS_Lab Leaf 9132_final_masked.jpg,Tomato___Bacterial_spot
dataset\Tomato___Late_blight\017a9839-6097-45aa-85b0-3051db151484___RS_Late.B 5125_final_masked.jpg,Tomato___Late_blight
dataset\Tomato___Bacterial_spot\81581795-ff9e-4e07-9135-e421e03d96e9___GCREC_Bact.Sp 5652_final_masked.jpg,Tomato___Bacterial_spot
dataset\Tomato___Early_blight\055ae8d8-09e1-4b27-b385-9ff8a3e0eaae___RS_Erly.B 8247_final_masked.jpg,Tomato___Early_blight
dataset\Tomato___Early_blight\74c0d66d-a12d-4b9d-9f24-e283b8273a7e___RS_Erly.B 8302_final_masked.jpg,Tomato___Early_blight
dataset\Tomato___healthy\45fc3f1c-6ccc-4ffd-a0a9-f53cbe4e71a1___GH_HL Leaf 206.1_final_masked.jpg,Tomato___healthy
dataset\Tomato___Late_blight\7a08fe4d-cb32-4a4e-861e-249e582fb8c8___GHLB2 Leaf 8820_final_masked.jpg,Tomato___Late_blight
dataset\Tomato___healthy\d8ce2a81-c366-4a88-bde3-ee9a98e1e30c___RS_HL 0036_final_masked.jpg,Tomato___healthy
dataset\Tomato___healthy\edfbcb80-5821-4c6e-a464-79f119de35ae___RS_HL 9903_final_masked.jpg,Tomato___healthy
dataset\Tomato___Bacterial_spot\277f9f6d-07b0-4687-afef-ebf67e227e96___GCREC_Bact.Sp 6364_final_masked.jpg,Tomato___Bacterial_spot
dataset\Tomato___Late_blight\914b2040-5c4b-4943-be32-1c565d9c49ec___GHLB2 Leaf 72.1_final_masked.jpg,Tomato___Late_blight
dataset\Tomato___Bacterial_spot\da866ac6-4fcc-4722-8cf6-3d0d93011d65___GCREC_Bact.Sp 3550_final_masked.jpg,Tomato___Bacterial_spot
dataset\Tomato___Late_blight\7f4621fe-72ce-4f4c-a20e-320250ec8a9d___RS_Late.B 5556_final_masked.jpg,Tomato___Late_blight
dataset\Tomato___Early_blight\c03bec63-8b1d-42ef-90d5-5dff0c2455ea___RS_Erly.B 9555_final_masked.jpg,Tomato___Early_blight
dataset\Tomato___Bacterial_spot\eef753ba-cf26-427c-90f7-1ec9daf6afe8___GCREC_Bact.Sp 3383_final_masked.jpg,Tomato___Bacterial_spot
dataset\Tomato___Bacterial_spot\f2862b49-bab8-4d3e-abc3-0816c0f0010e___GCREC_Bact.Sp 6311_final_masked.jpg,Tomato___Bacterial_spot
dataset\Tomato___Late_blight\a1f7a744-1d30-4343-992c-b1521d924094___GHLB2 Leaf 8563_final_masked.jpg,Tomato___Late_blight
dataset\Tomato___healthy\c2f44d15-cc56-44eb-afce-b53e919becb9___GH_HL Leaf 398_final_masked.jpg,Tomato___healthy
dataset\Tomato___Late_blight\72138adb-455c-4ddf-939e-00811e3fb6dd___GHLB2 Leaf 8750_final_masked.jpg,Tomato___Late_blight
dataset\Tomato___Late_blight\f14bdea6-8f1d-47c4-ab6f-dbf05c994901___GHLB2 Leaf 9046_final_masked.jpg,Tomato___Late_blight
dataset\Tomato___Bacterial_spot\fb70612e-974a-4bed-bfcb-fcf8038b51ce___GCREC_Bact.Sp 5627_final_masked.jpg,Tomato___Bacterial_spot
dataset\Tomato___Bacterial_spot\df6c7120-ac7c-43b5-bb2a-3c61782e7a47___GCREC_Bact.Sp 6030_final_masked.jpg,Tomato___Bacterial_spot
dataset\Tomato___Late_blight\f5aebbf7-df07-4682-8d3b-3dd46e2e36c4___GHLB2 Leaf 9092_final_masked.jpg,Tomato___Late_blight
dataset\Tomato___Bacterial_spot\04fcd6e4-a96e-49ba-b67a-32b88337b505___GCREC_Bact.Sp 3689_final_masked.jpg,Tomato___Bacterial_spot
dataset\Tomato___healthy\8811ef44-071b-430a-a0a4-989bf7668582___GH_HL Leaf 193_final_masked.jpg,Tomato___healthy
dataset\Tomato___Bacterial_spot\151a2e55-b8d4-4c30-b494-4aa77a2f5695___GCREC_Bact.Sp 5941_final_masked.jpg,Tomato___Bacterial_spot
dataset\Tomato___Bacterial_spot\0e16b13c-0308-4199-a823-c6c2ab944023___GCREC_Bact.Sp 3068_final_masked.jpg,Tomato___Bacterial_spot
dataset\Tomato___Late_blight\c2c75d71-71ea-43c4-b70d-7bc16e8230ab___GHLB2 Leaf 104_final_masked.jpg,Tomato___Late_blight
dataset\Tomato___Bacterial_spot\d8d3c759-4242-42c0-9be5-b3177f2664be___GCREC_Bact.Sp 5953_final_masked.jpg,Tomato___Bacterial_spot
dataset\Tomato___Early_blight\8f92a1b1-c99e-48b4-8cd2-d0bd09bc6a6b___RS_Erly.B 9479_final_masked.jpg,Tomato___Early_blight
dataset\Tomato___Early_blight\64ef53fa-26cc-4734-8a94-6f83a108817f___RS_Erly.B 6348_final_masked.jpg,Tomato___Early_blight
dataset\Tomato___Late_blight\5e85791b-b3a7-430e-b3af-e244c2d16f31___GHLB2 Leaf 8747_final_masked.jpg,Tomato___Late_blight
dataset\Tomato___healthy\bab33032-182b-43c7-8eea-392267cd11ef___RS_HL 9822_final_masked.jpg,Tomato___healthy
dataset\Tomato___Late_blight\4e9c1dac-62c2-4699-bcda-5bdc3740f267___GHLB2 Leaf 8740_final_masked.jpg,Tomato___Late_blight
dataset\Tomato___Early_blight\91866d08-cbe2-4a9a-87fd-f2b969e5340a___RS_Erly.B 9588_final_masked.jpg,Tomato___Early_blight
dataset\Tomato___Late_blight\659fd21c-cac6-4126-972d-f6f7b28f25e2___GHLB2 Leaf 9068_final_masked.jpg,Tomato___Late_blight
dataset\Tomato___Bacterial_spot\ee328e30-524c-4bcd-86f2-e9facfa6c5ae___GCREC_Bact.Sp 6002_final_masked.jpg,Tomato___Bacterial_spot
dataset\Tomato___healthy\d382d5de-6608-4492-a1eb-e4c525f8b3e4___GH_HL Leaf 461_final_masked.jpg,Tomato___healthy
dataset\Tomato___Bacterial_spot\9920ea08-d9d7-464c-addb-c6ecebddf420___GCREC_Bact.Sp 5880_final_masked.jpg,Tomato___Bacterial_spot
dataset\Tomato___Late_blight\d86aad3d-070a-4247-a3cb-a66e6b774fd3___RS_Late.B 7114_final_masked.jpg,Tomato___Late_blight
dataset\Tomato___healthy\042d59c2-2fd8-45c2-91bb-c0a05dd07f30___RS_HL 0257_final_masked.jpg,Tomato___healthy
dataset\Tomato___Bacterial_spot\5d1f3889-f029-4ebd-834d-9e39d775b070___GCREC_Bact.Sp 5996_final_masked.jpg,Tomato___Bacterial_spot
dataset\Tomato___Bacterial_spot\3489afd3-f198-4866-8ca6-09a221d1236c___GCREC_Bact.Sp 5656_final_masked.jpg,Tomato___Bacterial_spot
dataset\Tomato___Late_blight\3de67462-9ae4-455d-8d0d-a625c92c7120___RS_Late.B 5148_final_masked.jpg,Tomato___Late_blight
dataset\Tomato___Late_blight\ae581c9f-2be2-4ca8-b27d-5a333d15012c___RS_Late.B 5170_final_masked.jpg,Tomato___Late_blight
dataset\Tomato___Late_blight\934cc025-d086-441c-8d0d-71050ab956aa___RS_Late.B 6740_final_masked.jpg,Tomato___Late_blight
dataset\Tomato___Bacterial_spot\08a25478-76ed-4e4c-8ad0-bc7322f050b0___GCREC_Bact.Sp 3028_final_masked.jpg,Tomato___Bacterial_spot
dataset\Tomato___Late_blight\6e42a5dd-9354-454e-bca2-ea0cb4663de4___GHLB2 Leaf 8675_final_masked.jpg,Tomato___Late_blight
dataset\Tomato___Bacterial_spot\e6ec0aa5-a195-4606-a539-cf7c13f62727___GCREC_Bact.Sp 3828_final_masked.jpg,Tomato___Bacterial_spot
dataset\Tomato___Bacterial_spot\8c2d8590-4fb3-4670-b2f0-384df42eb3a7___GCREC_Bact.Sp 5921_final_masked.jpg,Tomato___Bacterial_spot
dataset\Tomato___Late_blight\44728e89-49f7-435e-b4d9-a64a7a3f2317___RS_Late.B 7116_final_masked.jpg,Tomato___Late_blight
dataset\Tomato___healthy\d4c014c8-81db-47ce-8a1a-277ef1159a3d___RS_HL 0211_final_masked.jpg,Tomato___healthy
dataset\Tomato___healthy\9d197d8a-3f35-401a-8aa4-39f7e69d05c5___GH_HL Leaf 326_final_masked.jpg,Tomato___healthy
dataset\Tomato___healthy\95a43787-4b69-4ad8-854f-7d8cbd1e6cac___RS_HL 9642_final_masked.jpg,Tomato___healthy
dataset\Tomato___healthy\0a31e630-0d98-416b-b0e4-88a88aad1dc5___RS_HL 9653_final_masked.jpg,Tomato___healthy
dataset\Tomato___Late_blight\1c5deb80-6bde-4aa4-843e-c69f80b7713a___RS_Late.B 6874_final_masked.jpg,Tomato___Late_blight
dataset\Tomato___healthy\abaaf21a-3c59-4a00-825e-2f05f045bbf9___RS_HL 0066_final_masked.jpg,Tomato___healthy
dataset\Tomato___Late_blight\909832a0-b9f8-4624-894f-16b200489acb___GHLB2 Leaf 161_final_masked.jpg,Tomato___Late_blight
dataset\Tomato___Late_blight\5fc495d5-db9f-4099-8c2e-8fe2dd8f088e___RS_Late.B 6079_final_masked.jpg,Tomato___Late_blight
dataset\Tomato___healthy\000bf685-b305-408b-91f4-37030f8e62db___GH_HL Leaf 308.1_final_masked.jpg,Tomato___healthy
dataset\Tomato___Late_blight\6f7a49a1-db0e-486f-b836-51827df940df___GHLB2 Leaf 8735_final_masked.jpg,Tomato___Late_blight
dataset\Tomato___healthy\0e1d7722-3df9-4a3a-a4e2-bc0ea3ce0da4___RS_HL 9979_final_masked.jpg,Tomato___healthy
dataset\Tomato___healthy\7ce1f8c1-1542-4d7b-be27-11e29d572283___GH_HL Leaf 508.2_final_masked.jpg,Tomato___healthy
dataset\Tomato___Late_blight\a07a8ed5-dbed-4299-96ef-18bc1ffcab3b___GHLB2 Leaf 68_final_masked.jpg,Tomato___Late_blight
dataset\Tomato___Early_blight\73f4d791-745e-49b8-82d8-e29b24ddd0e5___RS_Erly.B 7593_final_masked.jpg,Tomato___Early_blight
dataset\Tomato___Bacterial_spot\a2b9fd44-1a96-40ea-9c22-e46121316355___UF.GRC_BS_Lab Leaf 8664_final_masked.jpg,Tomato___Bacterial_spot
dataset\Tomato___Late_blight\670616fe-c1a6-41a9-99b2-eb6270d8c299___GHLB_PS Leaf 26.2 Day 16_final_masked.jpg,Tomato___Late_blight
dataset\Tomato___Bacterial_spot\a435a766-abdd-42e4-8b5d-98641c1ff7e9___UF.GRC_BS_Lab Leaf 9133_final_masked.jpg,Tomato___Bacterial_spot
dataset\Tomato___Bacterial_spot\a996d784-9bee-4715-b1ff-73e9df5b8666___GCREC_Bact.Sp 3257_final_masked.jpg,Tomato___Bacterial_spot
dataset\Tomato___healthy\efe02473-2f94-4ff5-a478-cc9d8ebd79da___RS_HL 9671_final_masked.jpg,Tomato___healthy
dataset\Tomato___Early_blight\16ae1b64-2954-4135-bea5-d599ba56740c___RS_Erly.B 7649_final_masked.jpg,Tomato___Early_blight
dataset\Tomato___Bacterial_spot\cf155207-09bc-454e-a31b-0d469c9bb3d7___GCREC_Bact.Sp 2989_final_masked.jpg,Tomato___Bacterial_spot
dataset\Tomato___Late_blight\71a47848-146e-4cda-ae09-5ff0fe3a0540___GHLB2 Leaf 80.1_final_masked.jpg,Tomato___Late_blight
dataset\Tomato___Late_blight\2c47b891-3c97-48f1-a2cc-5aa53d3a1148___GHLB2 Leaf 9011_final_masked.jpg,Tomato___Late_blight
dataset\Tomato___Late_blight\005e3b43-9050-47da-9498-f9ecdcc703b3___RS_Late.B 5104_final_masked.jpg,Tomato___Late_blight
dataset\Tomato___Bacterial_spot\18f0234d-3647-4769-a5a5-752ae8c55f28___UF.GRC_BS_Lab Leaf 8845_final_masked.jpg,Tomato___Bacterial_spot
dataset\Tomato___healthy\e786ac89-29fe-47e3-b49e-b9a9ee7edd9d___GH_HL Leaf 342.1_final_masked.jpg,Tomato___healthy
dataset\Tomato___Bacterial_spot\1aeee055-1c5f-4aab-a4af-bfe860f7dc46___GCREC_Bact.Sp 3034_final_masked.jpg,Tomato___Bacterial_spot
dataset\Tomato___Late_blight\121097dd-b0cb-436b-9b2f-7dab30c86872___GHLB_PS Leaf 37.1 Day 13_final_masked.jpg,Tomato___Late_blight
dataset\Tomato___Late_blight\9ed7a670-72d9-4bb7-adcb-6aeb2eecb5db___GHLB Leaf 23.5 Day 12_final_masked.jpg,Tomato___Late_blight
dataset\Tomato___healthy\8a4dc6f9-2f54-4bdd-957f-d9fb709e1b26___GH_HL Leaf 302.1_final_masked.jpg,Tomato___healthy
dataset\Tomato___healthy\48cbd826-6822-4bd9-8bb4-6595db85a3f2___RS_HL 9783_final_masked.jpg,Tomato___healthy
dataset\Tomato___Bacterial_spot\bd510221-f461-40d9-a959-1ca05a478fd6___GCREC_Bact.Sp 3331_final_masked.jpg,Tomato___Bacterial_spot
dataset\Tomato___Late_blight\10acd4c3-b1b8-4fc7-848a-c9af30086e78___GHLB_PS Leaf 28.2 Day 13_final_masked.jpg,Tomato___Late_blight
dataset\Tomato___Late_blight\2939e3f2-d0c5-462c-b652-8cf4ef87d844___RS_Late.B 6600_final_masked.jpg,Tomato___Late_blight
dataset\Tomato___Early_blight\47c05777-ef2f-4baf-8f1a-61ab067a4627___RS_Erly.B 7350_final_masked.jpg,Tomato___Early_blight
dataset\Tomato___healthy\47d38fb3-c397-433f-a478-482a660b70f3___RS_HL 0113_final_masked.jpg,Tomato___healthy
dataset\Tomato___Bacterial_spot\8d4ca679-c45e-4d6a-934c-2dc64684c53e___GCREC_Bact.Sp 3774_final_masked.jpg,Tomato___Bacterial_spot
dataset\Tomato___Bacterial_spot\f321fdc4-0b37-4f12-bf76-30af4c54a573___UF.GRC_BS_Lab Leaf 9227_final_masked.jpg,Tomato___Bacterial_spot
dataset\Tomato___healthy\ad8359a4-48b9-4469-a012-ed9b220de38e___GH_HL Leaf 285.1_final_masked.jpg,Tomato___healthy
dataset\Tomato___Late_blight\079f7695-a60e-4a35-a1f3-fbe71cf19126___GHLB2 Leaf 8783_final_masked.jpg,Tomato___Late_blight
dataset\Tomato___healthy\3e4cc1b0-e071-4b9e-a944-21de55b99fc3___RS_HL 0292_final_masked.jpg,Tomato___healthy
dataset\Tomato___Early_blight\9d16bfcd-955e-4a5c-90ea-c7cce8dd9135___RS_Erly.B 7811_final_masked.jpg,Tomato___Early_blight
dataset\Tomato___Bacterial_spot\974bfda6-f0ea-48a4-965e-9346c8f2f17b___GCREC_Bact.Sp 6237_final_masked.jpg,Tomato___Bacterial_spot
dataset\Tomato___Bacterial_spot\ea62b5e0-7ccf-4ec5-b103-16206214caaa___GCREC_Bact.Sp 6253_final_masked.jpg,Tomato___Bacterial_spot
dataset\Tomato___Late_blight\13adbb9e-c4e1-46bd-8621-ae351dd464ca___RS_Late.B 6595_final_masked.jpg,Tomato___Late_blight
dataset\Tomato___healthy\7d3cd4c9-2c10-422d-a5f2-474c5569649d___RS_HL 9686_final_masked.jpg,Tomato___healthy
dataset\Tomato___Bacterial_spot\58b4de6b-90af-4c5b-a95b-3fdd953c9255___GCREC_Bact.Sp 5830_final_masked.jpg,Tomato___Bacterial_spot
dataset\Tomato___Bacterial_spot\3dea7f7c-4bdc-4be6-8643-008b4d37ffc8___GCREC_Bact.Sp 3530_final_masked.jpg,Tomato___Bacterial_spot
dataset\Tomato___Late_blight\0bb05a47-55a2-4c23-9dd2-3a5abf17c9f4___GHLB Leaf 5 Day 1_final_masked.jpg,Tomato___Late_blight
dataset\Tomato___Late_blight\2485b2a9-a492-4a45-bb4b-bb63edefb7ef___GHLB2 Leaf 9084_final_masked.jpg,Tomato___Late_blight
dataset\Tomato___Early_blight\2245fdf5-3ff5-4624-9797-0b65bcc6cf73___RS_Erly.B 6358_final_masked.jpg,Tomato___Early_blight
dataset\Tomato___Bacterial_spot\cfd1650b-7007-4916-a41f-9587d4bc4bfa___GCREC_Bact.Sp 5568_final_masked.jpg,Tomato___Bacterial_spot
dataset\Tomato___Bacterial_spot\ca9d4e23-cd51-4912-b08e-0507546755b1___UF.GRC_BS_Lab Leaf 8802_final_masked.jpg,Tomato___Bacterial_spot
dataset\Tomato___Early_blight\77c9e1e4-286a-4ae0-aa62-87f99781a6fa___RS_Erly.B 7864_final_masked.jpg,Tomato___Early_blight
dataset\Tomato___Late_blight\05a34df9-4fc9-460a-b675-3c4a37cfdf4c___GHLB2 Leaf 8917_final_masked.jpg,Tomato___Late_blight
dataset\Tomato___Bacterial_spot\b2a40428-4154-4f13-bff6-28c36f4293a9___GCREC_Bact.Sp 3088_final_masked.jpg,Tomato___Bacterial_spot
dataset\Tomato___Early_blight\a98a655f-a2f5-44eb-a73b-edf25ca85921___RS_Erly.B 6351_final_masked.jpg,Tomato___Early_blight
dataset\Tomato___Bacterial_spot\b34a1119-72d6-4c68-88f2-17ab64ee3457___GCREC_Bact.Sp 3101_final_masked.jpg,Tomato___Bacterial_spot
dataset\Tomato___healthy\425e5c47-5495-40ad-8c96-6c51768bc673___RS_HL 0025_final_masked.jpg,Tomato___healthy
dataset\Tomato___Bacterial_spot\60095dac-7012-47a0-8697-eade683994c3___UF.GRC_BS_Lab Leaf 0273_final_masked.jpg,Tomato___Bacterial_spot
dataset\Tomato___Bacterial_spot\3c42263c-39eb-4e33-bf35-6694cb1eb973___GCREC_Bact.Sp 6106_final_masked.jpg,Tomato___Bacterial_spot
dataset\Tomato___healthy\92482fe8-95b5-48b9-b32e-eadc3ab6ac59___RS_HL 9901_final_masked.jpg,Tomato___healthy
dataset\Tomato___Late_blight\44f72a0c-3313-44bd-acdb-905ae5944a57___GHLB2 Leaf 8880_final_masked.jpg,Tomato___Late_blight
dataset\Tomato___Bacterial_spot\5ce7093e-2e9d-4dd9-9401-7499c26ddaf1___GCREC_Bact.Sp 5566_final_masked.jpg,Tomato___Bacterial_spot
dataset\Tomato___Early_blight\c29f66a1-5df9-4bd7-a6cd-89a0d4a4cba5___RS_Erly.B 9608_final_masked.jpg,Tomato___Early_blight
dataset\Tomato___Late_blight\f879b7d4-efe4-4b31-8a89-35db50d561c9___RS_Late.B 4897_final_masked.jpg,Tomato___Late_blight
dataset\Tomato___healthy\d7aed304-347b-4c78-ac63-b29db901e1d4___RS_HL 0061_final_masked.jpg,Tomato___healthy
dataset\Tomato___Bacterial_spot\441dec39-f5c8-4885-b133-1db20ff1fd3b___GCREC_Bact.Sp 3487_final_masked.jpg,Tomato___Bacterial_spot
dataset\Tomato___Early_blight\0bb52721-51a6-4343-8c54-de15cedf8e5c___RS_Erly.B 7572_final_masked.jpg,Tomato___Early_blight
dataset\Tomato___healthy\04dec2d5-560b-4f34-a4a1-36b034031e4d___RS_HL 0516_final_masked.jpg,Tomato___healthy
dataset\Tomato___Late_blight\349b160d-6a6a-4b94-bdd3-81b670d13996___GHLB2 Leaf 72_final_masked.jpg,Tomato___Late_blight
dataset\Tomato___Late_blight\f5e90a98-8ea6-4547-a417-8370d08a1e1f___RS_Late.B 5196_final_masked.jpg,Tomato___Late_blight
dataset\Tomato___Bacterial_spot\f3e3d426-cf23-4157-90e2-95a0442ef83f___GCREC_Bact.Sp 3041_final_masked.jpg,Tomato___Bacterial_spot
dataset\Tomato___Early_blight\fe167aa5-089e-4295-ad85-071819b7b692___RS_Erly.B 9403_final_masked.jpg,Tomato___Early_blight
dataset\Tomato___Bacterial_spot\a7c50117-d297-469d-8a1c-6ec7a5a6f2df___GCREC_Bact.Sp 5769_final_masked.jpg,Tomato___Bacterial_spot
dataset\Tomato___Late_blight\98d99dcc-6922-4b11-9b64-7e75440da1a8___RS_Late.B 5095_final_masked.jpg,Tomato___Late_blight
dataset\Tomato___healthy\9630e186-4b6c-492b-b450-a30bd7fd7fcb___GH_HL Leaf 322.1_final_masked.jpg,Tomato___healthy
dataset\Tomato___Early_blight\906f1ca6-2923-40c2-a924-5486fc3d7ba0___RS_Erly.B 9444_final_masked.jpg,Tomato___Early_blight
dataset\Tomato___healthy\b7e3a280-a031-475d-95b2-a1d2f0f49e02___GH_HL Leaf 279_final_masked.jpg,Tomato___healthy
dataset\Tomato___healthy\77c978a3-7285-4d36-a858-1b77729020b7___GH_HL Leaf 462.1_final_masked.jpg,Tomato___healthy
dataset\Tomato___healthy\b286becf-e2d6-4269-aaf4-e2df25c80cba___RS_HL 0355_final_masked.jpg,Tomato___healthy
dataset\Tomato___Bacterial_spot\e601dd19-754a-4db4-926b-5e71609f628e___GCREC_Bact.Sp 3342_final_masked.jpg,Tomato___Bacterial_spot
dataset\Tomato___healthy\2a7e1698-9747-40e6-994e-5d4dc1d2b239___RS_HL 0279_final_masked.jpg,Tomato___healthy
dataset\Tomato___healthy\560b8340-b487-4bd9-aac1-37b0f4711444___RS_HL 0277_final_masked.jpg,Tomato___healthy
dataset\Tomato___Late_blight\a06cd325-69d3-476c-a515-7e836bb39f3a___RS_Late.B 7126_final_masked.jpg,Tomato___Late_blight
dataset\Tomato___Late_blight\60f7e012-0f60-4e15-a1ad-1541e20621af___RS_Late.B 6425_final_masked.jpg,Tomato___Late_blight
dataset\Tomato___healthy\d835fbab-7301-4544-aba9-37cb5d25de9f___RS_HL 0506_final_masked.jpg,Tomato___healthy
dataset\Tomato___Early_blight\27ba7432-8547-436c-9b97-adf3cbe15575___RS_Erly.B 7544_final_masked.jpg,Tomato___Early_blight
dataset\Tomato___healthy\e090d873-c435-4d1b-95dd-29f5a2f22a09___GH_HL Leaf 266.1_final_masked.jpg,Tomato___healthy
dataset\Tomato___Late_blight\0862d3c1-82db-4f51-9acf-4908a7733600___GHLB2 Leaf 9005_final_masked.jpg,Tomato___Late_blight
dataset\Tomato___healthy\994d4897-7227-4f74-a5e1-610d528e7d87___RS_HL 9927_final_masked.jpg,Tomato___healthy
dataset\Tomato___Bacterial_spot\a37c30d3-2d4a-49f0-af5b-5ddc9c37baf8___GCREC_Bact.Sp 6038_final_masked.jpg,Tomato___Bacterial_spot
dataset\Tomato___healthy\5c057128-2d09-4757-8e44-520fb30f2b60___RS_HL 0525_final_masked.jpg,Tomato___healthy
dataset\Tomato___Early_blight\ea08bf85-06df-41d8-8b09-29feb53cdccf___RS_Erly.B 7486_final_masked.jpg,Tomato___Early_blight
dataset\Tomato___Late_blight\6bc35871-5096-4405-8064-10e586175e9a___RS_Late.B 5584_final_masked.jpg,Tomato___Late_blight
dataset\Tomato___Early_blight\7b962f23-1e0e-4c28-b741-d21c51ab6d4b___RS_Erly.B 7835_final_masked.jpg,Tomato___Early_blight
dataset\Tomato___healthy\275d05cf-89de-45bc-9928-ac6f242c9dd7___RS_HL 0572_final_masked.jpg,Tomato___healthy
dataset\Tomato___Bacterial_spot\470dc5c1-47be-4468-ab17-e378715807e2___GCREC_Bact.Sp 3697_final_masked.jpg,Tomato___Bacterial_spot
dataset\Tomato___Bacterial_spot\8242a847-cd26-45ee-995d-dcec33ba89f3___GCREC_Bact.Sp 3806_final_masked.jpg,Tomato___Bacterial_spot
dataset\Tomato___healthy\6d6f479a-d165-46b3-95d8-43c4778c23f9___GH_HL Leaf 205.1_final_masked.jpg,Tomato___healthy
dataset\Tomato___Early_blight\8039671d-c264-49aa-bfbc-81fabe24b007___RS_Erly.B 9397_final_masked.jpg,Tomato___Early_blight
dataset\Tomato___Late_blight\c9bcf015-b951-4176-bc2c-d8c067b64c66___RS_Late.B 5489_final_masked.jpg,Tomato___Late_blight
dataset\Tomato___Late_blight\0c3153b2-0e64-41b6-902a-66eafbf7cae6___GHLB Leaf 4.1 Day 1_final_masked.jpg,Tomato___Late_blight
dataset\Tomato___Bacterial_spot\de0d63c7-a1a2-43e0-9316-44381a5cb46a___GCREC_Bact.Sp 3858_final_masked.jpg,Tomato___Bacterial_spot
dataset\Tomato___Bacterial_spot\a4106180-8662-4e07-b7dd-3a80c7fd08dd___GCREC_Bact.Sp 6230_final_masked.jpg,Tomato___Bacterial_spot
dataset\Tomato___healthy\43f6d6f0-be8e-4120-8c86-fad3bcfd5c03___RS_HL 0180_final_masked.jpg,Tomato___healthy
dataset\Tomato___Late_blight\01c391d2-1b3a-4b58-b205-a75674bba6e9___GHLB2 Leaf 8824_final_masked.jpg,Tomato___Late_blight
dataset\Tomato___Late_blight\a4e72582-b214-412a-a3ae-5a75da76973f___RS_Late.B 6884_final_masked.jpg,Tomato___Late_blight
dataset\Tomato___Bacterial_spot\a69cf9dd-83c8-4b5c-8cd2-dbcba3aa1eb7___UF.GRC_BS_Lab Leaf 8884_final_masked.jpg,Tomato___Bacterial_spot
dataset\Tomato___healthy\989c19ba-120b-472c-abe1-821da1b065d0___RS_HL 0280_final_masked.jpg,Tomato___healthy
dataset\Tomato___healthy\6e41f26a-5ce7-4fba-9fb5-e6a886b55f75___GH_HL Leaf 230_final_masked.jpg,Tomato___healthy
dataset\Tomato___Early_blight\1c31e2e3-e314-47a8-86fe-e7b8b9199c09___RS_Erly.B 8272_final_masked.jpg,Tomato___Early_blight
dataset\Tomato___healthy\47a9bf22-281f-49d6-a03a-97be4983fc68___RS_HL 0604_final_masked.jpg,Tomato___healthy
dataset\Tomato___healthy\fb4ce6df-613b-4d52-8e11-28dfa448a5e1___GH_HL Leaf 483_final_masked.jpg,Tomato___healthy
dataset\Tomato___Bacterial_spot\7b0955af-e428-4c82-9834-7158f6cf86db___UF.GRC_BS_Lab Leaf 0509_final_masked.jpg,Tomato___Bacterial_spot
dataset\Tomato___healthy\db467743-857b-42b3-ab2a-a80e90467a99___RS_HL 0570_final_masked.jpg,Tomato___healthy
dataset\Tomato___Late_blight\7fa16659-42cf-4bac-b0fc-41162212f6a9___GHLB2 Leaf 8620_final_masked.jpg,Tomato___Late_blight
dataset\Tomato___Late_blight\9bf7479a-5809-48ad-90f7-f4dd4cb9a82b___RS_Late.B 6902_final_masked.jpg,Tomato___Late_blight
dataset\Tomato___Late_blight\26c09416-7271-4262-9ddc-fb741bedce05___GHLB2 Leaf 97.1_final_masked.jpg,Tomato___Late_blight
dataset\Tomato___Late_blight\4de5d2c4-bed5-436a-95e2-bcf43a1723fd___GHLB2 Leaf 8727_final_masked.jpg,Tomato___Late_blight
dataset\Tomato___Late_blight\046c65f2-b155-4018-b161-825191c5faaa___RS_Late.B 5042_final_masked.jpg,Tomato___Late_blight
dataset\Tomato___Early_blight\8e1c8815-49e0-4be6-a3a5-a426ab6b2445___RS_Erly.B 7822_final_masked.jpg,Tomato___Early_blight
dataset\Tomato___Bacterial_spot\2a9c6104-6e28-444a-aa97-027020004409___GCREC_Bact.Sp 3605_final_masked.jpg,Tomato___Bacterial_spot
dataset\Tomato___Late_blight\aba6fc41-d333-40a8-b3d4-1d72ac2067fe___GHLB2 Leaf 8691_final_masked.jpg,Tomato___Late_blight
dataset\Tomato___Bacterial_spot\35cfd84d-af4a-48c6-9add-aa389b3ef354___GCREC_Bact.Sp 3019_final_masked.jpg,Tomato___Bacterial_spot
dataset\Tomato___Early_blight\40b67c0a-5dd8-435c-80ed-764593d2147a___RS_Erly.B 7577_final_masked.jpg,Tomato___Early_blight
dataset\Tomato___Late_blight\2e6c4476-c99f-4f05-a1bd-70701326a15d___GHLB2 Leaf 8925_final_masked.jpg,Tomato___Late_blight
dataset\Tomato___Late_blight\460e4daf-39e2-48d0-9a85-52442fc36e14___RS_Late.B 6688_final_masked.jpg,Tomato___Late_blight
dataset\Tomato___Early_blight\b6611980-ad87-4121-a6d0-b648b946b432___RS_Erly.B 8426_final_masked.jpg,Tomato___Early_blight
dataset\Tomato___Late_blight\c0eb1cc5-185a-4f20-b8cd-a3943cd9588b___RS_Late.B 6541_final_masked.jpg,Tomato___Late_blight
dataset\Tomato___Late_blight\6f78a5ad-d4cf-4289-8369-29a69aa493b0___RS_Late.B 6129_final_masked.jpg,Tomato___Late_blight
dataset\Tomato___Late_blight\d75573fb-2bd8-43fa-9af5-3f219e35142f___RS_Late.B 5070_final_masked.jpg,Tomato___Late_blight
dataset\Tomato___Bacterial_spot\7e863179-3ff3-48e9-8f84-92ec9957e7f3___GCREC_Bact.Sp 6071_final_masked.jpg,Tomato___Bacterial_spot
dataset\Tomato___Early_blight\a00845f3-9a14-474b-967c-82b7ea7b314f___RS_Erly.B 7550_final_masked.jpg,Tomato___Early_blight
dataset\Tomato___Early_blight\deed458f-ec5b-46c7-9658-c005cf90fc11___RS_Erly.B 7480_final_masked.jpg,Tomato___Early_blight
dataset\Tomato___Late_blight\3daa7759-9d45-4173-b73d-a7fca9800c45___GHLB2 Leaf 8573_final_masked.jpg,Tomato___Late_blight
dataset\Tomato___Late_blight\e1501757-3235-4051-b460-52c0f6e45add___RS_Late.B 4910_final_masked.jpg,Tomato___Late_blight
dataset\Tomato___Bacterial_spot\f8612abc-7408-451f-b6b8-89561d679bd0___GCREC_Bact.Sp 2997_final_masked.jpg,Tomato___Bacterial_spot
dataset\Tomato___Late_blight\d3cc7383-40d6-490c-9cd7-a089f462ff54___RS_Late.B 5208_final_masked.jpg,Tomato___Late_blight
dataset\Tomato___Bacterial_spot\8a440254-30e5-4381-8294-e2513347d7c1___GCREC_Bact.Sp 5901_final_masked.jpg,Tomato___Bacterial_spot
dataset\Tomato___healthy\c7cedd2f-dfae-4232-9cab-d75197d48948___GH_HL Leaf 226.6_final_masked.jpg,Tomato___healthy
dataset\Tomato___healthy\6f6c7236-d6b5-4bbb-a89e-e1c8246550dd___RS_HL 0559_final_masked.jpg,Tomato___healthy
dataset\Tomato___Bacterial_spot\03707c27-7f95-4f19-a173-1c0c74653fdf___GCREC_Bact.Sp 3046_final_masked.jpg,Tomato___Bacterial_spot
dataset\Tomato___Late_blight\64984183-009e-4dba-a25a-f769bab08080___GHLB2 Leaf 8637_final_masked.jpg,Tomato___Late_blight
dataset\Tomato___healthy\977bcf65-3e68-4be3-bb8a-4a860a6fef9d___RS_HL 9986_final_masked.jpg,Tomato___healthy
dataset\Tomato___Bacterial_spot\b8e606e2-0630-453f-8688-b4350feb2bce___GCREC_Bact.Sp 3033_final_masked.jpg,Tomato___Bacterial_spot
dataset\Tomato___Bacterial_spot\4ee0ffd9-54fa-41d8-bbde-2a3e4fde35bb___UF.GRC_BS_Lab Leaf 9024_final_masked.jpg,Tomato___Bacterial_spot
dataset\Tomato___Late_blight\7e92fb02-314e-4cad-a30d-e478b216bce4___RS_Late.B 6890_final_masked.jpg,Tomato___Late_blight
dataset\Tomato___Bacterial_spot\a91426e9-ff5c-4b53-8d08-b3a0e0fcb6e8___UF.GRC_BS_Lab Leaf 9004_final_masked.jpg,Tomato___Bacterial_spot
dataset\Tomato___Bacterial_spot\ec86d98d-7fb3-43e9-addb-3686492e5ab9___GCREC_Bact.Sp 3731_final_masked.jpg,Tomato___Bacterial_spot
dataset\Tomato___Bacterial_spot\cd7c0856-eefc-41c3-a838-74db334304b3___GCREC_Bact.Sp 3435_final_masked.jpg,Tomato___Bacterial_spot
dataset\Tomato___Late_blight\33b5c25b-ab14-4b22-a7f0-764b2070b2d7___GHLB2 Leaf 8670_final_masked.jpg,Tomato___Late_blight
dataset\Tomato___healthy\d3997d9d-f607-44f2-9473-b41db6b1116b___GH_HL Leaf 473_final_masked.jpg,Tomato___healthy
dataset\Tomato___Late_blight\fa98c595-ea2f-415d-90de-25c0a3926eee___RS_Late.B 6993_final_masked.jpg,Tomato___Late_blight
dataset\Tomato___Bacterial_spot\04da1f61-623b-4878-86ed-3ea24723b515___GCREC_Bact.Sp 5700_final_masked.jpg,Tomato___Bacterial_spot
dataset\Tomato___Bacterial_spot\1c4f6449-0200-439f-9600-5c2bb3400619___GCREC_Bact.Sp 3502_final_masked.jpg,Tomato___Bacterial_spot
dataset\Tomato___Late_blight\3afd2f69-8335-4cb1-842c-1f95bb98f07e___RS_Late.B 6502_final_masked.jpg,Tomato___Late_blight
dataset\Tomato___Late_blight\d519ec29-c557-4ef7-b572-a954c6ec4187___GHLB2 Leaf 9007_final_masked.jpg,Tomato___Late_blight
dataset\Tomato___healthy\bb8b0b14-a5f5-4c11-887f-71aed1864d84___GH_HL Leaf 409.1_final_masked.jpg,Tomato___healthy
dataset\Tomato___Bacterial_spot\eb2eebd9-62f0-441c-908f-1ff90f36bb66___GCREC_Bact.Sp 5752_final_masked.jpg,Tomato___Bacterial_spot
dataset\Tomato___Bacterial_spot\6a4ce1e3-a768-4f6e-96cf-3590df10fdc5___GCREC_Bact.Sp 3608_final_masked.jpg,Tomato___Bacterial_spot
dataset\Tomato___Late_blight\f843c76c-a7d4-4031-abe2-9245602fbb15___GHLB_PS Leaf 49.1 Day 18_final_masked.jpg,Tomato___Late_blight
dataset\Tomato___Early_blight\c21e480d-8263-4b9c-b429-4beceb2cb7d0___RS_Erly.B 8292_final_masked.jpg,Tomato___Early_blight
dataset\Tomato___Late_blight\fe416307-5c50-4c9f-96b5-f6e15ef79045___RS_Late.B 4975_final_masked.jpg,Tomato___Late_blight
dataset\Tomato___Bacterial_spot\a4b7b495-fe70-4c3e-9ab8-e9a290fdf87f___GCREC_Bact.Sp 5610_final_masked.jpg,Tomato___Bacterial_spot
dataset\Tomato___Bacterial_spot\d8a64b79-e21e-4158-9d9d-47bd6e44fba0___GCREC_Bact.Sp 3594_final_masked.jpg,Tomato___Bacterial_spot
dataset\Tomato___Early_blight\4490b039-427d-414c-836d-a1fda6c1ad49___RS_Erly.B 8369_final_masked.jpg,Tomato___Early_blight
dataset\Tomato___Bacterial_spot\10ed1b4a-e116-4c7e-85f6-5cc4577dbbb8___GCREC_Bact.Sp 3188_final_masked.jpg,Tomato___Bacterial_spot
dataset\Tomato___Bacterial_spot\f1dcec88-9f21-46c4-b60e-a6fe1a445d55___GCREC_Bact.Sp 3666_final_masked.jpg,Tomato___Bacterial_spot
dataset\Tomato___Late_blight\ca6362b2-b680-4348-a795-3bc37275e70f___GHLB2 Leaf 79_final_masked.jpg,Tomato___Late_blight
dataset\Tomato___healthy\9d6f9a0d-9221-40ed-8787-03b69d87d99e___RS_HL 0048_final_masked.jpg,Tomato___healthy
dataset\Tomato___Bacterial_spot\c5133ab4-1715-4658-970e-e0e4ad42e10e___GCREC_Bact.Sp 3308_final_masked.jpg,Tomato___Bacterial_spot
dataset\Tomato___healthy\23a4712e-8805-43f7-9ae4-655d1c4799b0___RS_HL 0619_final_masked.jpg,Tomato___healthy
dataset\Tomato___Early_blight\0f03a09c-aa48-4d51-95e1-752c466c3742___RS_Erly.B 6413_final_masked.jpg,Tomato___Early_blight
dataset\Tomato___Bacterial_spot\2d774052-b20a-441e-8ac1-f35239810e67___UF.GRC_BS_Lab Leaf 0336_final_masked.jpg,Tomato___Bacterial_spot
dataset\Tomato___Early_blight\c35fc6de-4796-4f7a-a350-7bff160cbbd5___RS_Erly.B 7740_final_masked.jpg,Tomato___Early_blight
dataset\Tomato___Late_blight\08a723e4-6b51-4395-8013-b1f3f03709b8___GHLB2 Leaf 8967_final_masked.jpg,Tomato___Late_blight
dataset\Tomato___Late_blight\d989b5d3-715f-4d85-8475-0a2ec3beaa98___RS_Late.B 5022_final_masked.jpg,Tomato___Late_blight
dataset\Tomato___Late_blight\351fea81-8dc9-4d24-9a09-5b92f174d883___GHLB2 Leaf 8604_final_masked.jpg,Tomato___Late_blight
dataset\Tomato___Bacterial_spot\05796aef-4298-48b1-ac04-e3ba020cb8b8___GCREC_Bact.Sp 3650_final_masked.jpg,Tomato___Bacterial_spot
dataset\Tomato___Late_blight\d6e6897a-5083-4914-9903-804c5684a956___GHLB2 Leaf 102_final_masked.jpg,Tomato___Late_blight
dataset\Tomato___Late_blight\439d092e-4a77-4feb-be22-2f830926f602___GHLB2ES Leaf 54_final_masked.jpg,Tomato___Late_blight
dataset\Tomato___Bacterial_spot\247444c2-846f-4626-9c69-762c6f278538___GCREC_Bact.Sp 3452_final_masked.jpg,Tomato___Bacterial_spot
dataset\Tomato___Late_blight\b9b1cf81-a68a-48a5-b3f2-25b45ecc81f7___RS_Late.B 5423_final_masked.jpg,Tomato___Late_blight
dataset\Tomato___healthy\d6e75b4e-377f-4d9a-b2a5-d0fcd5ec32b8___RS_HL 0177_final_masked.jpg,Tomato___healthy
dataset\Tomato___Late_blight\6965c48c-b329-4b37-9f7c-f09fb1a9b69d___RS_Late.B 7032_final_masked.jpg,Tomato___Late_blight
dataset\Tomato___Bacterial_spot\fb09d588-5a64-4659-8240-17b978ca9e51___GCREC_Bact.Sp 3557_final_masked.jpg,Tomato___Bacterial_spot
dataset\Tomato___Bacterial_spot\113b3262-b784-450e-8fe7-6f35652f073d___GCREC_Bact.Sp 3153_final_masked.jpg,Tomato___Bacterial_spot
dataset\Tomato___Bacterial_spot\f6084490-18e3-489a-9144-4584db9c1d38___GCREC_Bact.Sp 3049_final_masked.jpg,Tomato___Bacterial_spot
dataset\Tomato___healthy\30c8f7b8-e0cf-4cfb-b7fe-e2b75ce22789___GH_HL Leaf 333.1_final_masked.jpg,Tomato___healthy
dataset\Tomato___Bacterial_spot\d6719276-d4fa-4c59-84a2-6a6b40e023f4___GCREC_Bact.Sp 3218_final_masked.jpg,Tomato___Bacterial_spot
dataset\Tomato___Bacterial_spot\c977dd39-0fe7-4370-a7db-58c62b386f22___GCREC_Bact.Sp 6089_final_masked.jpg,Tomato___Bacterial_spot
dataset\Tomato___Early_blight\77ac0ab9-bc81-4de6-8f4d-72d15974d227___RS_Erly.B 7773_final_masked.jpg,Tomato___Early_blight
dataset\Tomato___Late_blight\4c25c41d-6e73-46e6-bf17-f9571fa80733___RS_Late.B 6077_final_masked.jpg,Tomato___Late_blight
dataset\Tomato___Late_blight\08a94695-4566-49aa-84df-91980c3534a2___RS_Late.B 5396_final_masked.jpg,Tomato___Late_blight
dataset\Tomato___healthy\ab19440f-0642-4dd8-820f-2f67d5abee98___RS_HL 0172_final_masked.jpg,Tomato___healthy
dataset\Tomato___Early_blight\fa5e382e-d1ad-42f9-a4e5-afb343f77a53___RS_Erly.B 9453_final_masked.jpg,Tomato___Early_blight
dataset\Tomato___Late_blight\d5fc4513-574d-4be6-a8ba-1dc840b21fc4___RS_Late.B 6470_final_masked.jpg,Tomato___Late_blight
dataset\Tomato___Bacterial_spot\83881fef-6772-4dea-9e3e-ec32f3ef5ee1___GCREC_Bact.Sp 5818_final_masked.jpg,Tomato___Bacterial_spot
dataset\Tomato___Early_blight\3b86d42f-4b22-4bfe-bfa9-ec4567c886dc___RS_Erly.B 7823_final_masked.jpg,Tomato___Early_blight
dataset\Tomato___healthy\438c4ac5-5409-4859-9fe4-3077af7425b2___RS_HL 0157_final_masked.jpg,Tomato___healthy
dataset\Tomato___Bacterial_spot\e1ee0df9-7ad3-47f4-ba57-0e243101a657___GCREC_Bact.Sp 3702_final_masked.jpg,Tomato___Bacterial_spot
dataset\Tomato___Bacterial_spot\00728f4d-83a0-49f1-87f8-374646fcda05___GCREC_Bact.Sp 6326_final_masked.jpg,Tomato___Bacterial_spot
dataset\Tomato___Bacterial_spot\0809f630-10f6-48b4-9aa2-6c08852aa83a___GCREC_Bact.Sp 5626_final_masked.jpg,Tomato___Bacterial_spot
dataset\Tomato___healthy\d454ff7e-7a9d-45c1-b7f1-d098edcb1fa7___RS_HL 0418_final_masked.jpg,Tomato___healthy
dataset\Tomato___Late_blight\86992828-48ea-428c-bb7d-0c89365314b9___GHLB_PS Leaf 18.2 Day 8_final_masked.jpg,Tomato___Late_blight
dataset\Tomato___healthy\b9046af2-28a7-4546-9107-1ae6d0bb7de7___RS_HL 0174_final_masked.jpg,Tomato___healthy
dataset\Tomato___Bacterial_spot\e6d642b7-1313-4b97-b58b-eab8a92cae64___GCREC_Bact.Sp 5694_final_masked.jpg,Tomato___Bacterial_spot
dataset\Tomato___healthy\1ad550a2-113e-440c-919d-85dff2f4de38___RS_HL 0331_final_masked.jpg,Tomato___healthy
dataset\Tomato___Bacterial_spot\3423b48a-9ded-4b8f-b552-1121e156f932___GCREC_Bact.Sp 5894_final_masked.jpg,Tomato___Bacterial_spot
dataset\Tomato___Late_blight\d8674a0f-a63f-4d10-852a-4913ba977823___GHLB2 Leaf 8568_final_masked.jpg,Tomato___Late_blight
dataset\Tomato___Early_blight\bbd73cdc-a2e5-4740-9a66-7e59d0416f25___RS_Erly.B 7502_final_masked.jpg,Tomato___Early_blight
dataset\Tomato___Early_blight\3b3193c5-e717-4b40-b450-7ee5c6e22d1a___RS_Erly.B 9382_final_masked.jpg,Tomato___Early_blight
dataset\Tomato___Late_blight\1eacb98a-d88b-4e86-bbb8-19ec6a4e6c67___GHLB2 Leaf 148.2_final_masked.jpg,Tomato___Late_blight
dataset\Tomato___Late_blight\edaeb655-f663-4be5-900a-17255d65c997___GHLB2 Leaf 8768_final_masked.jpg,Tomato___Late_blight
dataset\Tomato___Bacterial_spot\c53b64d9-37ef-4269-b809-00e59c2a033f___GCREC_Bact.Sp 3337_final_masked.jpg,Tomato___Bacterial_spot
dataset\Tomato___Late_blight\7fc96574-d320-4622-9695-1478156c6b76___GHLB2 Leaf 164.2_final_masked.jpg,Tomato___Late_blight
dataset\Tomato___Early_blight\04e38351-80bc-4260-8a4d-187f7817c3e5___RS_Erly.B 7439_final_masked.jpg,Tomato___Early_blight
dataset\Tomato___Late_blight\083bd43d-7dcb-4f3c-a0ca-6de1f468c9ef___RS_Late.B 5173_final_masked.jpg,Tomato___Late_blight
dataset\Tomato___healthy\e225eb60-d018-4014-a4f5-eadd0aad06ef___GH_HL Leaf 438_final_masked.jpg,Tomato___healthy
dataset\Tomato___Late_blight\b96efa85-1d48-4a5e-9c80-4b1848182c93___RS_Late.B 6961_final_masked.jpg,Tomato___Late_blight
dataset\Tomato___healthy\648594b0-d275-4e4c-8872-5136e01658c2___GH_HL Leaf 183_final_masked.jpg,Tomato___healthy
dataset\Tomato___healthy\c2c1758f-3576-4e8a-9853-5f11ac4d20d6___GH_HL Leaf 316.1_final_masked.jpg,Tomato___healthy
dataset\Tomato___Bacterial_spot\349e804d-2b74-4d13-8a4f-fc433b0f7d54___GCREC_Bact.Sp 3566_final_masked.jpg,Tomato___Bacterial_spot
dataset\Tomato___Bacterial_spot\d0afa6c0-1ed2-4c53-bf88-a15ed11ed800___GCREC_Bact.Sp 3742_final_masked.jpg,Tomato___Bacterial_spot
dataset\Tomato___Late_blight\7a31833f-807e-4c54-951f-3c8c1d5b78d7___GHLB2 Leaf 8939_final_masked.jpg,Tomato___Late_blight
dataset\Tomato___healthy\9d59d9f3-d9f2-45e7-b441-bcf453ceea73___RS_HL 0329_final_masked.jpg,Tomato___healthy
dataset\Tomato___Bacterial_spot\7b729ecb-5dce-4b92-afa0-4dce3ae45b10___UF.GRC_BS_Lab Leaf 0340_final_masked.jpg,Tomato___Bacterial_spot
dataset\Tomato___healthy\8298308b-4f4e-472b-9ee5-bd5887299f59___RS_HL 0269_final_masked.jpg,Tomato___healthy
dataset\Tomato___Late_blight\067fa506-1859-485a-9a17-53aaf0e8b1c3___RS_Late.B 6641_final_masked.jpg,Tomato___Late_blight
dataset\Tomato___Bacterial_spot\111a63c7-6445-47a4-a0d6-9157fd82b804___UF.GRC_BS_Lab Leaf 0565_final_masked.jpg,Tomato___Bacterial_spot
dataset\Tomato___healthy\5044fab8-1e1b-4f9c-a477-3ee8497d0c75___RS_HL 0287_final_masked.jpg,Tomato___healthy
dataset\Tomato___Late_blight\c614e6d5-04cc-4846-9867-84c83961c5cf___GHLB2 Leaf 8617_final_masked.jpg,Tomato___Late_blight
dataset\Tomato___Bacterial_spot\9a8c7e68-6887-40f1-b0f4-94bb5b678264___UF.GRC_BS_Lab Leaf 0399_final_masked.jpg,Tomato___Bacterial_spot
dataset\Tomato___healthy\3dd714a8-5c95-4d47-a9d0-0ac15a499c2c___RS_HL 0386_final_masked.jpg,Tomato___healthy
dataset\Tomato___Late_blight\e5d707cd-077c-43af-bda9-6138e516ff51___GHLB2 Leaf 8999_final_masked.jpg,Tomato___Late_blight
dataset\Tomato___Late_blight\63dfc6c7-3521-4a3d-a279-7ec8065e8e71___RS_Late.B 5400_final_masked.jpg,Tomato___Late_blight
dataset\Tomato___Late_blight\31eb8659-67c1-4cc6-b0b9-1d5ffe9eed0b___GHLB_PS Leaf 2.3 Day 18_final_masked.jpg,Tomato___Late_blight
dataset\Tomato___Late_blight\4505676e-d70e-460e-bac1-ce20d94f3944___GHLB2 Leaf 158.2_final_masked.jpg,Tomato___Late_blight
dataset\Tomato___Late_blight\90b93808-6b41-4539-9a76-ebe75ba61202___GHLB2 Leaf 155_final_masked.jpg,Tomato___Late_blight
dataset\Tomato___Early_blight\50cd977c-9fa8-4ff2-9a82-9d848f0a8972___RS_Erly.B 7683_final_masked.jpg,Tomato___Early_blight
dataset\Tomato___Late_blight\4184f74c-6054-473f-babc-fa5cbca7f5b4___GHLB2ES Leaf 135_final_masked.jpg,Tomato___Late_blight
dataset\Tomato___Early_blight\c6e96373-484c-45da-b043-0a294a59ad2c___RS_Erly.B 7401_final_masked.jpg,Tomato___Early_blight
dataset\Tomato___Late_blight\1ab30bde-88a4-4e29-855e-fa7a6ec1e226___RS_Late.B 5145_final_masked.jpg,Tomato___Late_blight
dataset\Tomato___Late_blight\01ebf21e-ef94-4c92-b007-0b26741c2fc8___GHLB2 Leaf 9075_final_masked.jpg,Tomato___Late_blight
dataset\Tomato___Early_blight\5ad16a00-4f2d-4872-a45c-80250b507ecc___RS_Erly.B 9378_final_masked.jpg,Tomato___Early_blight
dataset\Tomato___Early_blight\325b9138-a030-4156-ae85-20de17e89f7e___RS_Erly.B 7807_final_masked.jpg,Tomato___Early_blight
dataset\Tomato___Bacterial_spot\c0f90bbb-d9ac-4ed6-9e3c-296c17ce42a2___GCREC_Bact.Sp 3808_final_masked.jpg,Tomato___Bacterial_spot
dataset\Tomato___Late_blight\eb5d32dd-f958-422e-acae-d68ec83e0408___RS_Late.B 6455_final_masked.jpg,Tomato___Late_blight
dataset\Tomato___healthy\19e31197-5f6d-4925-975c-884bd4a94bfe___RS_HL 0291_final_masked.jpg,Tomato___healthy
dataset\Tomato___Bacterial_spot\f2fbcaa9-66a4-4937-a531-bfbe1a8956d1___GCREC_Bact.Sp 6091_final_masked.jpg,Tomato___Bacterial_spot
dataset\Tomato___Late_blight\c74ae94e-2ddf-4c47-a90a-fbf4bac11a2d___GHLB2 Leaf 9117_final_masked.jpg,Tomato___Late_blight
dataset\Tomato___healthy\196e5fd8-8b4e-4a45-9db7-ae59c877e9a7___GH_HL Leaf 284_final_masked.jpg,Tomato___healthy
dataset\Tomato___Bacterial_spot\fd0edb16-764c-4f1d-8425-d7f67f7564c2___UF.GRC_BS_Lab Leaf 9084_final_masked.jpg,Tomato___Bacterial_spot
dataset\Tomato___Early_blight\2ab7f21e-4a55-4895-acdb-5f161167a0f1___RS_Erly.B 8318_final_masked.jpg,Tomato___Early_blight
dataset\Tomato___Early_blight\70ef7eee-0584-44fc-9c5d-95b504554266___RS_Erly.B 7709_final_masked.jpg,Tomato___Early_blight
dataset\Tomato___Late_blight\a93d975c-6992-4f12-b454-5b3268961e20___RS_Late.B 4892_final_masked.jpg,Tomato___Late_blight
dataset\Tomato___Bacterial_spot\e2f66625-6241-4cd5-8302-c76cdd2e463c___GCREC_Bact.Sp 3761_final_masked.jpg,Tomato___Bacterial_spot
dataset\Tomato___healthy\0326b4b6-0f25-47af-bfd9-d8fec314a4f5___RS_HL 0621_final_masked.jpg,Tomato___healthy
dataset\Tomato___Late_blight\2c2326e9-eb07-45c1-8296-116df4108c03___RS_Late.B 4834_final_masked.jpg,Tomato___Late_blight
dataset\Tomato___Bacterial_spot\06c56818-dc01-4603-b93c-1be193f95178___GCREC_Bact.Sp 5831_final_masked.jpg,Tomato___Bacterial_spot
dataset\Tomato___Late_blight\e1fa1e4a-7259-496f-8066-79678f36f3e8___GHLB2 Leaf 8593_final_masked.jpg,Tomato___Late_blight
dataset\Tomato___Bacterial_spot\12cb9794-7459-488f-820e-f86a3d6b8a3a___GCREC_Bact.Sp 3119_final_masked.jpg,Tomato___Bacterial_spot
dataset\Tomato___healthy\7f58b2c9-3a62-402f-80d8-4a9aef9203ea___GH_HL Leaf 411.1_final_masked.jpg,Tomato___healthy
dataset\Tomato___healthy\29265f8d-86ff-4de1-b1ad-e33a64b189dc___RS_HL 0264_final_masked.jpg,Tomato___healthy
dataset\Tomato___Bacterial_spot\177b8ce1-d77a-41d7-93ac-852d37d69faa___GCREC_Bact.Sp 3390_final_masked.jpg,Tomato___Bacterial_spot
dataset\Tomato___healthy\2d02a0d6-0734-4ac7-957f-44f2a011fdc3___RS_HL 0375_final_masked.jpg,Tomato___healthy
dataset\Tomato___Bacterial_spot\a448f28f-6c67-4dff-852b-925421141eee___GCREC_Bact.Sp 5554_final_masked.jpg,Tomato___Bacterial_spot
dataset\Tomato___Bacterial_spot\b16f21dc-39eb-45b5-a588-da778fa9ac44___GCREC_Bact.Sp 6351_final_masked.jpg,Tomato___Bacterial_spot
dataset\Tomato___Bacterial_spot\8c93a024-3aea-440e-b504-9251758d71e7___GCREC_Bact.Sp 6065_final_masked.jpg,Tomato___Bacterial_spot
dataset\Tomato___Late_blight\93fe4f89-d9a8-4a78-ad48-9a622916cc69___RS_Late.B 6416_final_masked.jpg,Tomato___Late_blight
dataset\Tomato___Late_blight\d2564630-8c1a-484b-a4e1-8c98905750d0___RS_Late.B 5014_final_masked.jpg,Tomato___Late_blight
dataset\Tomato___healthy\0cfee8b1-5de4-4118-9e25-f9c37bb6f17e___GH_HL Leaf 252_final_masked.jpg,Tomato___healthy
dataset\Tomato___Late_blight\76b25fb0-e2fa-47ef-9b70-19efa3d65a9a___GHLB Leaf 1.4 Day 12_final_masked.jpg,Tomato___Late_blight
dataset\Tomato___Bacterial_spot\10f0b483-25a2-4c13-9054-754e9fe08d18___GCREC_Bact.Sp 3812_final_masked.jpg,Tomato___Bacterial_spot
dataset\Tomato___healthy\24336aa8-a0ad-404e-9669-3661d9920aec___GH_HL Leaf 435.1_final_masked.jpg,Tomato___healthy
dataset\Tomato___Late_blight\d61d71af-a2aa-442b-9dd4-37cf1f86e4c5___RS_Late.B 5609_final_masked.jpg,Tomato___Late_blight
dataset\Tomato___healthy\5576cac9-71e4-4ec3-96bd-9b5cfa94fef4___GH_HL Leaf 267_final_masked.jpg,Tomato___healthy
dataset\Tomato___Early_blight\5c8ced5b-fa5c-41d4-8ad9-a3c7c4891355___RS_Erly.B 6350_final_masked.jpg,Tomato___Early_blight
dataset\Tomato___Late_blight\25bb0739-cbd4-4e75-a6f4-67ca5cc7f986___GHLB2 Leaf 8789_final_masked.jpg,Tomato___Late_blight
dataset\Tomato___healthy\679fc520-5ef8-499f-9d88-a963325bee3f___RS_HL 0571_final_masked.jpg,Tomato___healthy
dataset\Tomato___Late_blight\8c428644-bfe0-4f8c-944a-a8de1f318602___GHLB2 Leaf 8705_final_masked.jpg,Tomato___Late_blight
dataset\Tomato___Bacterial_spot\777d71b0-d3ec-4eb1-a141-b3bf9df3e515___GCREC_Bact.Sp 3111_final_masked.jpg,Tomato___Bacterial_spot
dataset\Tomato___Early_blight\c2369b01-d04f-443c-b6ab-9e62e1480420___RS_Erly.B 8397_final_masked.jpg,Tomato___Early_blight
dataset\Tomato___Early_blight\f188144b-d52c-40c5-a06f-07d5796f9ab0___RS_Erly.B 9553_final_masked.jpg,Tomato___Early_blight
dataset\Tomato___Early_blight\de96e7a2-6de3-4699-9680-9eb4d4e215c8___RS_Erly.B 9445_final_masked.jpg,Tomato___Early_blight
dataset\Tomato___Bacterial_spot\dcc6402f-a868-4766-9e4b-8578b0705f82___GCREC_Bact.Sp 3526_final_masked.jpg,Tomato___Bacterial_spot
dataset\Tomato___Early_blight\c9fa82b3-776c-4a44-8309-a6faf88898e3___RS_Erly.B 7498_final_masked.jpg,Tomato___Early_blight
dataset\Tomato___Early_blight\b6d8ce15-f786-4998-a67c-1390da696a07___RS_Erly.B 9521_final_masked.jpg,Tomato___Early_blight
dataset\Tomato___Late_blight\a6007dbc-3a2f-4c1e-9ec6-28d7d3a17f28___GHLB_PS Leaf 13 Day 8_final_masked.jpg,Tomato___Late_blight
dataset\Tomato___Early_blight\a8cade96-090a-4dcd-bc79-d13a4046370d___RS_Erly.B 7721_final_masked.jpg,Tomato___Early_blight
dataset\Tomato___Late_blight\0879b927-2226-455f-9eac-10f5e1f36fdd___RS_Late.B 5331_final_masked.jpg,Tomato___Late_blight
dataset\Tomato___Bacterial_spot\86186033-c2f7-4ac8-b22a-2a09682fe2b4___GCREC_Bact.Sp 6286_final_masked.jpg,Tomato___Bacterial_spot
dataset\Tomato___Bacterial_spot\e19aa48d-2c0f-41ac-b6e4-d648371236f3___GCREC_Bact.Sp 5545_final_masked.jpg,Tomato___Bacterial_spot
dataset\Tomato___healthy\e47d2178-aaf3-438b-bcce-2fcb6efd833b___RS_HL 9924_final_masked.jpg,Tomato___healthy
dataset\Tomato___Early_blight\b6bdfe3b-7cb9-48e1-86b2-4ccaf3770af1___RS_Erly.B 9477_final_masked.jpg,Tomato___Early_blight
dataset\Tomato___Bacterial_spot\4192f50c-fc75-4581-aac4-30470889bfcf___GCREC_Bact.Sp 3438_final_masked.jpg,Tomato___Bacterial_spot
dataset\Tomato___Late_blight\2830b7f1-f265-482b-b0bf-ed5b49d71c99___GHLB2 Leaf 8992_final_masked.jpg,Tomato___Late_blight
dataset\Tomato___Early_blight\7a5ff9e1-b55d-490c-ac89-8b5003e407d9___RS_Erly.B 8231_final_masked.jpg,Tomato___Early_blight
dataset\Tomato___Bacterial_spot\b8223dd9-c0f5-4e25-8057-1b0bbce7517f___GCREC_Bact.Sp 3402_final_masked.jpg,Tomato___Bacterial_spot
dataset\Tomato___healthy\8887e457-f477-426d-bcf7-a6e7d43d42c1___GH_HL Leaf 296_final_masked.jpg,Tomato___healthy
dataset\Tomato___Bacterial_spot\3fa087fa-ee1e-4c2a-92da-66230e00ea44___UF.GRC_BS_Lab Leaf 0706_final_masked.jpg,Tomato___Bacterial_spot
dataset\Tomato___Late_blight\50dd04a3-18a8-4a34-bbba-5e6f851742f5___RS_Late.B 6141_final_masked.jpg,Tomato___Late_blight
dataset\Tomato___Late_blight\8275c408-1ce2-4b4b-a6de-b7a0b373ad05___GHLB2 Leaf 8741_final_masked.jpg,Tomato___Late_blight
dataset\Tomato___Bacterial_spot\27a806fe-06f2-48fb-92cf-32d44d545606___GCREC_Bact.Sp 3052_final_masked.jpg,Tomato___Bacterial_spot
dataset\Tomato___Bacterial_spot\931d9484-8912-49c3-bc82-d849927c9a16___GCREC_Bact.Sp 3694_final_masked.jpg,Tomato___Bacterial_spot
dataset\Tomato___Early_blight\0c221e01-a85e-4794-b45b-3a91e349a8d2___RS_Erly.B 6425_final_masked.jpg,Tomato___Early_blight
dataset\Tomato___Late_blight\928b2917-6b5b-4752-859f-61d6ca57f976___GHLB2 Leaf 9070_final_masked.jpg,Tomato___Late_blight
dataset\Tomato___Bacterial_spot\6bbdcbc3-2969-4eec-b375-97bd4272fc89___GCREC_Bact.Sp 3669_final_masked.jpg,Tomato___Bacterial_spot
dataset\Tomato___Late_blight\77e0bc13-fdcb-4fff-a3e9-17b5d88224a4___GHLB2 Leaf 59_final_masked.jpg,Tomato___Late_blight
